id_artista;nombre_artista;titulo_cancion;titulo_album;tipo;año_lanzamiento;genero;id_genero;listeners;playcount;biografia;artistas_similares
290;Madonna;Like a Prayer;Like a Prayer;album;2005;Pop;132;5707724;371493131;"Madonna Louise Veronica Ciccone (Bay City, Míchigan, Estados Unidos; 16 de agosto de 1958) es una cantante, compositora y productora estadounidense de música disco, pop, rock, dance y electrónica principalmente. Conocida como la ""Reina del Pop"", Madonna es considerada un icono cultural global, y su impacto es comparado al de The Beatles o Elvis Presley. Es la artista femenina más exitosa de todos los tiempos, según el Libro de Records Guinness. <a href=""https://www.last.fm/music/Madonna"">Read more on Last.fm</a>";Kylie Minogue, Janet Jackson, Britney Spears, Dannii Minogue, Robyn
290;Madonna;La Isla Bonita;True Blue;album;1986;Pop;132;5707724;371493131;"Madonna Louise Veronica Ciccone (Bay City, Míchigan, Estados Unidos; 16 de agosto de 1958) es una cantante, compositora y productora estadounidense de música disco, pop, rock, dance y electrónica principalmente. Conocida como la ""Reina del Pop"", Madonna es considerada un icono cultural global, y su impacto es comparado al de The Beatles o Elvis Presley. Es la artista femenina más exitosa de todos los tiempos, según el Libro de Records Guinness. <a href=""https://www.last.fm/music/Madonna"">Read more on Last.fm</a>";Kylie Minogue, Janet Jackson, Britney Spears, Dannii Minogue, Robyn
290;Madonna;Hung Up;Confessions on a Dance Floor;album;2005;Pop;132;5707724;371493131;"Madonna Louise Veronica Ciccone (Bay City, Míchigan, Estados Unidos; 16 de agosto de 1958) es una cantante, compositora y productora estadounidense de música disco, pop, rock, dance y electrónica principalmente. Conocida como la ""Reina del Pop"", Madonna es considerada un icono cultural global, y su impacto es comparado al de The Beatles o Elvis Presley. Es la artista femenina más exitosa de todos los tiempos, según el Libro de Records Guinness. <a href=""https://www.last.fm/music/Madonna"">Read more on Last.fm</a>";Kylie Minogue, Janet Jackson, Britney Spears, Dannii Minogue, Robyn
290;Madonna;Bring Your Love;Bring Your Love;colaboracion;2026;Dance;113;5707724;371493131;"Madonna Louise Veronica Ciccone (Bay City, Míchigan, Estados Unidos; 16 de agosto de 1958) es una cantante, compositora y productora estadounidense de música disco, pop, rock, dance y electrónica principalmente. Conocida como la ""Reina del Pop"", Madonna es considerada un icono cultural global, y su impacto es comparado al de The Beatles o Elvis Presley. Es la artista femenina más exitosa de todos los tiempos, según el Libro de Records Guinness. <a href=""https://www.last.fm/music/Madonna"">Read more on Last.fm</a>";Kylie Minogue, Janet Jackson, Britney Spears, Dannii Minogue, Robyn
290;Madonna;I Feel So Free;I Feel So Free;single;2026;Dance;113;5707724;371493131;"Madonna Louise Veronica Ciccone (Bay City, Míchigan, Estados Unidos; 16 de agosto de 1958) es una cantante, compositora y productora estadounidense de música disco, pop, rock, dance y electrónica principalmente. Conocida como la ""Reina del Pop"", Madonna es considerada un icono cultural global, y su impacto es comparado al de The Beatles o Elvis Presley. Es la artista femenina más exitosa de todos los tiempos, según el Libro de Records Guinness. <a href=""https://www.last.fm/music/Madonna"">Read more on Last.fm</a>";Kylie Minogue, Janet Jackson, Britney Spears, Dannii Minogue, Robyn
290;Madonna;Vogue;The Immaculate Collection;album;1990;Pop;132;5707724;371493131;"Madonna Louise Veronica Ciccone (Bay City, Míchigan, Estados Unidos; 16 de agosto de 1958) es una cantante, compositora y productora estadounidense de música disco, pop, rock, dance y electrónica principalmente. Conocida como la ""Reina del Pop"", Madonna es considerada un icono cultural global, y su impacto es comparado al de The Beatles o Elvis Presley. Es la artista femenina más exitosa de todos los tiempos, según el Libro de Records Guinness. <a href=""https://www.last.fm/music/Madonna"">Read more on Last.fm</a>";Kylie Minogue, Janet Jackson, Britney Spears, Dannii Minogue, Robyn
290;Madonna;4 Minutes (feat. Justin Timberlake and Timbaland);Hard Candy (Deluxe Digital);album;2008;Pop;132;5707724;371493131;"Madonna Louise Veronica Ciccone (Bay City, Míchigan, Estados Unidos; 16 de agosto de 1958) es una cantante, compositora y productora estadounidense de música disco, pop, rock, dance y electrónica principalmente. Conocida como la ""Reina del Pop"", Madonna es considerada un icono cultural global, y su impacto es comparado al de The Beatles o Elvis Presley. Es la artista femenina más exitosa de todos los tiempos, según el Libro de Records Guinness. <a href=""https://www.last.fm/music/Madonna"">Read more on Last.fm</a>";Kylie Minogue, Janet Jackson, Britney Spears, Dannii Minogue, Robyn
290;Madonna;I Feel So Free (Peggy Gou Energy Mix);I Feel So Free (Peggy Gou Energy Mix);colaboracion;2026;Dance;113;5707724;371493131;"Madonna Louise Veronica Ciccone (Bay City, Míchigan, Estados Unidos; 16 de agosto de 1958) es una cantante, compositora y productora estadounidense de música disco, pop, rock, dance y electrónica principalmente. Conocida como la ""Reina del Pop"", Madonna es considerada un icono cultural global, y su impacto es comparado al de The Beatles o Elvis Presley. Es la artista femenina más exitosa de todos los tiempos, según el Libro de Records Guinness. <a href=""https://www.last.fm/music/Madonna"">Read more on Last.fm</a>";Kylie Minogue, Janet Jackson, Britney Spears, Dannii Minogue, Robyn
290;Madonna;Like a Prayer (Battle Royale Mix from “Deadpool & Wolverine”);"Deadpool & Wolverine: Madonna's ""Like a Prayer"" EP";colaboracion;2024;Pop;132;5707724;371493131;"Madonna Louise Veronica Ciccone (Bay City, Míchigan, Estados Unidos; 16 de agosto de 1958) es una cantante, compositora y productora estadounidense de música disco, pop, rock, dance y electrónica principalmente. Conocida como la ""Reina del Pop"", Madonna es considerada un icono cultural global, y su impacto es comparado al de The Beatles o Elvis Presley. Es la artista femenina más exitosa de todos los tiempos, según el Libro de Records Guinness. <a href=""https://www.last.fm/music/Madonna"">Read more on Last.fm</a>";Kylie Minogue, Janet Jackson, Britney Spears, Dannii Minogue, Robyn
290;Madonna;Material Girl;Like a Virgin;album;2005;Pop;132;5707724;371493131;"Madonna Louise Veronica Ciccone (Bay City, Míchigan, Estados Unidos; 16 de agosto de 1958) es una cantante, compositora y productora estadounidense de música disco, pop, rock, dance y electrónica principalmente. Conocida como la ""Reina del Pop"", Madonna es considerada un icono cultural global, y su impacto es comparado al de The Beatles o Elvis Presley. Es la artista femenina más exitosa de todos los tiempos, según el Libro de Records Guinness. <a href=""https://www.last.fm/music/Madonna"">Read more on Last.fm</a>";Kylie Minogue, Janet Jackson, Britney Spears, Dannii Minogue, Robyn
290;Madonna;Sorry;Confessions on a Dance Floor;album;2005;Pop;132;5707724;371493131;"Madonna Louise Veronica Ciccone (Bay City, Míchigan, Estados Unidos; 16 de agosto de 1958) es una cantante, compositora y productora estadounidense de música disco, pop, rock, dance y electrónica principalmente. Conocida como la ""Reina del Pop"", Madonna es considerada un icono cultural global, y su impacto es comparado al de The Beatles o Elvis Presley. Es la artista femenina más exitosa de todos los tiempos, según el Libro de Records Guinness. <a href=""https://www.last.fm/music/Madonna"">Read more on Last.fm</a>";Kylie Minogue, Janet Jackson, Britney Spears, Dannii Minogue, Robyn
290;Madonna;Get Together;Confessions on a Dance Floor;album;2005;Pop;132;5707724;371493131;"Madonna Louise Veronica Ciccone (Bay City, Míchigan, Estados Unidos; 16 de agosto de 1958) es una cantante, compositora y productora estadounidense de música disco, pop, rock, dance y electrónica principalmente. Conocida como la ""Reina del Pop"", Madonna es considerada un icono cultural global, y su impacto es comparado al de The Beatles o Elvis Presley. Es la artista femenina más exitosa de todos los tiempos, según el Libro de Records Guinness. <a href=""https://www.last.fm/music/Madonna"">Read more on Last.fm</a>";Kylie Minogue, Janet Jackson, Britney Spears, Dannii Minogue, Robyn
290;Madonna;Like a Virgin;Like a Virgin;album;2005;Pop;132;5707724;371493131;"Madonna Louise Veronica Ciccone (Bay City, Míchigan, Estados Unidos; 16 de agosto de 1958) es una cantante, compositora y productora estadounidense de música disco, pop, rock, dance y electrónica principalmente. Conocida como la ""Reina del Pop"", Madonna es considerada un icono cultural global, y su impacto es comparado al de The Beatles o Elvis Presley. Es la artista femenina más exitosa de todos los tiempos, según el Libro de Records Guinness. <a href=""https://www.last.fm/music/Madonna"">Read more on Last.fm</a>";Kylie Minogue, Janet Jackson, Britney Spears, Dannii Minogue, Robyn
290;Madonna;Love Profusion;American Life;album;2003;Pop;132;5707724;371493131;"Madonna Louise Veronica Ciccone (Bay City, Míchigan, Estados Unidos; 16 de agosto de 1958) es una cantante, compositora y productora estadounidense de música disco, pop, rock, dance y electrónica principalmente. Conocida como la ""Reina del Pop"", Madonna es considerada un icono cultural global, y su impacto es comparado al de The Beatles o Elvis Presley. Es la artista femenina más exitosa de todos los tiempos, según el Libro de Records Guinness. <a href=""https://www.last.fm/music/Madonna"">Read more on Last.fm</a>";Kylie Minogue, Janet Jackson, Britney Spears, Dannii Minogue, Robyn
290;Madonna;Jump;Confessions on a Dance Floor;album;2005;Pop;132;5707724;371493131;"Madonna Louise Veronica Ciccone (Bay City, Míchigan, Estados Unidos; 16 de agosto de 1958) es una cantante, compositora y productora estadounidense de música disco, pop, rock, dance y electrónica principalmente. Conocida como la ""Reina del Pop"", Madonna es considerada un icono cultural global, y su impacto es comparado al de The Beatles o Elvis Presley. Es la artista femenina más exitosa de todos los tiempos, según el Libro de Records Guinness. <a href=""https://www.last.fm/music/Madonna"">Read more on Last.fm</a>";Kylie Minogue, Janet Jackson, Britney Spears, Dannii Minogue, Robyn
290;Madonna;Forbidden Love;Confessions on a Dance Floor;album;2005;Pop;132;5707724;371493131;"Madonna Louise Veronica Ciccone (Bay City, Míchigan, Estados Unidos; 16 de agosto de 1958) es una cantante, compositora y productora estadounidense de música disco, pop, rock, dance y electrónica principalmente. Conocida como la ""Reina del Pop"", Madonna es considerada un icono cultural global, y su impacto es comparado al de The Beatles o Elvis Presley. Es la artista femenina más exitosa de todos los tiempos, según el Libro de Records Guinness. <a href=""https://www.last.fm/music/Madonna"">Read more on Last.fm</a>";Kylie Minogue, Janet Jackson, Britney Spears, Dannii Minogue, Robyn
290;Madonna;I Love New York;Confessions on a Dance Floor;album;2005;Pop;132;5707724;371493131;"Madonna Louise Veronica Ciccone (Bay City, Míchigan, Estados Unidos; 16 de agosto de 1958) es una cantante, compositora y productora estadounidense de música disco, pop, rock, dance y electrónica principalmente. Conocida como la ""Reina del Pop"", Madonna es considerada un icono cultural global, y su impacto es comparado al de The Beatles o Elvis Presley. Es la artista femenina más exitosa de todos los tiempos, según el Libro de Records Guinness. <a href=""https://www.last.fm/music/Madonna"">Read more on Last.fm</a>";Kylie Minogue, Janet Jackson, Britney Spears, Dannii Minogue, Robyn
290;Madonna;Future Lovers;Confessions on a Dance Floor;album;2005;Pop;132;5707724;371493131;"Madonna Louise Veronica Ciccone (Bay City, Míchigan, Estados Unidos; 16 de agosto de 1958) es una cantante, compositora y productora estadounidense de música disco, pop, rock, dance y electrónica principalmente. Conocida como la ""Reina del Pop"", Madonna es considerada un icono cultural global, y su impacto es comparado al de The Beatles o Elvis Presley. Es la artista femenina más exitosa de todos los tiempos, según el Libro de Records Guinness. <a href=""https://www.last.fm/music/Madonna"">Read more on Last.fm</a>";Kylie Minogue, Janet Jackson, Britney Spears, Dannii Minogue, Robyn
290;Madonna;Live to Tell;True Blue;album;1986;Pop;132;5707724;371493131;"Madonna Louise Veronica Ciccone (Bay City, Míchigan, Estados Unidos; 16 de agosto de 1958) es una cantante, compositora y productora estadounidense de música disco, pop, rock, dance y electrónica principalmente. Conocida como la ""Reina del Pop"", Madonna es considerada un icono cultural global, y su impacto es comparado al de The Beatles o Elvis Presley. Es la artista femenina más exitosa de todos los tiempos, según el Libro de Records Guinness. <a href=""https://www.last.fm/music/Madonna"">Read more on Last.fm</a>";Kylie Minogue, Janet Jackson, Britney Spears, Dannii Minogue, Robyn
290;Madonna;Frozen;Ray of Light;album;1998;Pop;132;5707724;371493131;"Madonna Louise Veronica Ciccone (Bay City, Míchigan, Estados Unidos; 16 de agosto de 1958) es una cantante, compositora y productora estadounidense de música disco, pop, rock, dance y electrónica principalmente. Conocida como la ""Reina del Pop"", Madonna es considerada un icono cultural global, y su impacto es comparado al de The Beatles o Elvis Presley. Es la artista femenina más exitosa de todos los tiempos, según el Libro de Records Guinness. <a href=""https://www.last.fm/music/Madonna"">Read more on Last.fm</a>";Kylie Minogue, Janet Jackson, Britney Spears, Dannii Minogue, Robyn
290;Madonna;Like It or Not;Confessions on a Dance Floor;album;2005;Pop;132;5707724;371493131;"Madonna Louise Veronica Ciccone (Bay City, Míchigan, Estados Unidos; 16 de agosto de 1958) es una cantante, compositora y productora estadounidense de música disco, pop, rock, dance y electrónica principalmente. Conocida como la ""Reina del Pop"", Madonna es considerada un icono cultural global, y su impacto es comparado al de The Beatles o Elvis Presley. Es la artista femenina más exitosa de todos los tiempos, según el Libro de Records Guinness. <a href=""https://www.last.fm/music/Madonna"">Read more on Last.fm</a>";Kylie Minogue, Janet Jackson, Britney Spears, Dannii Minogue, Robyn
290;Madonna;Material Girl;The Immaculate Collection;album;1990;Pop;132;5707724;371493131;"Madonna Louise Veronica Ciccone (Bay City, Míchigan, Estados Unidos; 16 de agosto de 1958) es una cantante, compositora y productora estadounidense de música disco, pop, rock, dance y electrónica principalmente. Conocida como la ""Reina del Pop"", Madonna es considerada un icono cultural global, y su impacto es comparado al de The Beatles o Elvis Presley. Es la artista femenina más exitosa de todos los tiempos, según el Libro de Records Guinness. <a href=""https://www.last.fm/music/Madonna"">Read more on Last.fm</a>";Kylie Minogue, Janet Jackson, Britney Spears, Dannii Minogue, Robyn
290;Madonna;Isaac;Confessions on a Dance Floor;album;2005;Pop;132;5707724;371493131;"Madonna Louise Veronica Ciccone (Bay City, Míchigan, Estados Unidos; 16 de agosto de 1958) es una cantante, compositora y productora estadounidense de música disco, pop, rock, dance y electrónica principalmente. Conocida como la ""Reina del Pop"", Madonna es considerada un icono cultural global, y su impacto es comparado al de The Beatles o Elvis Presley. Es la artista femenina más exitosa de todos los tiempos, según el Libro de Records Guinness. <a href=""https://www.last.fm/music/Madonna"">Read more on Last.fm</a>";Kylie Minogue, Janet Jackson, Britney Spears, Dannii Minogue, Robyn
290;Madonna;Push;Confessions on a Dance Floor;album;2005;Pop;132;5707724;371493131;"Madonna Louise Veronica Ciccone (Bay City, Míchigan, Estados Unidos; 16 de agosto de 1958) es una cantante, compositora y productora estadounidense de música disco, pop, rock, dance y electrónica principalmente. Conocida como la ""Reina del Pop"", Madonna es considerada un icono cultural global, y su impacto es comparado al de The Beatles o Elvis Presley. Es la artista femenina más exitosa de todos los tiempos, según el Libro de Records Guinness. <a href=""https://www.last.fm/music/Madonna"">Read more on Last.fm</a>";Kylie Minogue, Janet Jackson, Britney Spears, Dannii Minogue, Robyn
290;Madonna;Ray of Light;Ray of Light;album;1998;Pop;132;5707724;371493131;"Madonna Louise Veronica Ciccone (Bay City, Míchigan, Estados Unidos; 16 de agosto de 1958) es una cantante, compositora y productora estadounidense de música disco, pop, rock, dance y electrónica principalmente. Conocida como la ""Reina del Pop"", Madonna es considerada un icono cultural global, y su impacto es comparado al de The Beatles o Elvis Presley. Es la artista femenina más exitosa de todos los tiempos, según el Libro de Records Guinness. <a href=""https://www.last.fm/music/Madonna"">Read more on Last.fm</a>";Kylie Minogue, Janet Jackson, Britney Spears, Dannii Minogue, Robyn
290;Madonna;How High;Confessions on a Dance Floor;album;2005;Pop;132;5707724;371493131;"Madonna Louise Veronica Ciccone (Bay City, Míchigan, Estados Unidos; 16 de agosto de 1958) es una cantante, compositora y productora estadounidense de música disco, pop, rock, dance y electrónica principalmente. Conocida como la ""Reina del Pop"", Madonna es considerada un icono cultural global, y su impacto es comparado al de The Beatles o Elvis Presley. Es la artista femenina más exitosa de todos los tiempos, según el Libro de Records Guinness. <a href=""https://www.last.fm/music/Madonna"">Read more on Last.fm</a>";Kylie Minogue, Janet Jackson, Britney Spears, Dannii Minogue, Robyn
290;Madonna;Let It Will Be;Confessions on a Dance Floor;album;2005;Pop;132;5707724;371493131;"Madonna Louise Veronica Ciccone (Bay City, Míchigan, Estados Unidos; 16 de agosto de 1958) es una cantante, compositora y productora estadounidense de música disco, pop, rock, dance y electrónica principalmente. Conocida como la ""Reina del Pop"", Madonna es considerada un icono cultural global, y su impacto es comparado al de The Beatles o Elvis Presley. Es la artista femenina más exitosa de todos los tiempos, según el Libro de Records Guinness. <a href=""https://www.last.fm/music/Madonna"">Read more on Last.fm</a>";Kylie Minogue, Janet Jackson, Britney Spears, Dannii Minogue, Robyn
290;Madonna;Into the Groove;Celebration (Deluxe Version);album;2009;Pop;132;5707724;371493131;"Madonna Louise Veronica Ciccone (Bay City, Míchigan, Estados Unidos; 16 de agosto de 1958) es una cantante, compositora y productora estadounidense de música disco, pop, rock, dance y electrónica principalmente. Conocida como la ""Reina del Pop"", Madonna es considerada un icono cultural global, y su impacto es comparado al de The Beatles o Elvis Presley. Es la artista femenina más exitosa de todos los tiempos, según el Libro de Records Guinness. <a href=""https://www.last.fm/music/Madonna"">Read more on Last.fm</a>";Kylie Minogue, Janet Jackson, Britney Spears, Dannii Minogue, Robyn
290;Madonna;Who's That Girl;Who's That Girl Soundtrack;album;1987;Pop;132;5707724;371493131;"Madonna Louise Veronica Ciccone (Bay City, Míchigan, Estados Unidos; 16 de agosto de 1958) es una cantante, compositora y productora estadounidense de música disco, pop, rock, dance y electrónica principalmente. Conocida como la ""Reina del Pop"", Madonna es considerada un icono cultural global, y su impacto es comparado al de The Beatles o Elvis Presley. Es la artista femenina más exitosa de todos los tiempos, según el Libro de Records Guinness. <a href=""https://www.last.fm/music/Madonna"">Read more on Last.fm</a>";Kylie Minogue, Janet Jackson, Britney Spears, Dannii Minogue, Robyn
290;Madonna;Holiday;The Immaculate Collection;album;1990;Pop;132;5707724;371493131;"Madonna Louise Veronica Ciccone (Bay City, Míchigan, Estados Unidos; 16 de agosto de 1958) es una cantante, compositora y productora estadounidense de música disco, pop, rock, dance y electrónica principalmente. Conocida como la ""Reina del Pop"", Madonna es considerada un icono cultural global, y su impacto es comparado al de The Beatles o Elvis Presley. Es la artista femenina más exitosa de todos los tiempos, según el Libro de Records Guinness. <a href=""https://www.last.fm/music/Madonna"">Read more on Last.fm</a>";Kylie Minogue, Janet Jackson, Britney Spears, Dannii Minogue, Robyn
290;Madonna;Like a Virgin;Celebration (Deluxe Version);album;2009;Pop;132;5707724;371493131;"Madonna Louise Veronica Ciccone (Bay City, Míchigan, Estados Unidos; 16 de agosto de 1958) es una cantante, compositora y productora estadounidense de música disco, pop, rock, dance y electrónica principalmente. Conocida como la ""Reina del Pop"", Madonna es considerada un icono cultural global, y su impacto es comparado al de The Beatles o Elvis Presley. Es la artista femenina más exitosa de todos los tiempos, según el Libro de Records Guinness. <a href=""https://www.last.fm/music/Madonna"">Read more on Last.fm</a>";Kylie Minogue, Janet Jackson, Britney Spears, Dannii Minogue, Robyn
290;Madonna;Papa Don't Preach;True Blue;album;1986;Pop;132;5707724;371493131;"Madonna Louise Veronica Ciccone (Bay City, Míchigan, Estados Unidos; 16 de agosto de 1958) es una cantante, compositora y productora estadounidense de música disco, pop, rock, dance y electrónica principalmente. Conocida como la ""Reina del Pop"", Madonna es considerada un icono cultural global, y su impacto es comparado al de The Beatles o Elvis Presley. Es la artista femenina más exitosa de todos los tiempos, según el Libro de Records Guinness. <a href=""https://www.last.fm/music/Madonna"">Read more on Last.fm</a>";Kylie Minogue, Janet Jackson, Britney Spears, Dannii Minogue, Robyn
290;Madonna;Don't Tell Me;Music;album;2000;Pop;132;5707724;371493131;"Madonna Louise Veronica Ciccone (Bay City, Míchigan, Estados Unidos; 16 de agosto de 1958) es una cantante, compositora y productora estadounidense de música disco, pop, rock, dance y electrónica principalmente. Conocida como la ""Reina del Pop"", Madonna es considerada un icono cultural global, y su impacto es comparado al de The Beatles o Elvis Presley. Es la artista femenina más exitosa de todos los tiempos, según el Libro de Records Guinness. <a href=""https://www.last.fm/music/Madonna"">Read more on Last.fm</a>";Kylie Minogue, Janet Jackson, Britney Spears, Dannii Minogue, Robyn
290;Madonna;Angel;Like a Virgin;album;2005;Pop;132;5707724;371493131;"Madonna Louise Veronica Ciccone (Bay City, Míchigan, Estados Unidos; 16 de agosto de 1958) es una cantante, compositora y productora estadounidense de música disco, pop, rock, dance y electrónica principalmente. Conocida como la ""Reina del Pop"", Madonna es considerada un icono cultural global, y su impacto es comparado al de The Beatles o Elvis Presley. Es la artista femenina más exitosa de todos los tiempos, según el Libro de Records Guinness. <a href=""https://www.last.fm/music/Madonna"">Read more on Last.fm</a>";Kylie Minogue, Janet Jackson, Britney Spears, Dannii Minogue, Robyn
290;Madonna;Drowned World / Substitute for Love;Ray of Light;album;1998;Pop;132;5707724;371493131;"Madonna Louise Veronica Ciccone (Bay City, Míchigan, Estados Unidos; 16 de agosto de 1958) es una cantante, compositora y productora estadounidense de música disco, pop, rock, dance y electrónica principalmente. Conocida como la ""Reina del Pop"", Madonna es considerada un icono cultural global, y su impacto es comparado al de The Beatles o Elvis Presley. Es la artista femenina más exitosa de todos los tiempos, según el Libro de Records Guinness. <a href=""https://www.last.fm/music/Madonna"">Read more on Last.fm</a>";Kylie Minogue, Janet Jackson, Britney Spears, Dannii Minogue, Robyn
290;Madonna;True Blue;True Blue;album;1986;Pop;132;5707724;371493131;"Madonna Louise Veronica Ciccone (Bay City, Míchigan, Estados Unidos; 16 de agosto de 1958) es una cantante, compositora y productora estadounidense de música disco, pop, rock, dance y electrónica principalmente. Conocida como la ""Reina del Pop"", Madonna es considerada un icono cultural global, y su impacto es comparado al de The Beatles o Elvis Presley. Es la artista femenina más exitosa de todos los tiempos, según el Libro de Records Guinness. <a href=""https://www.last.fm/music/Madonna"">Read more on Last.fm</a>";Kylie Minogue, Janet Jackson, Britney Spears, Dannii Minogue, Robyn
290;Madonna;Express Yourself;Celebration (Deluxe Version);album;2009;Pop;132;5707724;371493131;"Madonna Louise Veronica Ciccone (Bay City, Míchigan, Estados Unidos; 16 de agosto de 1958) es una cantante, compositora y productora estadounidense de música disco, pop, rock, dance y electrónica principalmente. Conocida como la ""Reina del Pop"", Madonna es considerada un icono cultural global, y su impacto es comparado al de The Beatles o Elvis Presley. Es la artista femenina más exitosa de todos los tiempos, según el Libro de Records Guinness. <a href=""https://www.last.fm/music/Madonna"">Read more on Last.fm</a>";Kylie Minogue, Janet Jackson, Britney Spears, Dannii Minogue, Robyn
290;Madonna;American Pie;Music;album;2000;Pop;132;5707724;371493131;"Madonna Louise Veronica Ciccone (Bay City, Míchigan, Estados Unidos; 16 de agosto de 1958) es una cantante, compositora y productora estadounidense de música disco, pop, rock, dance y electrónica principalmente. Conocida como la ""Reina del Pop"", Madonna es considerada un icono cultural global, y su impacto es comparado al de The Beatles o Elvis Presley. Es la artista femenina más exitosa de todos los tiempos, según el Libro de Records Guinness. <a href=""https://www.last.fm/music/Madonna"">Read more on Last.fm</a>";Kylie Minogue, Janet Jackson, Britney Spears, Dannii Minogue, Robyn
290;Madonna;Isaac;Confessions On A Dance Floor (Twenty Years Edition);album;2025;Pop;132;5707724;371493131;"Madonna Louise Veronica Ciccone (Bay City, Míchigan, Estados Unidos; 16 de agosto de 1958) es una cantante, compositora y productora estadounidense de música disco, pop, rock, dance y electrónica principalmente. Conocida como la ""Reina del Pop"", Madonna es considerada un icono cultural global, y su impacto es comparado al de The Beatles o Elvis Presley. Es la artista femenina más exitosa de todos los tiempos, según el Libro de Records Guinness. <a href=""https://www.last.fm/music/Madonna"">Read more on Last.fm</a>";Kylie Minogue, Janet Jackson, Britney Spears, Dannii Minogue, Robyn
290;Madonna;Holiday;Celebration (Deluxe Version);album;2009;Pop;132;5707724;371493131;"Madonna Louise Veronica Ciccone (Bay City, Míchigan, Estados Unidos; 16 de agosto de 1958) es una cantante, compositora y productora estadounidense de música disco, pop, rock, dance y electrónica principalmente. Conocida como la ""Reina del Pop"", Madonna es considerada un icono cultural global, y su impacto es comparado al de The Beatles o Elvis Presley. Es la artista femenina más exitosa de todos los tiempos, según el Libro de Records Guinness. <a href=""https://www.last.fm/music/Madonna"">Read more on Last.fm</a>";Kylie Minogue, Janet Jackson, Britney Spears, Dannii Minogue, Robyn
290;Madonna;Like a Prayer;Celebration (Deluxe Version);album;2009;Pop;132;5707724;371493131;"Madonna Louise Veronica Ciccone (Bay City, Míchigan, Estados Unidos; 16 de agosto de 1958) es una cantante, compositora y productora estadounidense de música disco, pop, rock, dance y electrónica principalmente. Conocida como la ""Reina del Pop"", Madonna es considerada un icono cultural global, y su impacto es comparado al de The Beatles o Elvis Presley. Es la artista femenina más exitosa de todos los tiempos, según el Libro de Records Guinness. <a href=""https://www.last.fm/music/Madonna"">Read more on Last.fm</a>";Kylie Minogue, Janet Jackson, Britney Spears, Dannii Minogue, Robyn
290;Madonna;Vogue (Edit);I'm Breathless;album;2005;Pop;132;5707724;371493131;"Madonna Louise Veronica Ciccone (Bay City, Míchigan, Estados Unidos; 16 de agosto de 1958) es una cantante, compositora y productora estadounidense de música disco, pop, rock, dance y electrónica principalmente. Conocida como la ""Reina del Pop"", Madonna es considerada un icono cultural global, y su impacto es comparado al de The Beatles o Elvis Presley. Es la artista femenina más exitosa de todos los tiempos, según el Libro de Records Guinness. <a href=""https://www.last.fm/music/Madonna"">Read more on Last.fm</a>";Kylie Minogue, Janet Jackson, Britney Spears, Dannii Minogue, Robyn
290;Madonna;Open Your Heart;True Blue;album;1986;Pop;132;5707724;371493131;"Madonna Louise Veronica Ciccone (Bay City, Míchigan, Estados Unidos; 16 de agosto de 1958) es una cantante, compositora y productora estadounidense de música disco, pop, rock, dance y electrónica principalmente. Conocida como la ""Reina del Pop"", Madonna es considerada un icono cultural global, y su impacto es comparado al de The Beatles o Elvis Presley. Es la artista femenina más exitosa de todos los tiempos, según el Libro de Records Guinness. <a href=""https://www.last.fm/music/Madonna"">Read more on Last.fm</a>";Kylie Minogue, Janet Jackson, Britney Spears, Dannii Minogue, Robyn
290;Madonna;Celebration;Celebration (Deluxe Version);album;2009;Pop;132;5707724;371493131;"Madonna Louise Veronica Ciccone (Bay City, Míchigan, Estados Unidos; 16 de agosto de 1958) es una cantante, compositora y productora estadounidense de música disco, pop, rock, dance y electrónica principalmente. Conocida como la ""Reina del Pop"", Madonna es considerada un icono cultural global, y su impacto es comparado al de The Beatles o Elvis Presley. Es la artista femenina más exitosa de todos los tiempos, según el Libro de Records Guinness. <a href=""https://www.last.fm/music/Madonna"">Read more on Last.fm</a>";Kylie Minogue, Janet Jackson, Britney Spears, Dannii Minogue, Robyn
174;Whitney Houston;Greatest Love of All (Live from That's What Friends Are For: Arista Records 15th Anniversary Concert);Whitney Houston Live: Her Greatest Performances;album;2014;R&B;165;3263420;63618920;"Whitney Elizabeth Houston (Newark, 9 de agosto de 1963 – Los Ángeles, 11 de febrero de 2012)

Fue una cantante de R&B, pop y gospel estadounidense, además de actriz, en la ciudad de Newark (NJ), Nueva Jersey. Fue una de las más populares y famosas cantantes de las décadas de 1980 y 1990, recibiendo seis premios Grammy, varios American Music Awards, Billboard Music Awards, dos Emmys, un MTV Video Music Award y un MTV Movie Award. Ha vendido, aproximadamente 130 millones de discos y más de 50 millones de sencillos. <a href=""https://www.last.fm/music/Whitney+Houston"">Read more on Last.fm</a>";Toni Braxton, Mariah Carey, Céline Dion, Janet Jackson, Jennifer Hudson
174;Whitney Houston;I Wanna Dance with Somebody (Live from That's What Friends Are For: Arista Records 15th Anniversary Concert);Whitney Houston Live: Her Greatest Performances;album;2014;R&B;165;3263420;63618920;"Whitney Elizabeth Houston (Newark, 9 de agosto de 1963 – Los Ángeles, 11 de febrero de 2012)

Fue una cantante de R&B, pop y gospel estadounidense, además de actriz, en la ciudad de Newark (NJ), Nueva Jersey. Fue una de las más populares y famosas cantantes de las décadas de 1980 y 1990, recibiendo seis premios Grammy, varios American Music Awards, Billboard Music Awards, dos Emmys, un MTV Video Music Award y un MTV Movie Award. Ha vendido, aproximadamente 130 millones de discos y más de 50 millones de sencillos. <a href=""https://www.last.fm/music/Whitney+Houston"">Read more on Last.fm</a>";Toni Braxton, Mariah Carey, Céline Dion, Janet Jackson, Jennifer Hudson
174;Whitney Houston;I Will Always Love You;The Bodyguard - Original Soundtrack Album;album;1992;Películas/Juegos;173;3263420;63618920;"Whitney Elizabeth Houston (Newark, 9 de agosto de 1963 – Los Ángeles, 11 de febrero de 2012)

Fue una cantante de R&B, pop y gospel estadounidense, además de actriz, en la ciudad de Newark (NJ), Nueva Jersey. Fue una de las más populares y famosas cantantes de las décadas de 1980 y 1990, recibiendo seis premios Grammy, varios American Music Awards, Billboard Music Awards, dos Emmys, un MTV Video Music Award y un MTV Movie Award. Ha vendido, aproximadamente 130 millones de discos y más de 50 millones de sencillos. <a href=""https://www.last.fm/music/Whitney+Houston"">Read more on Last.fm</a>";Toni Braxton, Mariah Carey, Céline Dion, Janet Jackson, Jennifer Hudson
174;Whitney Houston;I Wanna Dance with Somebody (Who Loves Me);Whitney;album;1987;Pop;132;3263420;63618920;"Whitney Elizabeth Houston (Newark, 9 de agosto de 1963 – Los Ángeles, 11 de febrero de 2012)

Fue una cantante de R&B, pop y gospel estadounidense, además de actriz, en la ciudad de Newark (NJ), Nueva Jersey. Fue una de las más populares y famosas cantantes de las décadas de 1980 y 1990, recibiendo seis premios Grammy, varios American Music Awards, Billboard Music Awards, dos Emmys, un MTV Video Music Award y un MTV Movie Award. Ha vendido, aproximadamente 130 millones de discos y más de 50 millones de sencillos. <a href=""https://www.last.fm/music/Whitney+Houston"">Read more on Last.fm</a>";Toni Braxton, Mariah Carey, Céline Dion, Janet Jackson, Jennifer Hudson
174;Whitney Houston;I Have Nothing;The Bodyguard - Original Soundtrack Album;album;1992;Películas/Juegos;173;3263420;63618920;"Whitney Elizabeth Houston (Newark, 9 de agosto de 1963 – Los Ángeles, 11 de febrero de 2012)

Fue una cantante de R&B, pop y gospel estadounidense, además de actriz, en la ciudad de Newark (NJ), Nueva Jersey. Fue una de las más populares y famosas cantantes de las décadas de 1980 y 1990, recibiendo seis premios Grammy, varios American Music Awards, Billboard Music Awards, dos Emmys, un MTV Video Music Award y un MTV Movie Award. Ha vendido, aproximadamente 130 millones de discos y más de 50 millones de sencillos. <a href=""https://www.last.fm/music/Whitney+Houston"">Read more on Last.fm</a>";Toni Braxton, Mariah Carey, Céline Dion, Janet Jackson, Jennifer Hudson
174;Whitney Houston;Run to You;The Bodyguard - Original Soundtrack Album;album;1992;Películas/Juegos;173;3263420;63618920;"Whitney Elizabeth Houston (Newark, 9 de agosto de 1963 – Los Ángeles, 11 de febrero de 2012)

Fue una cantante de R&B, pop y gospel estadounidense, además de actriz, en la ciudad de Newark (NJ), Nueva Jersey. Fue una de las más populares y famosas cantantes de las décadas de 1980 y 1990, recibiendo seis premios Grammy, varios American Music Awards, Billboard Music Awards, dos Emmys, un MTV Video Music Award y un MTV Movie Award. Ha vendido, aproximadamente 130 millones de discos y más de 50 millones de sencillos. <a href=""https://www.last.fm/music/Whitney+Houston"">Read more on Last.fm</a>";Toni Braxton, Mariah Carey, Céline Dion, Janet Jackson, Jennifer Hudson
174;Whitney Houston;Saving All My Love for You;Whitney Houston;album;1985;Pop;132;3263420;63618920;"Whitney Elizabeth Houston (Newark, 9 de agosto de 1963 – Los Ángeles, 11 de febrero de 2012)

Fue una cantante de R&B, pop y gospel estadounidense, además de actriz, en la ciudad de Newark (NJ), Nueva Jersey. Fue una de las más populares y famosas cantantes de las décadas de 1980 y 1990, recibiendo seis premios Grammy, varios American Music Awards, Billboard Music Awards, dos Emmys, un MTV Video Music Award y un MTV Movie Award. Ha vendido, aproximadamente 130 millones de discos y más de 50 millones de sencillos. <a href=""https://www.last.fm/music/Whitney+Houston"">Read more on Last.fm</a>";Toni Braxton, Mariah Carey, Céline Dion, Janet Jackson, Jennifer Hudson
174;Whitney Houston;It's Not Right But It's Okay;My Love Is Your Love;album;1998;Pop;132;3263420;63618920;"Whitney Elizabeth Houston (Newark, 9 de agosto de 1963 – Los Ángeles, 11 de febrero de 2012)

Fue una cantante de R&B, pop y gospel estadounidense, además de actriz, en la ciudad de Newark (NJ), Nueva Jersey. Fue una de las más populares y famosas cantantes de las décadas de 1980 y 1990, recibiendo seis premios Grammy, varios American Music Awards, Billboard Music Awards, dos Emmys, un MTV Video Music Award y un MTV Movie Award. Ha vendido, aproximadamente 130 millones de discos y más de 50 millones de sencillos. <a href=""https://www.last.fm/music/Whitney+Houston"">Read more on Last.fm</a>";Toni Braxton, Mariah Carey, Céline Dion, Janet Jackson, Jennifer Hudson
174;Whitney Houston;My Love Is Your Love;My Love Is Your Love;album;1998;Pop;132;3263420;63618920;"Whitney Elizabeth Houston (Newark, 9 de agosto de 1963 – Los Ángeles, 11 de febrero de 2012)

Fue una cantante de R&B, pop y gospel estadounidense, además de actriz, en la ciudad de Newark (NJ), Nueva Jersey. Fue una de las más populares y famosas cantantes de las décadas de 1980 y 1990, recibiendo seis premios Grammy, varios American Music Awards, Billboard Music Awards, dos Emmys, un MTV Video Music Award y un MTV Movie Award. Ha vendido, aproximadamente 130 millones de discos y más de 50 millones de sencillos. <a href=""https://www.last.fm/music/Whitney+Houston"">Read more on Last.fm</a>";Toni Braxton, Mariah Carey, Céline Dion, Janet Jackson, Jennifer Hudson
174;Whitney Houston;"I Know Him So Well (from ""Chess"")";Whitney;colaboracion;1987;Pop;132;3263420;63618920;"Whitney Elizabeth Houston (Newark, 9 de agosto de 1963 – Los Ángeles, 11 de febrero de 2012)

Fue una cantante de R&B, pop y gospel estadounidense, además de actriz, en la ciudad de Newark (NJ), Nueva Jersey. Fue una de las más populares y famosas cantantes de las décadas de 1980 y 1990, recibiendo seis premios Grammy, varios American Music Awards, Billboard Music Awards, dos Emmys, un MTV Video Music Award y un MTV Movie Award. Ha vendido, aproximadamente 130 millones de discos y más de 50 millones de sencillos. <a href=""https://www.last.fm/music/Whitney+Houston"">Read more on Last.fm</a>";Toni Braxton, Mariah Carey, Céline Dion, Janet Jackson, Jennifer Hudson
174;Whitney Houston;One Moment in Time (Remastered);The Ultimate Collection;album;2007;R&B;165;3263420;63618920;"Whitney Elizabeth Houston (Newark, 9 de agosto de 1963 – Los Ángeles, 11 de febrero de 2012)

Fue una cantante de R&B, pop y gospel estadounidense, además de actriz, en la ciudad de Newark (NJ), Nueva Jersey. Fue una de las más populares y famosas cantantes de las décadas de 1980 y 1990, recibiendo seis premios Grammy, varios American Music Awards, Billboard Music Awards, dos Emmys, un MTV Video Music Award y un MTV Movie Award. Ha vendido, aproximadamente 130 millones de discos y más de 50 millones de sencillos. <a href=""https://www.last.fm/music/Whitney+Houston"">Read more on Last.fm</a>";Toni Braxton, Mariah Carey, Céline Dion, Janet Jackson, Jennifer Hudson
174;Whitney Houston;All at Once;Whitney Houston;album;1985;Pop;132;3263420;63618920;"Whitney Elizabeth Houston (Newark, 9 de agosto de 1963 – Los Ángeles, 11 de febrero de 2012)

Fue una cantante de R&B, pop y gospel estadounidense, además de actriz, en la ciudad de Newark (NJ), Nueva Jersey. Fue una de las más populares y famosas cantantes de las décadas de 1980 y 1990, recibiendo seis premios Grammy, varios American Music Awards, Billboard Music Awards, dos Emmys, un MTV Video Music Award y un MTV Movie Award. Ha vendido, aproximadamente 130 millones de discos y más de 50 millones de sencillos. <a href=""https://www.last.fm/music/Whitney+Houston"">Read more on Last.fm</a>";Toni Braxton, Mariah Carey, Céline Dion, Janet Jackson, Jennifer Hudson
174;Whitney Houston;Didn't We Almost Have It All;The Ultimate Collection;album;2007;R&B;165;3263420;63618920;"Whitney Elizabeth Houston (Newark, 9 de agosto de 1963 – Los Ángeles, 11 de febrero de 2012)

Fue una cantante de R&B, pop y gospel estadounidense, además de actriz, en la ciudad de Newark (NJ), Nueva Jersey. Fue una de las más populares y famosas cantantes de las décadas de 1980 y 1990, recibiendo seis premios Grammy, varios American Music Awards, Billboard Music Awards, dos Emmys, un MTV Video Music Award y un MTV Movie Award. Ha vendido, aproximadamente 130 millones de discos y más de 50 millones de sencillos. <a href=""https://www.last.fm/music/Whitney+Houston"">Read more on Last.fm</a>";Toni Braxton, Mariah Carey, Céline Dion, Janet Jackson, Jennifer Hudson
174;Whitney Houston;Greatest Love of All;Whitney Houston;album;1985;Pop;132;3263420;63618920;"Whitney Elizabeth Houston (Newark, 9 de agosto de 1963 – Los Ángeles, 11 de febrero de 2012)

Fue una cantante de R&B, pop y gospel estadounidense, además de actriz, en la ciudad de Newark (NJ), Nueva Jersey. Fue una de las más populares y famosas cantantes de las décadas de 1980 y 1990, recibiendo seis premios Grammy, varios American Music Awards, Billboard Music Awards, dos Emmys, un MTV Video Music Award y un MTV Movie Award. Ha vendido, aproximadamente 130 millones de discos y más de 50 millones de sencillos. <a href=""https://www.last.fm/music/Whitney+Houston"">Read more on Last.fm</a>";Toni Braxton, Mariah Carey, Céline Dion, Janet Jackson, Jennifer Hudson
174;Whitney Houston;How Will I Know;How Will I Know;colaboracion;2021;Pop;132;3263420;63618920;"Whitney Elizabeth Houston (Newark, 9 de agosto de 1963 – Los Ángeles, 11 de febrero de 2012)

Fue una cantante de R&B, pop y gospel estadounidense, además de actriz, en la ciudad de Newark (NJ), Nueva Jersey. Fue una de las más populares y famosas cantantes de las décadas de 1980 y 1990, recibiendo seis premios Grammy, varios American Music Awards, Billboard Music Awards, dos Emmys, un MTV Video Music Award y un MTV Movie Award. Ha vendido, aproximadamente 130 millones de discos y más de 50 millones de sencillos. <a href=""https://www.last.fm/music/Whitney+Houston"">Read more on Last.fm</a>";Toni Braxton, Mariah Carey, Céline Dion, Janet Jackson, Jennifer Hudson
174;Whitney Houston;So Emotional;I Will Always Love You: The Best Of Whitney Houston;album;2012;Pop;132;3263420;63618920;"Whitney Elizabeth Houston (Newark, 9 de agosto de 1963 – Los Ángeles, 11 de febrero de 2012)

Fue una cantante de R&B, pop y gospel estadounidense, además de actriz, en la ciudad de Newark (NJ), Nueva Jersey. Fue una de las más populares y famosas cantantes de las décadas de 1980 y 1990, recibiendo seis premios Grammy, varios American Music Awards, Billboard Music Awards, dos Emmys, un MTV Video Music Award y un MTV Movie Award. Ha vendido, aproximadamente 130 millones de discos y más de 50 millones de sencillos. <a href=""https://www.last.fm/music/Whitney+Houston"">Read more on Last.fm</a>";Toni Braxton, Mariah Carey, Céline Dion, Janet Jackson, Jennifer Hudson
174;Whitney Houston;I'm Every Woman;The Bodyguard - Original Soundtrack Album;album;1992;Películas/Juegos;173;3263420;63618920;"Whitney Elizabeth Houston (Newark, 9 de agosto de 1963 – Los Ángeles, 11 de febrero de 2012)

Fue una cantante de R&B, pop y gospel estadounidense, además de actriz, en la ciudad de Newark (NJ), Nueva Jersey. Fue una de las más populares y famosas cantantes de las décadas de 1980 y 1990, recibiendo seis premios Grammy, varios American Music Awards, Billboard Music Awards, dos Emmys, un MTV Video Music Award y un MTV Movie Award. Ha vendido, aproximadamente 130 millones de discos y más de 50 millones de sencillos. <a href=""https://www.last.fm/music/Whitney+Houston"">Read more on Last.fm</a>";Toni Braxton, Mariah Carey, Céline Dion, Janet Jackson, Jennifer Hudson
174;Whitney Houston;I'm Your Baby Tonight;The Ultimate Collection;album;2007;R&B;165;3263420;63618920;"Whitney Elizabeth Houston (Newark, 9 de agosto de 1963 – Los Ángeles, 11 de febrero de 2012)

Fue una cantante de R&B, pop y gospel estadounidense, además de actriz, en la ciudad de Newark (NJ), Nueva Jersey. Fue una de las más populares y famosas cantantes de las décadas de 1980 y 1990, recibiendo seis premios Grammy, varios American Music Awards, Billboard Music Awards, dos Emmys, un MTV Video Music Award y un MTV Movie Award. Ha vendido, aproximadamente 130 millones de discos y más de 50 millones de sencillos. <a href=""https://www.last.fm/music/Whitney+Houston"">Read more on Last.fm</a>";Toni Braxton, Mariah Carey, Céline Dion, Janet Jackson, Jennifer Hudson
174;Whitney Houston;Queen of the Night (Radio Edit);The Bodyguard - Original Soundtrack Album;album;1992;Películas/Juegos;173;3263420;63618920;"Whitney Elizabeth Houston (Newark, 9 de agosto de 1963 – Los Ángeles, 11 de febrero de 2012)

Fue una cantante de R&B, pop y gospel estadounidense, además de actriz, en la ciudad de Newark (NJ), Nueva Jersey. Fue una de las más populares y famosas cantantes de las décadas de 1980 y 1990, recibiendo seis premios Grammy, varios American Music Awards, Billboard Music Awards, dos Emmys, un MTV Video Music Award y un MTV Movie Award. Ha vendido, aproximadamente 130 millones de discos y más de 50 millones de sencillos. <a href=""https://www.last.fm/music/Whitney+Houston"">Read more on Last.fm</a>";Toni Braxton, Mariah Carey, Céline Dion, Janet Jackson, Jennifer Hudson
174;Whitney Houston;Where Do Broken Hearts Go (Remastered);The Ultimate Collection;album;2007;R&B;165;3263420;63618920;"Whitney Elizabeth Houston (Newark, 9 de agosto de 1963 – Los Ángeles, 11 de febrero de 2012)

Fue una cantante de R&B, pop y gospel estadounidense, además de actriz, en la ciudad de Newark (NJ), Nueva Jersey. Fue una de las más populares y famosas cantantes de las décadas de 1980 y 1990, recibiendo seis premios Grammy, varios American Music Awards, Billboard Music Awards, dos Emmys, un MTV Video Music Award y un MTV Movie Award. Ha vendido, aproximadamente 130 millones de discos y más de 50 millones de sencillos. <a href=""https://www.last.fm/music/Whitney+Houston"">Read more on Last.fm</a>";Toni Braxton, Mariah Carey, Céline Dion, Janet Jackson, Jennifer Hudson
174;Whitney Houston;How Will I Know;Whitney Houston (The Deluxe Anniversary Edition);album;1985;Pop;132;3263420;63618920;"Whitney Elizabeth Houston (Newark, 9 de agosto de 1963 – Los Ángeles, 11 de febrero de 2012)

Fue una cantante de R&B, pop y gospel estadounidense, además de actriz, en la ciudad de Newark (NJ), Nueva Jersey. Fue una de las más populares y famosas cantantes de las décadas de 1980 y 1990, recibiendo seis premios Grammy, varios American Music Awards, Billboard Music Awards, dos Emmys, un MTV Video Music Award y un MTV Movie Award. Ha vendido, aproximadamente 130 millones de discos y más de 50 millones de sencillos. <a href=""https://www.last.fm/music/Whitney+Houston"">Read more on Last.fm</a>";Toni Braxton, Mariah Carey, Céline Dion, Janet Jackson, Jennifer Hudson
174;Whitney Houston;Queen of the Night (CJ's Single Edit);Dance Vault Mixes - Queen Of The Night;colaboracion;2006;Dance;113;3263420;63618920;"Whitney Elizabeth Houston (Newark, 9 de agosto de 1963 – Los Ángeles, 11 de febrero de 2012)

Fue una cantante de R&B, pop y gospel estadounidense, además de actriz, en la ciudad de Newark (NJ), Nueva Jersey. Fue una de las más populares y famosas cantantes de las décadas de 1980 y 1990, recibiendo seis premios Grammy, varios American Music Awards, Billboard Music Awards, dos Emmys, un MTV Video Music Award y un MTV Movie Award. Ha vendido, aproximadamente 130 millones de discos y más de 50 millones de sencillos. <a href=""https://www.last.fm/music/Whitney+Houston"">Read more on Last.fm</a>";Toni Braxton, Mariah Carey, Céline Dion, Janet Jackson, Jennifer Hudson
174;Whitney Houston;Didn't We Almost Have It All;Whitney;album;1987;Pop;132;3263420;63618920;"Whitney Elizabeth Houston (Newark, 9 de agosto de 1963 – Los Ángeles, 11 de febrero de 2012)

Fue una cantante de R&B, pop y gospel estadounidense, además de actriz, en la ciudad de Newark (NJ), Nueva Jersey. Fue una de las más populares y famosas cantantes de las décadas de 1980 y 1990, recibiendo seis premios Grammy, varios American Music Awards, Billboard Music Awards, dos Emmys, un MTV Video Music Award y un MTV Movie Award. Ha vendido, aproximadamente 130 millones de discos y más de 50 millones de sencillos. <a href=""https://www.last.fm/music/Whitney+Houston"">Read more on Last.fm</a>";Toni Braxton, Mariah Carey, Céline Dion, Janet Jackson, Jennifer Hudson
174;Whitney Houston;I Wanna Dance With Somebody (Who Loves Me);I Wanna Dance With Somebody (The Movie: Whitney New, Classic and Reimagined);colaboracion;2022;Dance;113;3263420;63618920;"Whitney Elizabeth Houston (Newark, 9 de agosto de 1963 – Los Ángeles, 11 de febrero de 2012)

Fue una cantante de R&B, pop y gospel estadounidense, además de actriz, en la ciudad de Newark (NJ), Nueva Jersey. Fue una de las más populares y famosas cantantes de las décadas de 1980 y 1990, recibiendo seis premios Grammy, varios American Music Awards, Billboard Music Awards, dos Emmys, un MTV Video Music Award y un MTV Movie Award. Ha vendido, aproximadamente 130 millones de discos y más de 50 millones de sencillos. <a href=""https://www.last.fm/music/Whitney+Houston"">Read more on Last.fm</a>";Toni Braxton, Mariah Carey, Céline Dion, Janet Jackson, Jennifer Hudson
174;Whitney Houston;Million Dollar Bill;I Look To You;album;2009;Pop;132;3263420;63618920;"Whitney Elizabeth Houston (Newark, 9 de agosto de 1963 – Los Ángeles, 11 de febrero de 2012)

Fue una cantante de R&B, pop y gospel estadounidense, además de actriz, en la ciudad de Newark (NJ), Nueva Jersey. Fue una de las más populares y famosas cantantes de las décadas de 1980 y 1990, recibiendo seis premios Grammy, varios American Music Awards, Billboard Music Awards, dos Emmys, un MTV Video Music Award y un MTV Movie Award. Ha vendido, aproximadamente 130 millones de discos y más de 50 millones de sencillos. <a href=""https://www.last.fm/music/Whitney+Houston"">Read more on Last.fm</a>";Toni Braxton, Mariah Carey, Céline Dion, Janet Jackson, Jennifer Hudson
174;Whitney Houston;It's Not Right but It's Okay (Thunderpuss Mix/Remastered: 2000);Dance Vault Remixes - It's Not Right But It's Okay;colaboracion;2006;Dance;113;3263420;63618920;"Whitney Elizabeth Houston (Newark, 9 de agosto de 1963 – Los Ángeles, 11 de febrero de 2012)

Fue una cantante de R&B, pop y gospel estadounidense, además de actriz, en la ciudad de Newark (NJ), Nueva Jersey. Fue una de las más populares y famosas cantantes de las décadas de 1980 y 1990, recibiendo seis premios Grammy, varios American Music Awards, Billboard Music Awards, dos Emmys, un MTV Video Music Award y un MTV Movie Award. Ha vendido, aproximadamente 130 millones de discos y más de 50 millones de sencillos. <a href=""https://www.last.fm/music/Whitney+Houston"">Read more on Last.fm</a>";Toni Braxton, Mariah Carey, Céline Dion, Janet Jackson, Jennifer Hudson
174;Whitney Houston;Miracle;I'm Your Baby Tonight;album;1990;Pop;132;3263420;63618920;"Whitney Elizabeth Houston (Newark, 9 de agosto de 1963 – Los Ángeles, 11 de febrero de 2012)

Fue una cantante de R&B, pop y gospel estadounidense, además de actriz, en la ciudad de Newark (NJ), Nueva Jersey. Fue una de las más populares y famosas cantantes de las décadas de 1980 y 1990, recibiendo seis premios Grammy, varios American Music Awards, Billboard Music Awards, dos Emmys, un MTV Video Music Award y un MTV Movie Award. Ha vendido, aproximadamente 130 millones de discos y más de 50 millones de sencillos. <a href=""https://www.last.fm/music/Whitney+Houston"">Read more on Last.fm</a>";Toni Braxton, Mariah Carey, Céline Dion, Janet Jackson, Jennifer Hudson
174;Whitney Houston;Something In Common;Bobby;colaboracion;2018;R&B;165;3263420;63618920;"Whitney Elizabeth Houston (Newark, 9 de agosto de 1963 – Los Ángeles, 11 de febrero de 2012)

Fue una cantante de R&B, pop y gospel estadounidense, además de actriz, en la ciudad de Newark (NJ), Nueva Jersey. Fue una de las más populares y famosas cantantes de las décadas de 1980 y 1990, recibiendo seis premios Grammy, varios American Music Awards, Billboard Music Awards, dos Emmys, un MTV Video Music Award y un MTV Movie Award. Ha vendido, aproximadamente 130 millones de discos y más de 50 millones de sencillos. <a href=""https://www.last.fm/music/Whitney+Houston"">Read more on Last.fm</a>";Toni Braxton, Mariah Carey, Céline Dion, Janet Jackson, Jennifer Hudson
174;Whitney Houston;If I Told You That;My Love Is Your Love;album;1998;Pop;132;3263420;63618920;"Whitney Elizabeth Houston (Newark, 9 de agosto de 1963 – Los Ángeles, 11 de febrero de 2012)

Fue una cantante de R&B, pop y gospel estadounidense, además de actriz, en la ciudad de Newark (NJ), Nueva Jersey. Fue una de las más populares y famosas cantantes de las décadas de 1980 y 1990, recibiendo seis premios Grammy, varios American Music Awards, Billboard Music Awards, dos Emmys, un MTV Video Music Award y un MTV Movie Award. Ha vendido, aproximadamente 130 millones de discos y más de 50 millones de sencillos. <a href=""https://www.last.fm/music/Whitney+Houston"">Read more on Last.fm</a>";Toni Braxton, Mariah Carey, Céline Dion, Janet Jackson, Jennifer Hudson
174;Whitney Houston;"Count On Me (from ""Waiting to Exhale"" - Original Soundtrack)";Waiting To Exhale (Original Soundtrack Album);colaboracion;1995;Películas/Juegos;173;3263420;63618920;"Whitney Elizabeth Houston (Newark, 9 de agosto de 1963 – Los Ángeles, 11 de febrero de 2012)

Fue una cantante de R&B, pop y gospel estadounidense, además de actriz, en la ciudad de Newark (NJ), Nueva Jersey. Fue una de las más populares y famosas cantantes de las décadas de 1980 y 1990, recibiendo seis premios Grammy, varios American Music Awards, Billboard Music Awards, dos Emmys, un MTV Video Music Award y un MTV Movie Award. Ha vendido, aproximadamente 130 millones de discos y más de 50 millones de sencillos. <a href=""https://www.last.fm/music/Whitney+Houston"">Read more on Last.fm</a>";Toni Braxton, Mariah Carey, Céline Dion, Janet Jackson, Jennifer Hudson
174;Whitney Houston;Heartbreak Hotel (feat. Faith Evans & Kelly Price);My Love Is Your Love;colaboracion;1998;Pop;132;3263420;63618920;"Whitney Elizabeth Houston (Newark, 9 de agosto de 1963 – Los Ángeles, 11 de febrero de 2012)

Fue una cantante de R&B, pop y gospel estadounidense, además de actriz, en la ciudad de Newark (NJ), Nueva Jersey. Fue una de las más populares y famosas cantantes de las décadas de 1980 y 1990, recibiendo seis premios Grammy, varios American Music Awards, Billboard Music Awards, dos Emmys, un MTV Video Music Award y un MTV Movie Award. Ha vendido, aproximadamente 130 millones de discos y más de 50 millones de sencillos. <a href=""https://www.last.fm/music/Whitney+Houston"">Read more on Last.fm</a>";Toni Braxton, Mariah Carey, Céline Dion, Janet Jackson, Jennifer Hudson
174;Whitney Houston;All The Man That I Need;I Will Always Love You: The Best Of Whitney Houston;album;2012;Pop;132;3263420;63618920;"Whitney Elizabeth Houston (Newark, 9 de agosto de 1963 – Los Ángeles, 11 de febrero de 2012)

Fue una cantante de R&B, pop y gospel estadounidense, además de actriz, en la ciudad de Newark (NJ), Nueva Jersey. Fue una de las más populares y famosas cantantes de las décadas de 1980 y 1990, recibiendo seis premios Grammy, varios American Music Awards, Billboard Music Awards, dos Emmys, un MTV Video Music Award y un MTV Movie Award. Ha vendido, aproximadamente 130 millones de discos y más de 50 millones de sencillos. <a href=""https://www.last.fm/music/Whitney+Houston"">Read more on Last.fm</a>";Toni Braxton, Mariah Carey, Céline Dion, Janet Jackson, Jennifer Hudson
174;Whitney Houston;I'm Every Woman;I Wanna Dance With Somebody (The Movie: Whitney New, Classic and Reimagined);colaboracion;2022;Dance;113;3263420;63618920;"Whitney Elizabeth Houston (Newark, 9 de agosto de 1963 – Los Ángeles, 11 de febrero de 2012)

Fue una cantante de R&B, pop y gospel estadounidense, además de actriz, en la ciudad de Newark (NJ), Nueva Jersey. Fue una de las más populares y famosas cantantes de las décadas de 1980 y 1990, recibiendo seis premios Grammy, varios American Music Awards, Billboard Music Awards, dos Emmys, un MTV Video Music Award y un MTV Movie Award. Ha vendido, aproximadamente 130 millones de discos y más de 50 millones de sencillos. <a href=""https://www.last.fm/music/Whitney+Houston"">Read more on Last.fm</a>";Toni Braxton, Mariah Carey, Céline Dion, Janet Jackson, Jennifer Hudson
174;Whitney Houston;If I Told You That (feat. George Michael) (Radio Edit);The Ultimate Collection;colaboracion;2007;R&B;165;3263420;63618920;"Whitney Elizabeth Houston (Newark, 9 de agosto de 1963 – Los Ángeles, 11 de febrero de 2012)

Fue una cantante de R&B, pop y gospel estadounidense, además de actriz, en la ciudad de Newark (NJ), Nueva Jersey. Fue una de las más populares y famosas cantantes de las décadas de 1980 y 1990, recibiendo seis premios Grammy, varios American Music Awards, Billboard Music Awards, dos Emmys, un MTV Video Music Award y un MTV Movie Award. Ha vendido, aproximadamente 130 millones de discos y más de 50 millones de sencillos. <a href=""https://www.last.fm/music/Whitney+Houston"">Read more on Last.fm</a>";Toni Braxton, Mariah Carey, Céline Dion, Janet Jackson, Jennifer Hudson
174;Whitney Houston;Just the Lonely Talking Again;Whitney;album;1987;Pop;132;3263420;63618920;"Whitney Elizabeth Houston (Newark, 9 de agosto de 1963 – Los Ángeles, 11 de febrero de 2012)

Fue una cantante de R&B, pop y gospel estadounidense, además de actriz, en la ciudad de Newark (NJ), Nueva Jersey. Fue una de las más populares y famosas cantantes de las décadas de 1980 y 1990, recibiendo seis premios Grammy, varios American Music Awards, Billboard Music Awards, dos Emmys, un MTV Video Music Award y un MTV Movie Award. Ha vendido, aproximadamente 130 millones de discos y más de 50 millones de sencillos. <a href=""https://www.last.fm/music/Whitney+Houston"">Read more on Last.fm</a>";Toni Braxton, Mariah Carey, Céline Dion, Janet Jackson, Jennifer Hudson
174;Whitney Houston;Run to You (Film Version);I Wish You Love: More From The Bodyguard;album;2017;R&B;165;3263420;63618920;"Whitney Elizabeth Houston (Newark, 9 de agosto de 1963 – Los Ángeles, 11 de febrero de 2012)

Fue una cantante de R&B, pop y gospel estadounidense, además de actriz, en la ciudad de Newark (NJ), Nueva Jersey. Fue una de las más populares y famosas cantantes de las décadas de 1980 y 1990, recibiendo seis premios Grammy, varios American Music Awards, Billboard Music Awards, dos Emmys, un MTV Video Music Award y un MTV Movie Award. Ha vendido, aproximadamente 130 millones de discos y más de 50 millones de sencillos. <a href=""https://www.last.fm/music/Whitney+Houston"">Read more on Last.fm</a>";Toni Braxton, Mariah Carey, Céline Dion, Janet Jackson, Jennifer Hudson
174;Whitney Houston;You Give Good Love;Whitney Houston;album;1985;Pop;132;3263420;63618920;"Whitney Elizabeth Houston (Newark, 9 de agosto de 1963 – Los Ángeles, 11 de febrero de 2012)

Fue una cantante de R&B, pop y gospel estadounidense, además de actriz, en la ciudad de Newark (NJ), Nueva Jersey. Fue una de las más populares y famosas cantantes de las décadas de 1980 y 1990, recibiendo seis premios Grammy, varios American Music Awards, Billboard Music Awards, dos Emmys, un MTV Video Music Award y un MTV Movie Award. Ha vendido, aproximadamente 130 millones de discos y más de 50 millones de sencillos. <a href=""https://www.last.fm/music/Whitney+Houston"">Read more on Last.fm</a>";Toni Braxton, Mariah Carey, Céline Dion, Janet Jackson, Jennifer Hudson
174;Whitney Houston;I Will Always Love You (Film Version);I Wish You Love: More From The Bodyguard;album;2017;R&B;165;3263420;63618920;"Whitney Elizabeth Houston (Newark, 9 de agosto de 1963 – Los Ángeles, 11 de febrero de 2012)

Fue una cantante de R&B, pop y gospel estadounidense, además de actriz, en la ciudad de Newark (NJ), Nueva Jersey. Fue una de las más populares y famosas cantantes de las décadas de 1980 y 1990, recibiendo seis premios Grammy, varios American Music Awards, Billboard Music Awards, dos Emmys, un MTV Video Music Award y un MTV Movie Award. Ha vendido, aproximadamente 130 millones de discos y más de 50 millones de sencillos. <a href=""https://www.last.fm/music/Whitney+Houston"">Read more on Last.fm</a>";Toni Braxton, Mariah Carey, Céline Dion, Janet Jackson, Jennifer Hudson
174;Whitney Houston;I Look to You;I Look To You;album;2009;Pop;132;3263420;63618920;"Whitney Elizabeth Houston (Newark, 9 de agosto de 1963 – Los Ángeles, 11 de febrero de 2012)

Fue una cantante de R&B, pop y gospel estadounidense, además de actriz, en la ciudad de Newark (NJ), Nueva Jersey. Fue una de las más populares y famosas cantantes de las décadas de 1980 y 1990, recibiendo seis premios Grammy, varios American Music Awards, Billboard Music Awards, dos Emmys, un MTV Video Music Award y un MTV Movie Award. Ha vendido, aproximadamente 130 millones de discos y más de 50 millones de sencillos. <a href=""https://www.last.fm/music/Whitney+Houston"">Read more on Last.fm</a>";Toni Braxton, Mariah Carey, Céline Dion, Janet Jackson, Jennifer Hudson
174;Whitney Houston;Lover for Life;I'm Your Baby Tonight;album;1990;Pop;132;3263420;63618920;"Whitney Elizabeth Houston (Newark, 9 de agosto de 1963 – Los Ángeles, 11 de febrero de 2012)

Fue una cantante de R&B, pop y gospel estadounidense, además de actriz, en la ciudad de Newark (NJ), Nueva Jersey. Fue una de las más populares y famosas cantantes de las décadas de 1980 y 1990, recibiendo seis premios Grammy, varios American Music Awards, Billboard Music Awards, dos Emmys, un MTV Video Music Award y un MTV Movie Award. Ha vendido, aproximadamente 130 millones de discos y más de 50 millones de sencillos. <a href=""https://www.last.fm/music/Whitney+Houston"">Read more on Last.fm</a>";Toni Braxton, Mariah Carey, Céline Dion, Janet Jackson, Jennifer Hudson
174;Whitney Houston;I Didn't Know My Own Strength;I Look To You;album;2009;Pop;132;3263420;63618920;"Whitney Elizabeth Houston (Newark, 9 de agosto de 1963 – Los Ángeles, 11 de febrero de 2012)

Fue una cantante de R&B, pop y gospel estadounidense, además de actriz, en la ciudad de Newark (NJ), Nueva Jersey. Fue una de las más populares y famosas cantantes de las décadas de 1980 y 1990, recibiendo seis premios Grammy, varios American Music Awards, Billboard Music Awards, dos Emmys, un MTV Video Music Award y un MTV Movie Award. Ha vendido, aproximadamente 130 millones de discos y más de 50 millones de sencillos. <a href=""https://www.last.fm/music/Whitney+Houston"">Read more on Last.fm</a>";Toni Braxton, Mariah Carey, Céline Dion, Janet Jackson, Jennifer Hudson
174;Whitney Houston;Love Is a Contact Sport;Whitney;album;1987;Pop;132;3263420;63618920;"Whitney Elizabeth Houston (Newark, 9 de agosto de 1963 – Los Ángeles, 11 de febrero de 2012)

Fue una cantante de R&B, pop y gospel estadounidense, además de actriz, en la ciudad de Newark (NJ), Nueva Jersey. Fue una de las más populares y famosas cantantes de las décadas de 1980 y 1990, recibiendo seis premios Grammy, varios American Music Awards, Billboard Music Awards, dos Emmys, un MTV Video Music Award y un MTV Movie Award. Ha vendido, aproximadamente 130 millones de discos y más de 50 millones de sencillos. <a href=""https://www.last.fm/music/Whitney+Houston"">Read more on Last.fm</a>";Toni Braxton, Mariah Carey, Céline Dion, Janet Jackson, Jennifer Hudson
174;Whitney Houston;I'm Your Baby Tonight (Yvonne Turner Extended Remix);I'm Your Baby Tonight (EP);colaboracion;1990;Dance;113;3263420;63618920;"Whitney Elizabeth Houston (Newark, 9 de agosto de 1963 – Los Ángeles, 11 de febrero de 2012)

Fue una cantante de R&B, pop y gospel estadounidense, además de actriz, en la ciudad de Newark (NJ), Nueva Jersey. Fue una de las más populares y famosas cantantes de las décadas de 1980 y 1990, recibiendo seis premios Grammy, varios American Music Awards, Billboard Music Awards, dos Emmys, un MTV Video Music Award y un MTV Movie Award. Ha vendido, aproximadamente 130 millones de discos y más de 50 millones de sencillos. <a href=""https://www.last.fm/music/Whitney+Houston"">Read more on Last.fm</a>";Toni Braxton, Mariah Carey, Céline Dion, Janet Jackson, Jennifer Hudson
174;Whitney Houston;For The Lovers;I Look To You;album;2009;Pop;132;3263420;63618920;"Whitney Elizabeth Houston (Newark, 9 de agosto de 1963 – Los Ángeles, 11 de febrero de 2012)

Fue una cantante de R&B, pop y gospel estadounidense, además de actriz, en la ciudad de Newark (NJ), Nueva Jersey. Fue una de las más populares y famosas cantantes de las décadas de 1980 y 1990, recibiendo seis premios Grammy, varios American Music Awards, Billboard Music Awards, dos Emmys, un MTV Video Music Award y un MTV Movie Award. Ha vendido, aproximadamente 130 millones de discos y más de 50 millones de sencillos. <a href=""https://www.last.fm/music/Whitney+Houston"">Read more on Last.fm</a>";Toni Braxton, Mariah Carey, Céline Dion, Janet Jackson, Jennifer Hudson
1454;Tina Turner;What's Love Got to Do with It;All the Best - the Hits;album;2005;R&B;165;1722163;22029743;"Tina nació en 1939 con el nombre de Anna Mae Bullock, en Nutbush, pequeña población del Estado de Tennesse conocida por el cultivo de algodón y por donde transcurre la autopista 19, renombrada como Autopista Tina Turner en honor a la cantante. En 1971, Tina escribió una canción sobre su pueblo natal: Nutbush City Limits (Los Límites de Nutbush), que ha reversionado en el año 1991 y nuevamente en 2008.

Fue descubierta en un club de San Luis en 1957 por el pianista y guitarrista Ike Turner. <a href=""https://www.last.fm/music/Tina+Turner"">Read more on Last.fm</a>";Ike & Tina Turner, Cher, Whitney Houston, Diana Ross, Patti LaBelle
1454;Tina Turner;We Don't Need Another Hero (Thunderdome);Private Dancer (30th Anniversary Issue);album;2015;Pop;132;1722163;22029743;"Tina nació en 1939 con el nombre de Anna Mae Bullock, en Nutbush, pequeña población del Estado de Tennesse conocida por el cultivo de algodón y por donde transcurre la autopista 19, renombrada como Autopista Tina Turner en honor a la cantante. En 1971, Tina escribió una canción sobre su pueblo natal: Nutbush City Limits (Los Límites de Nutbush), que ha reversionado en el año 1991 y nuevamente en 2008.

Fue descubierta en un club de San Luis en 1957 por el pianista y guitarrista Ike Turner. <a href=""https://www.last.fm/music/Tina+Turner"">Read more on Last.fm</a>";Ike & Tina Turner, Cher, Whitney Houston, Diana Ross, Patti LaBelle
1454;Tina Turner;The Best;Tina!;album;2008;Pop;132;1722163;22029743;"Tina nació en 1939 con el nombre de Anna Mae Bullock, en Nutbush, pequeña población del Estado de Tennesse conocida por el cultivo de algodón y por donde transcurre la autopista 19, renombrada como Autopista Tina Turner en honor a la cantante. En 1971, Tina escribió una canción sobre su pueblo natal: Nutbush City Limits (Los Límites de Nutbush), que ha reversionado en el año 1991 y nuevamente en 2008.

Fue descubierta en un club de San Luis en 1957 por el pianista y guitarrista Ike Turner. <a href=""https://www.last.fm/music/Tina+Turner"">Read more on Last.fm</a>";Ike & Tina Turner, Cher, Whitney Houston, Diana Ross, Patti LaBelle
1454;Tina Turner;The Best (Edit);Simply the Best;album;1991;R&B;165;1722163;22029743;"Tina nació en 1939 con el nombre de Anna Mae Bullock, en Nutbush, pequeña población del Estado de Tennesse conocida por el cultivo de algodón y por donde transcurre la autopista 19, renombrada como Autopista Tina Turner en honor a la cantante. En 1971, Tina escribió una canción sobre su pueblo natal: Nutbush City Limits (Los Límites de Nutbush), que ha reversionado en el año 1991 y nuevamente en 2008.

Fue descubierta en un club de San Luis en 1957 por el pianista y guitarrista Ike Turner. <a href=""https://www.last.fm/music/Tina+Turner"">Read more on Last.fm</a>";Ike & Tina Turner, Cher, Whitney Houston, Diana Ross, Patti LaBelle
1454;Tina Turner;Private Dancer (Single Edit);All the Best - the Hits;album;2005;R&B;165;1722163;22029743;"Tina nació en 1939 con el nombre de Anna Mae Bullock, en Nutbush, pequeña población del Estado de Tennesse conocida por el cultivo de algodón y por donde transcurre la autopista 19, renombrada como Autopista Tina Turner en honor a la cantante. En 1971, Tina escribió una canción sobre su pueblo natal: Nutbush City Limits (Los Límites de Nutbush), que ha reversionado en el año 1991 y nuevamente en 2008.

Fue descubierta en un club de San Luis en 1957 por el pianista y guitarrista Ike Turner. <a href=""https://www.last.fm/music/Tina+Turner"">Read more on Last.fm</a>";Ike & Tina Turner, Cher, Whitney Houston, Diana Ross, Patti LaBelle
1454;Tina Turner;Private Dancer (2015 Remaster);Private Dancer (30th Anniversary Issue);album;2015;Pop;132;1722163;22029743;"Tina nació en 1939 con el nombre de Anna Mae Bullock, en Nutbush, pequeña población del Estado de Tennesse conocida por el cultivo de algodón y por donde transcurre la autopista 19, renombrada como Autopista Tina Turner en honor a la cantante. En 1971, Tina escribió una canción sobre su pueblo natal: Nutbush City Limits (Los Límites de Nutbush), que ha reversionado en el año 1991 y nuevamente en 2008.

Fue descubierta en un club de San Luis en 1957 por el pianista y guitarrista Ike Turner. <a href=""https://www.last.fm/music/Tina+Turner"">Read more on Last.fm</a>";Ike & Tina Turner, Cher, Whitney Houston, Diana Ross, Patti LaBelle
1454;Tina Turner;We Don't Need Another Hero (Thunderdome) (Extended Version);Mad Max Beyond Thunderdome (Original Motion Picture Soundtrack);album;2023;Películas/Juegos;173;1722163;22029743;"Tina nació en 1939 con el nombre de Anna Mae Bullock, en Nutbush, pequeña población del Estado de Tennesse conocida por el cultivo de algodón y por donde transcurre la autopista 19, renombrada como Autopista Tina Turner en honor a la cantante. En 1971, Tina escribió una canción sobre su pueblo natal: Nutbush City Limits (Los Límites de Nutbush), que ha reversionado en el año 1991 y nuevamente en 2008.

Fue descubierta en un club de San Luis en 1957 por el pianista y guitarrista Ike Turner. <a href=""https://www.last.fm/music/Tina+Turner"">Read more on Last.fm</a>";Ike & Tina Turner, Cher, Whitney Houston, Diana Ross, Patti LaBelle
1454;Tina Turner;Proud Mary;All the Best - the Hits;album;2005;R&B;165;1722163;22029743;"Tina nació en 1939 con el nombre de Anna Mae Bullock, en Nutbush, pequeña población del Estado de Tennesse conocida por el cultivo de algodón y por donde transcurre la autopista 19, renombrada como Autopista Tina Turner en honor a la cantante. En 1971, Tina escribió una canción sobre su pueblo natal: Nutbush City Limits (Los Límites de Nutbush), que ha reversionado en el año 1991 y nuevamente en 2008.

Fue descubierta en un club de San Luis en 1957 por el pianista y guitarrista Ike Turner. <a href=""https://www.last.fm/music/Tina+Turner"">Read more on Last.fm</a>";Ike & Tina Turner, Cher, Whitney Houston, Diana Ross, Patti LaBelle
1454;Tina Turner;What You Get Is What You See;All the Best - the Hits;album;2005;R&B;165;1722163;22029743;"Tina nació en 1939 con el nombre de Anna Mae Bullock, en Nutbush, pequeña población del Estado de Tennesse conocida por el cultivo de algodón y por donde transcurre la autopista 19, renombrada como Autopista Tina Turner en honor a la cantante. En 1971, Tina escribió una canción sobre su pueblo natal: Nutbush City Limits (Los Límites de Nutbush), que ha reversionado en el año 1991 y nuevamente en 2008.

Fue descubierta en un club de San Luis en 1957 por el pianista y guitarrista Ike Turner. <a href=""https://www.last.fm/music/Tina+Turner"">Read more on Last.fm</a>";Ike & Tina Turner, Cher, Whitney Houston, Diana Ross, Patti LaBelle
1454;Tina Turner;I Don't Wanna Fight (Single Edit);All the Best - the Hits;album;2005;R&B;165;1722163;22029743;"Tina nació en 1939 con el nombre de Anna Mae Bullock, en Nutbush, pequeña población del Estado de Tennesse conocida por el cultivo de algodón y por donde transcurre la autopista 19, renombrada como Autopista Tina Turner en honor a la cantante. En 1971, Tina escribió una canción sobre su pueblo natal: Nutbush City Limits (Los Límites de Nutbush), que ha reversionado en el año 1991 y nuevamente en 2008.

Fue descubierta en un club de San Luis en 1957 por el pianista y guitarrista Ike Turner. <a href=""https://www.last.fm/music/Tina+Turner"">Read more on Last.fm</a>";Ike & Tina Turner, Cher, Whitney Houston, Diana Ross, Patti LaBelle
1454;Tina Turner;Steamy Windows;Tina!;album;2008;Pop;132;1722163;22029743;"Tina nació en 1939 con el nombre de Anna Mae Bullock, en Nutbush, pequeña población del Estado de Tennesse conocida por el cultivo de algodón y por donde transcurre la autopista 19, renombrada como Autopista Tina Turner en honor a la cantante. En 1971, Tina escribió una canción sobre su pueblo natal: Nutbush City Limits (Los Límites de Nutbush), que ha reversionado en el año 1991 y nuevamente en 2008.

Fue descubierta en un club de San Luis en 1957 por el pianista y guitarrista Ike Turner. <a href=""https://www.last.fm/music/Tina+Turner"">Read more on Last.fm</a>";Ike & Tina Turner, Cher, Whitney Houston, Diana Ross, Patti LaBelle
7599;Ike & Tina Turner;Son Of A Preacher Man (Live From Madison Square Garden, New York/1969);Get Yer Ya-Ya's Out! The Rolling Stones In Concert (40th Anniversary Edition);album;2009;Rock;152;;;;
1454;Tina Turner;Whole Lotta Love;Whole Lotta Love;single;2023;Pop;132;1722163;22029743;"Tina nació en 1939 con el nombre de Anna Mae Bullock, en Nutbush, pequeña población del Estado de Tennesse conocida por el cultivo de algodón y por donde transcurre la autopista 19, renombrada como Autopista Tina Turner en honor a la cantante. En 1971, Tina escribió una canción sobre su pueblo natal: Nutbush City Limits (Los Límites de Nutbush), que ha reversionado en el año 1991 y nuevamente en 2008.

Fue descubierta en un club de San Luis en 1957 por el pianista y guitarrista Ike Turner. <a href=""https://www.last.fm/music/Tina+Turner"">Read more on Last.fm</a>";Ike & Tina Turner, Cher, Whitney Houston, Diana Ross, Patti LaBelle
1454;Tina Turner;I Don't Wanna Lose You;Love Songs;album;2014;Pop;132;1722163;22029743;"Tina nació en 1939 con el nombre de Anna Mae Bullock, en Nutbush, pequeña población del Estado de Tennesse conocida por el cultivo de algodón y por donde transcurre la autopista 19, renombrada como Autopista Tina Turner en honor a la cantante. En 1971, Tina escribió una canción sobre su pueblo natal: Nutbush City Limits (Los Límites de Nutbush), que ha reversionado en el año 1991 y nuevamente en 2008.

Fue descubierta en un club de San Luis en 1957 por el pianista y guitarrista Ike Turner. <a href=""https://www.last.fm/music/Tina+Turner"">Read more on Last.fm</a>";Ike & Tina Turner, Cher, Whitney Houston, Diana Ross, Patti LaBelle
7599;Ike & Tina Turner;Proud Mary;Proud Mary;album;2013;R&B;165;;;;
1454;Tina Turner;Missing You (Live at Wembley);Missing You (Live at Wembley);single;2026;Pop;132;1722163;22029743;"Tina nació en 1939 con el nombre de Anna Mae Bullock, en Nutbush, pequeña población del Estado de Tennesse conocida por el cultivo de algodón y por donde transcurre la autopista 19, renombrada como Autopista Tina Turner en honor a la cantante. En 1971, Tina escribió una canción sobre su pueblo natal: Nutbush City Limits (Los Límites de Nutbush), que ha reversionado en el año 1991 y nuevamente en 2008.

Fue descubierta en un club de San Luis en 1957 por el pianista y guitarrista Ike Turner. <a href=""https://www.last.fm/music/Tina+Turner"">Read more on Last.fm</a>";Ike & Tina Turner, Cher, Whitney Houston, Diana Ross, Patti LaBelle
1454;Tina Turner;Goldeneye (Single Edit);Wildest Dreams (Expanded Version);album;1996;Rock;152;1722163;22029743;"Tina nació en 1939 con el nombre de Anna Mae Bullock, en Nutbush, pequeña población del Estado de Tennesse conocida por el cultivo de algodón y por donde transcurre la autopista 19, renombrada como Autopista Tina Turner en honor a la cantante. En 1971, Tina escribió una canción sobre su pueblo natal: Nutbush City Limits (Los Límites de Nutbush), que ha reversionado en el año 1991 y nuevamente en 2008.

Fue descubierta en un club de San Luis en 1957 por el pianista y guitarrista Ike Turner. <a href=""https://www.last.fm/music/Tina+Turner"">Read more on Last.fm</a>";Ike & Tina Turner, Cher, Whitney Houston, Diana Ross, Patti LaBelle
1454;Tina Turner;Let's Stay Together;All the Best - the Hits;album;2005;R&B;165;1722163;22029743;"Tina nació en 1939 con el nombre de Anna Mae Bullock, en Nutbush, pequeña población del Estado de Tennesse conocida por el cultivo de algodón y por donde transcurre la autopista 19, renombrada como Autopista Tina Turner en honor a la cantante. En 1971, Tina escribió una canción sobre su pueblo natal: Nutbush City Limits (Los Límites de Nutbush), que ha reversionado en el año 1991 y nuevamente en 2008.

Fue descubierta en un club de San Luis en 1957 por el pianista y guitarrista Ike Turner. <a href=""https://www.last.fm/music/Tina+Turner"">Read more on Last.fm</a>";Ike & Tina Turner, Cher, Whitney Houston, Diana Ross, Patti LaBelle
1454;Tina Turner;Missing You;All the Best - the Hits;album;2005;R&B;165;1722163;22029743;"Tina nació en 1939 con el nombre de Anna Mae Bullock, en Nutbush, pequeña población del Estado de Tennesse conocida por el cultivo de algodón y por donde transcurre la autopista 19, renombrada como Autopista Tina Turner en honor a la cantante. En 1971, Tina escribió una canción sobre su pueblo natal: Nutbush City Limits (Los Límites de Nutbush), que ha reversionado en el año 1991 y nuevamente en 2008.

Fue descubierta en un club de San Luis en 1957 por el pianista y guitarrista Ike Turner. <a href=""https://www.last.fm/music/Tina+Turner"">Read more on Last.fm</a>";Ike & Tina Turner, Cher, Whitney Houston, Diana Ross, Patti LaBelle
1454;Tina Turner;Typical Male;All the Best - the Hits;album;2005;R&B;165;1722163;22029743;"Tina nació en 1939 con el nombre de Anna Mae Bullock, en Nutbush, pequeña población del Estado de Tennesse conocida por el cultivo de algodón y por donde transcurre la autopista 19, renombrada como Autopista Tina Turner en honor a la cantante. En 1971, Tina escribió una canción sobre su pueblo natal: Nutbush City Limits (Los Límites de Nutbush), que ha reversionado en el año 1991 y nuevamente en 2008.

Fue descubierta en un club de San Luis en 1957 por el pianista y guitarrista Ike Turner. <a href=""https://www.last.fm/music/Tina+Turner"">Read more on Last.fm</a>";Ike & Tina Turner, Cher, Whitney Houston, Diana Ross, Patti LaBelle
7599;Ike & Tina Turner;Workin' Together;Workin' Together;album;2019;R&B;165;;;;
1454;Tina Turner;Two People;All the Best - the Hits;album;2005;R&B;165;1722163;22029743;"Tina nació en 1939 con el nombre de Anna Mae Bullock, en Nutbush, pequeña población del Estado de Tennesse conocida por el cultivo de algodón y por donde transcurre la autopista 19, renombrada como Autopista Tina Turner en honor a la cantante. En 1971, Tina escribió una canción sobre su pueblo natal: Nutbush City Limits (Los Límites de Nutbush), que ha reversionado en el año 1991 y nuevamente en 2008.

Fue descubierta en un club de San Luis en 1957 por el pianista y guitarrista Ike Turner. <a href=""https://www.last.fm/music/Tina+Turner"">Read more on Last.fm</a>";Ike & Tina Turner, Cher, Whitney Houston, Diana Ross, Patti LaBelle
1454;Tina Turner;I Can't Stand the Rain;Simply the Best;album;1991;R&B;165;1722163;22029743;"Tina nació en 1939 con el nombre de Anna Mae Bullock, en Nutbush, pequeña población del Estado de Tennesse conocida por el cultivo de algodón y por donde transcurre la autopista 19, renombrada como Autopista Tina Turner en honor a la cantante. En 1971, Tina escribió una canción sobre su pueblo natal: Nutbush City Limits (Los Límites de Nutbush), que ha reversionado en el año 1991 y nuevamente en 2008.

Fue descubierta en un club de San Luis en 1957 por el pianista y guitarrista Ike Turner. <a href=""https://www.last.fm/music/Tina+Turner"">Read more on Last.fm</a>";Ike & Tina Turner, Cher, Whitney Houston, Diana Ross, Patti LaBelle
7599;Ike & Tina Turner;River Deep - Mountain High;Best Of;album;2015;Rock;152;;;;
1454;Tina Turner;Goldeneye;Goldeneye;album;2009;Películas/Juegos;173;1722163;22029743;"Tina nació en 1939 con el nombre de Anna Mae Bullock, en Nutbush, pequeña población del Estado de Tennesse conocida por el cultivo de algodón y por donde transcurre la autopista 19, renombrada como Autopista Tina Turner en honor a la cantante. En 1971, Tina escribió una canción sobre su pueblo natal: Nutbush City Limits (Los Límites de Nutbush), que ha reversionado en el año 1991 y nuevamente en 2008.

Fue descubierta en un club de San Luis en 1957 por el pianista y guitarrista Ike Turner. <a href=""https://www.last.fm/music/Tina+Turner"">Read more on Last.fm</a>";Ike & Tina Turner, Cher, Whitney Houston, Diana Ross, Patti LaBelle
7599;Ike & Tina Turner;Let It Be;Workin' Together;album;2019;R&B;165;;;;
7599;Ike & Tina Turner;Glory, Glory;The Gospel According To Ike And Tina;album;2021;;-1;;;;
1454;Tina Turner;Beyond: Spiritual Message By Tina Turner;Beyond;colaboracion;2017;;-1;1722163;22029743;"Tina nació en 1939 con el nombre de Anna Mae Bullock, en Nutbush, pequeña población del Estado de Tennesse conocida por el cultivo de algodón y por donde transcurre la autopista 19, renombrada como Autopista Tina Turner en honor a la cantante. En 1971, Tina escribió una canción sobre su pueblo natal: Nutbush City Limits (Los Límites de Nutbush), que ha reversionado en el año 1991 y nuevamente en 2008.

Fue descubierta en un club de San Luis en 1957 por el pianista y guitarrista Ike Turner. <a href=""https://www.last.fm/music/Tina+Turner"">Read more on Last.fm</a>";Ike & Tina Turner, Cher, Whitney Houston, Diana Ross, Patti LaBelle
1454;Tina Turner;Ask Me How I Feel;Foreign Affair;album;1989;Rock;152;1722163;22029743;"Tina nació en 1939 con el nombre de Anna Mae Bullock, en Nutbush, pequeña población del Estado de Tennesse conocida por el cultivo de algodón y por donde transcurre la autopista 19, renombrada como Autopista Tina Turner en honor a la cantante. En 1971, Tina escribió una canción sobre su pueblo natal: Nutbush City Limits (Los Límites de Nutbush), que ha reversionado en el año 1991 y nuevamente en 2008.

Fue descubierta en un club de San Luis en 1957 por el pianista y guitarrista Ike Turner. <a href=""https://www.last.fm/music/Tina+Turner"">Read more on Last.fm</a>";Ike & Tina Turner, Cher, Whitney Houston, Diana Ross, Patti LaBelle
7599;Ike & Tina Turner;Proud Mary;Help Me Make It Through The Night;album;2008;Pop;132;;;;
1454;Tina Turner;Tonight (With David Bowie) (Live);Tina Live in Europe;colaboracion;1988;R&B;165;1722163;22029743;"Tina nació en 1939 con el nombre de Anna Mae Bullock, en Nutbush, pequeña población del Estado de Tennesse conocida por el cultivo de algodón y por donde transcurre la autopista 19, renombrada como Autopista Tina Turner en honor a la cantante. En 1971, Tina escribió una canción sobre su pueblo natal: Nutbush City Limits (Los Límites de Nutbush), que ha reversionado en el año 1991 y nuevamente en 2008.

Fue descubierta en un club de San Luis en 1957 por el pianista y guitarrista Ike Turner. <a href=""https://www.last.fm/music/Tina+Turner"">Read more on Last.fm</a>";Ike & Tina Turner, Cher, Whitney Houston, Diana Ross, Patti LaBelle
7599;Ike & Tina Turner;A Fool In Love;Best Of;album;2015;Rock;152;;;;
1454;Tina Turner;Disco Inferno;What's Love Got to Do with It?;album;1993;Rock;152;1722163;22029743;"Tina nació en 1939 con el nombre de Anna Mae Bullock, en Nutbush, pequeña población del Estado de Tennesse conocida por el cultivo de algodón y por donde transcurre la autopista 19, renombrada como Autopista Tina Turner en honor a la cantante. En 1971, Tina escribió una canción sobre su pueblo natal: Nutbush City Limits (Los Límites de Nutbush), que ha reversionado en el año 1991 y nuevamente en 2008.

Fue descubierta en un club de San Luis en 1957 por el pianista y guitarrista Ike Turner. <a href=""https://www.last.fm/music/Tina+Turner"">Read more on Last.fm</a>";Ike & Tina Turner, Cher, Whitney Houston, Diana Ross, Patti LaBelle
1454;Tina Turner;Calling by Tina;Children Beyond;colaboracion;2017;;-1;1722163;22029743;"Tina nació en 1939 con el nombre de Anna Mae Bullock, en Nutbush, pequeña población del Estado de Tennesse conocida por el cultivo de algodón y por donde transcurre la autopista 19, renombrada como Autopista Tina Turner en honor a la cantante. En 1971, Tina escribió una canción sobre su pueblo natal: Nutbush City Limits (Los Límites de Nutbush), que ha reversionado en el año 1991 y nuevamente en 2008.

Fue descubierta en un club de San Luis en 1957 por el pianista y guitarrista Ike Turner. <a href=""https://www.last.fm/music/Tina+Turner"">Read more on Last.fm</a>";Ike & Tina Turner, Cher, Whitney Houston, Diana Ross, Patti LaBelle
154334;Ike and Tina Turner;Nutbush City Limits;All the Best - the Hits;album;2005;R&B;165;;;;
7599;Ike & Tina Turner;Disco Inferno;Proud Mary;album;2013;R&B;165;;;;
1454;Tina Turner;Whatever You Need;Twenty Four Seven;album;1999;Rock;152;1722163;22029743;"Tina nació en 1939 con el nombre de Anna Mae Bullock, en Nutbush, pequeña población del Estado de Tennesse conocida por el cultivo de algodón y por donde transcurre la autopista 19, renombrada como Autopista Tina Turner en honor a la cantante. En 1971, Tina escribió una canción sobre su pueblo natal: Nutbush City Limits (Los Límites de Nutbush), que ha reversionado en el año 1991 y nuevamente en 2008.

Fue descubierta en un club de San Luis en 1957 por el pianista y guitarrista Ike Turner. <a href=""https://www.last.fm/music/Tina+Turner"">Read more on Last.fm</a>";Ike & Tina Turner, Cher, Whitney Houston, Diana Ross, Patti LaBelle
1454;Tina Turner;Addicted to Love (Live at Camden Palace, London);Tina Live in Europe;album;1988;R&B;165;1722163;22029743;"Tina nació en 1939 con el nombre de Anna Mae Bullock, en Nutbush, pequeña población del Estado de Tennesse conocida por el cultivo de algodón y por donde transcurre la autopista 19, renombrada como Autopista Tina Turner en honor a la cantante. En 1971, Tina escribió una canción sobre su pueblo natal: Nutbush City Limits (Los Límites de Nutbush), que ha reversionado en el año 1991 y nuevamente en 2008.

Fue descubierta en un club de San Luis en 1957 por el pianista y guitarrista Ike Turner. <a href=""https://www.last.fm/music/Tina+Turner"">Read more on Last.fm</a>";Ike & Tina Turner, Cher, Whitney Houston, Diana Ross, Patti LaBelle
1454;Tina Turner;Better Be Good to Me;All the Best - the Hits;album;2005;R&B;165;1722163;22029743;"Tina nació en 1939 con el nombre de Anna Mae Bullock, en Nutbush, pequeña población del Estado de Tennesse conocida por el cultivo de algodón y por donde transcurre la autopista 19, renombrada como Autopista Tina Turner en honor a la cantante. En 1971, Tina escribió una canción sobre su pueblo natal: Nutbush City Limits (Los Límites de Nutbush), que ha reversionado en el año 1991 y nuevamente en 2008.

Fue descubierta en un club de San Luis en 1957 por el pianista y guitarrista Ike Turner. <a href=""https://www.last.fm/music/Tina+Turner"">Read more on Last.fm</a>";Ike & Tina Turner, Cher, Whitney Houston, Diana Ross, Patti LaBelle
1454;Tina Turner;Help (Single Edit, 2025 Remaster);Private Dancer (40th Anniversary Edition);album;2025;Rock;152;1722163;22029743;"Tina nació en 1939 con el nombre de Anna Mae Bullock, en Nutbush, pequeña población del Estado de Tennesse conocida por el cultivo de algodón y por donde transcurre la autopista 19, renombrada como Autopista Tina Turner en honor a la cantante. En 1971, Tina escribió una canción sobre su pueblo natal: Nutbush City Limits (Los Límites de Nutbush), que ha reversionado en el año 1991 y nuevamente en 2008.

Fue descubierta en un club de San Luis en 1957 por el pianista y guitarrista Ike Turner. <a href=""https://www.last.fm/music/Tina+Turner"">Read more on Last.fm</a>";Ike & Tina Turner, Cher, Whitney Houston, Diana Ross, Patti LaBelle
7599;Ike & Tina Turner;I've Been Loving You Too Long;Best Of;album;2015;Rock;152;;;;
1454;Tina Turner;Proud Mary (Edit) (2023 Remaster);Queen Of Rock 'n' Roll;album;2023;Pop;132;1722163;22029743;"Tina nació en 1939 con el nombre de Anna Mae Bullock, en Nutbush, pequeña población del Estado de Tennesse conocida por el cultivo de algodón y por donde transcurre la autopista 19, renombrada como Autopista Tina Turner en honor a la cantante. En 1971, Tina escribió una canción sobre su pueblo natal: Nutbush City Limits (Los Límites de Nutbush), que ha reversionado en el año 1991 y nuevamente en 2008.

Fue descubierta en un club de San Luis en 1957 por el pianista y guitarrista Ike Turner. <a href=""https://www.last.fm/music/Tina+Turner"">Read more on Last.fm</a>";Ike & Tina Turner, Cher, Whitney Houston, Diana Ross, Patti LaBelle
3521;Donna Summer;Bad Girls;Bad Girls;album;2018;R&B;165;1645201;24858213;"LaDonna Andrea Gaines, (Boston, Massachusetts, Estados Unidos, 31 de diciembre de 1948 - Florida, Estados Unidos, 17 de mayo de 2012).

Fue una cantante y compositora musical afroamericana, mundialmente famosa por sus éxitos de géneros disco y pop en los años 70 y primeros 80. Entre sus canciones más recordadas se cuentan ""I Feel Love"", ""On the Radio"" y ""Last Dance"", ganadora de un premio Oscar en 1979. Dotada de una poderosa voz de mezzosoprano y llamada «Reina de la música disco» <a href=""https://www.last.fm/music/Donna+Summer"">Read more on Last.fm</a>";Diana Ross, Janet Jackson, Kylie Minogue, Cher, Sylvester
3521;Donna Summer;Hot Stuff;Bad Girls;album;2018;R&B;165;1645201;24858213;"LaDonna Andrea Gaines, (Boston, Massachusetts, Estados Unidos, 31 de diciembre de 1948 - Florida, Estados Unidos, 17 de mayo de 2012).

Fue una cantante y compositora musical afroamericana, mundialmente famosa por sus éxitos de géneros disco y pop en los años 70 y primeros 80. Entre sus canciones más recordadas se cuentan ""I Feel Love"", ""On the Radio"" y ""Last Dance"", ganadora de un premio Oscar en 1979. Dotada de una poderosa voz de mezzosoprano y llamada «Reina de la música disco» <a href=""https://www.last.fm/music/Donna+Summer"">Read more on Last.fm</a>";Diana Ross, Janet Jackson, Kylie Minogue, Cher, Sylvester
3521;Donna Summer;I Feel Love;I Remember Yesterday;album;1991;Disco;168;1645201;24858213;"LaDonna Andrea Gaines, (Boston, Massachusetts, Estados Unidos, 31 de diciembre de 1948 - Florida, Estados Unidos, 17 de mayo de 2012).

Fue una cantante y compositora musical afroamericana, mundialmente famosa por sus éxitos de géneros disco y pop en los años 70 y primeros 80. Entre sus canciones más recordadas se cuentan ""I Feel Love"", ""On the Radio"" y ""Last Dance"", ganadora de un premio Oscar en 1979. Dotada de una poderosa voz de mezzosoprano y llamada «Reina de la música disco» <a href=""https://www.last.fm/music/Donna+Summer"">Read more on Last.fm</a>";Diana Ross, Janet Jackson, Kylie Minogue, Cher, Sylvester
3521;Donna Summer;Love To Love You Baby (Single Edit);Summer: The Original Hits;album;2018;Pop;132;1645201;24858213;"LaDonna Andrea Gaines, (Boston, Massachusetts, Estados Unidos, 31 de diciembre de 1948 - Florida, Estados Unidos, 17 de mayo de 2012).

Fue una cantante y compositora musical afroamericana, mundialmente famosa por sus éxitos de géneros disco y pop en los años 70 y primeros 80. Entre sus canciones más recordadas se cuentan ""I Feel Love"", ""On the Radio"" y ""Last Dance"", ganadora de un premio Oscar en 1979. Dotada de una poderosa voz de mezzosoprano y llamada «Reina de la música disco» <a href=""https://www.last.fm/music/Donna+Summer"">Read more on Last.fm</a>";Diana Ross, Janet Jackson, Kylie Minogue, Cher, Sylvester
3521;Donna Summer;She Works Hard For The Money;She Works Hard For The Money;album;1987;R&B;165;1645201;24858213;"LaDonna Andrea Gaines, (Boston, Massachusetts, Estados Unidos, 31 de diciembre de 1948 - Florida, Estados Unidos, 17 de mayo de 2012).

Fue una cantante y compositora musical afroamericana, mundialmente famosa por sus éxitos de géneros disco y pop en los años 70 y primeros 80. Entre sus canciones más recordadas se cuentan ""I Feel Love"", ""On the Radio"" y ""Last Dance"", ganadora de un premio Oscar en 1979. Dotada de una poderosa voz de mezzosoprano y llamada «Reina de la música disco» <a href=""https://www.last.fm/music/Donna+Summer"">Read more on Last.fm</a>";Diana Ross, Janet Jackson, Kylie Minogue, Cher, Sylvester
3521;Donna Summer;On The Radio;Summer: The Original Hits;album;2018;Pop;132;1645201;24858213;"LaDonna Andrea Gaines, (Boston, Massachusetts, Estados Unidos, 31 de diciembre de 1948 - Florida, Estados Unidos, 17 de mayo de 2012).

Fue una cantante y compositora musical afroamericana, mundialmente famosa por sus éxitos de géneros disco y pop en los años 70 y primeros 80. Entre sus canciones más recordadas se cuentan ""I Feel Love"", ""On the Radio"" y ""Last Dance"", ganadora de un premio Oscar en 1979. Dotada de una poderosa voz de mezzosoprano y llamada «Reina de la música disco» <a href=""https://www.last.fm/music/Donna+Summer"">Read more on Last.fm</a>";Diana Ross, Janet Jackson, Kylie Minogue, Cher, Sylvester
3521;Donna Summer;Last Dance (Single Version);Summer: The Original Hits;album;2018;Pop;132;1645201;24858213;"LaDonna Andrea Gaines, (Boston, Massachusetts, Estados Unidos, 31 de diciembre de 1948 - Florida, Estados Unidos, 17 de mayo de 2012).

Fue una cantante y compositora musical afroamericana, mundialmente famosa por sus éxitos de géneros disco y pop en los años 70 y primeros 80. Entre sus canciones más recordadas se cuentan ""I Feel Love"", ""On the Radio"" y ""Last Dance"", ganadora de un premio Oscar en 1979. Dotada de una poderosa voz de mezzosoprano y llamada «Reina de la música disco» <a href=""https://www.last.fm/music/Donna+Summer"">Read more on Last.fm</a>";Diana Ross, Janet Jackson, Kylie Minogue, Cher, Sylvester
3521;Donna Summer;No More Tears (Enough Is Enough);Summer: The Original Hits;colaboracion;2018;Pop;132;1645201;24858213;"LaDonna Andrea Gaines, (Boston, Massachusetts, Estados Unidos, 31 de diciembre de 1948 - Florida, Estados Unidos, 17 de mayo de 2012).

Fue una cantante y compositora musical afroamericana, mundialmente famosa por sus éxitos de géneros disco y pop en los años 70 y primeros 80. Entre sus canciones más recordadas se cuentan ""I Feel Love"", ""On the Radio"" y ""Last Dance"", ganadora de un premio Oscar en 1979. Dotada de una poderosa voz de mezzosoprano y llamada «Reina de la música disco» <a href=""https://www.last.fm/music/Donna+Summer"">Read more on Last.fm</a>";Diana Ross, Janet Jackson, Kylie Minogue, Cher, Sylvester
3521;Donna Summer;"I Feel Love (12"" Version)";Bad Girls (Deluxe Edition);album;2018;Pop;132;1645201;24858213;"LaDonna Andrea Gaines, (Boston, Massachusetts, Estados Unidos, 31 de diciembre de 1948 - Florida, Estados Unidos, 17 de mayo de 2012).

Fue una cantante y compositora musical afroamericana, mundialmente famosa por sus éxitos de géneros disco y pop en los años 70 y primeros 80. Entre sus canciones más recordadas se cuentan ""I Feel Love"", ""On the Radio"" y ""Last Dance"", ganadora de un premio Oscar en 1979. Dotada de una poderosa voz de mezzosoprano y llamada «Reina de la música disco» <a href=""https://www.last.fm/music/Donna+Summer"">Read more on Last.fm</a>";Diana Ross, Janet Jackson, Kylie Minogue, Cher, Sylvester
3521;Donna Summer;Last Dance (Live);VH1 Presents Live & More Encore!;album;1999;Pop;132;1645201;24858213;"LaDonna Andrea Gaines, (Boston, Massachusetts, Estados Unidos, 31 de diciembre de 1948 - Florida, Estados Unidos, 17 de mayo de 2012).

Fue una cantante y compositora musical afroamericana, mundialmente famosa por sus éxitos de géneros disco y pop en los años 70 y primeros 80. Entre sus canciones más recordadas se cuentan ""I Feel Love"", ""On the Radio"" y ""Last Dance"", ganadora de un premio Oscar en 1979. Dotada de una poderosa voz de mezzosoprano y llamada «Reina de la música disco» <a href=""https://www.last.fm/music/Donna+Summer"">Read more on Last.fm</a>";Diana Ross, Janet Jackson, Kylie Minogue, Cher, Sylvester
3521;Donna Summer;Last Dance;On The Radio: Greatest Hits Volumes I & II;album;2018;R&B;165;1645201;24858213;"LaDonna Andrea Gaines, (Boston, Massachusetts, Estados Unidos, 31 de diciembre de 1948 - Florida, Estados Unidos, 17 de mayo de 2012).

Fue una cantante y compositora musical afroamericana, mundialmente famosa por sus éxitos de géneros disco y pop en los años 70 y primeros 80. Entre sus canciones más recordadas se cuentan ""I Feel Love"", ""On the Radio"" y ""Last Dance"", ganadora de un premio Oscar en 1979. Dotada de una poderosa voz de mezzosoprano y llamada «Reina de la música disco» <a href=""https://www.last.fm/music/Donna+Summer"">Read more on Last.fm</a>";Diana Ross, Janet Jackson, Kylie Minogue, Cher, Sylvester
3521;Donna Summer;Hot Stuff (Single Version);Summer: The Original Hits;album;2018;Pop;132;1645201;24858213;"LaDonna Andrea Gaines, (Boston, Massachusetts, Estados Unidos, 31 de diciembre de 1948 - Florida, Estados Unidos, 17 de mayo de 2012).

Fue una cantante y compositora musical afroamericana, mundialmente famosa por sus éxitos de géneros disco y pop en los años 70 y primeros 80. Entre sus canciones más recordadas se cuentan ""I Feel Love"", ""On the Radio"" y ""Last Dance"", ganadora de un premio Oscar en 1979. Dotada de una poderosa voz de mezzosoprano y llamada «Reina de la música disco» <a href=""https://www.last.fm/music/Donna+Summer"">Read more on Last.fm</a>";Diana Ross, Janet Jackson, Kylie Minogue, Cher, Sylvester
3521;Donna Summer;I Feel Love;Music For Seventies;album;2007;Pop;132;1645201;24858213;"LaDonna Andrea Gaines, (Boston, Massachusetts, Estados Unidos, 31 de diciembre de 1948 - Florida, Estados Unidos, 17 de mayo de 2012).

Fue una cantante y compositora musical afroamericana, mundialmente famosa por sus éxitos de géneros disco y pop en los años 70 y primeros 80. Entre sus canciones más recordadas se cuentan ""I Feel Love"", ""On the Radio"" y ""Last Dance"", ganadora de un premio Oscar en 1979. Dotada de una poderosa voz de mezzosoprano y llamada «Reina de la música disco» <a href=""https://www.last.fm/music/Donna+Summer"">Read more on Last.fm</a>";Diana Ross, Janet Jackson, Kylie Minogue, Cher, Sylvester
3521;Donna Summer;Come With Me;A Love Trilogy;album;2018;Disco;168;1645201;24858213;"LaDonna Andrea Gaines, (Boston, Massachusetts, Estados Unidos, 31 de diciembre de 1948 - Florida, Estados Unidos, 17 de mayo de 2012).

Fue una cantante y compositora musical afroamericana, mundialmente famosa por sus éxitos de géneros disco y pop en los años 70 y primeros 80. Entre sus canciones más recordadas se cuentan ""I Feel Love"", ""On the Radio"" y ""Last Dance"", ganadora de un premio Oscar en 1979. Dotada de una poderosa voz de mezzosoprano y llamada «Reina de la música disco» <a href=""https://www.last.fm/music/Donna+Summer"">Read more on Last.fm</a>";Diana Ross, Janet Jackson, Kylie Minogue, Cher, Sylvester
3521;Donna Summer;I Don't Wanna Get Hurt;Another Place & Time;album;1989;Pop;132;1645201;24858213;"LaDonna Andrea Gaines, (Boston, Massachusetts, Estados Unidos, 31 de diciembre de 1948 - Florida, Estados Unidos, 17 de mayo de 2012).

Fue una cantante y compositora musical afroamericana, mundialmente famosa por sus éxitos de géneros disco y pop en los años 70 y primeros 80. Entre sus canciones más recordadas se cuentan ""I Feel Love"", ""On the Radio"" y ""Last Dance"", ganadora de un premio Oscar en 1979. Dotada de una poderosa voz de mezzosoprano y llamada «Reina de la música disco» <a href=""https://www.last.fm/music/Donna+Summer"">Read more on Last.fm</a>";Diana Ross, Janet Jackson, Kylie Minogue, Cher, Sylvester
3521;Donna Summer;Could It Be Magic;A Love Trilogy;album;2018;Disco;168;1645201;24858213;"LaDonna Andrea Gaines, (Boston, Massachusetts, Estados Unidos, 31 de diciembre de 1948 - Florida, Estados Unidos, 17 de mayo de 2012).

Fue una cantante y compositora musical afroamericana, mundialmente famosa por sus éxitos de géneros disco y pop en los años 70 y primeros 80. Entre sus canciones más recordadas se cuentan ""I Feel Love"", ""On the Radio"" y ""Last Dance"", ganadora de un premio Oscar en 1979. Dotada de una poderosa voz de mezzosoprano y llamada «Reina de la música disco» <a href=""https://www.last.fm/music/Donna+Summer"">Read more on Last.fm</a>";Diana Ross, Janet Jackson, Kylie Minogue, Cher, Sylvester
3521;Donna Summer;Hot Stuff;The Dance Collection;album;1989;R&B;165;1645201;24858213;"LaDonna Andrea Gaines, (Boston, Massachusetts, Estados Unidos, 31 de diciembre de 1948 - Florida, Estados Unidos, 17 de mayo de 2012).

Fue una cantante y compositora musical afroamericana, mundialmente famosa por sus éxitos de géneros disco y pop en los años 70 y primeros 80. Entre sus canciones más recordadas se cuentan ""I Feel Love"", ""On the Radio"" y ""Last Dance"", ganadora de un premio Oscar en 1979. Dotada de una poderosa voz de mezzosoprano y llamada «Reina de la música disco» <a href=""https://www.last.fm/music/Donna+Summer"">Read more on Last.fm</a>";Diana Ross, Janet Jackson, Kylie Minogue, Cher, Sylvester
3521;Donna Summer;No More Tears (Enough Is Enough);The Dance Collection;colaboracion;1989;R&B;165;1645201;24858213;"LaDonna Andrea Gaines, (Boston, Massachusetts, Estados Unidos, 31 de diciembre de 1948 - Florida, Estados Unidos, 17 de mayo de 2012).

Fue una cantante y compositora musical afroamericana, mundialmente famosa por sus éxitos de géneros disco y pop en los años 70 y primeros 80. Entre sus canciones más recordadas se cuentan ""I Feel Love"", ""On the Radio"" y ""Last Dance"", ganadora de un premio Oscar en 1979. Dotada de una poderosa voz de mezzosoprano y llamada «Reina de la música disco» <a href=""https://www.last.fm/music/Donna+Summer"">Read more on Last.fm</a>";Diana Ross, Janet Jackson, Kylie Minogue, Cher, Sylvester
3521;Donna Summer;Try Me, I Know We Can Make It;A Love Trilogy;album;2018;Disco;168;1645201;24858213;"LaDonna Andrea Gaines, (Boston, Massachusetts, Estados Unidos, 31 de diciembre de 1948 - Florida, Estados Unidos, 17 de mayo de 2012).

Fue una cantante y compositora musical afroamericana, mundialmente famosa por sus éxitos de géneros disco y pop en los años 70 y primeros 80. Entre sus canciones más recordadas se cuentan ""I Feel Love"", ""On the Radio"" y ""Last Dance"", ganadora de un premio Oscar en 1979. Dotada de una poderosa voz de mezzosoprano y llamada «Reina de la música disco» <a href=""https://www.last.fm/music/Donna+Summer"">Read more on Last.fm</a>";Diana Ross, Janet Jackson, Kylie Minogue, Cher, Sylvester
3521;Donna Summer;I Will Go With You (Con Te Partiro) (Radio Edit);VH1 Presents Live & More Encore!;album;1999;Pop;132;1645201;24858213;"LaDonna Andrea Gaines, (Boston, Massachusetts, Estados Unidos, 31 de diciembre de 1948 - Florida, Estados Unidos, 17 de mayo de 2012).

Fue una cantante y compositora musical afroamericana, mundialmente famosa por sus éxitos de géneros disco y pop en los años 70 y primeros 80. Entre sus canciones más recordadas se cuentan ""I Feel Love"", ""On the Radio"" y ""Last Dance"", ganadora de un premio Oscar en 1979. Dotada de una poderosa voz de mezzosoprano y llamada «Reina de la música disco» <a href=""https://www.last.fm/music/Donna+Summer"">Read more on Last.fm</a>";Diana Ross, Janet Jackson, Kylie Minogue, Cher, Sylvester
3521;Donna Summer;Heaven Knows;Summer: The Original Hits;colaboracion;2018;Pop;132;1645201;24858213;"LaDonna Andrea Gaines, (Boston, Massachusetts, Estados Unidos, 31 de diciembre de 1948 - Florida, Estados Unidos, 17 de mayo de 2012).

Fue una cantante y compositora musical afroamericana, mundialmente famosa por sus éxitos de géneros disco y pop en los años 70 y primeros 80. Entre sus canciones más recordadas se cuentan ""I Feel Love"", ""On the Radio"" y ""Last Dance"", ganadora de un premio Oscar en 1979. Dotada de una poderosa voz de mezzosoprano y llamada «Reina de la música disco» <a href=""https://www.last.fm/music/Donna+Summer"">Read more on Last.fm</a>";Diana Ross, Janet Jackson, Kylie Minogue, Cher, Sylvester
3521;Donna Summer;This Time I Know It's for Real;Another Place & Time;album;1989;Pop;132;1645201;24858213;"LaDonna Andrea Gaines, (Boston, Massachusetts, Estados Unidos, 31 de diciembre de 1948 - Florida, Estados Unidos, 17 de mayo de 2012).

Fue una cantante y compositora musical afroamericana, mundialmente famosa por sus éxitos de géneros disco y pop en los años 70 y primeros 80. Entre sus canciones más recordadas se cuentan ""I Feel Love"", ""On the Radio"" y ""Last Dance"", ganadora de un premio Oscar en 1979. Dotada de una poderosa voz de mezzosoprano y llamada «Reina de la música disco» <a href=""https://www.last.fm/music/Donna+Summer"">Read more on Last.fm</a>";Diana Ross, Janet Jackson, Kylie Minogue, Cher, Sylvester
3521;Donna Summer;Last Dance;Estrellas De Los 70;album;2023;Pop;132;1645201;24858213;"LaDonna Andrea Gaines, (Boston, Massachusetts, Estados Unidos, 31 de diciembre de 1948 - Florida, Estados Unidos, 17 de mayo de 2012).

Fue una cantante y compositora musical afroamericana, mundialmente famosa por sus éxitos de géneros disco y pop en los años 70 y primeros 80. Entre sus canciones más recordadas se cuentan ""I Feel Love"", ""On the Radio"" y ""Last Dance"", ganadora de un premio Oscar en 1979. Dotada de una poderosa voz de mezzosoprano y llamada «Reina de la música disco» <a href=""https://www.last.fm/music/Donna+Summer"">Read more on Last.fm</a>";Diana Ross, Janet Jackson, Kylie Minogue, Cher, Sylvester
3521;Donna Summer;Love's About to Change My Heart;Another Place & Time;album;1989;Pop;132;1645201;24858213;"LaDonna Andrea Gaines, (Boston, Massachusetts, Estados Unidos, 31 de diciembre de 1948 - Florida, Estados Unidos, 17 de mayo de 2012).

Fue una cantante y compositora musical afroamericana, mundialmente famosa por sus éxitos de géneros disco y pop en los años 70 y primeros 80. Entre sus canciones más recordadas se cuentan ""I Feel Love"", ""On the Radio"" y ""Last Dance"", ganadora de un premio Oscar en 1979. Dotada de una poderosa voz de mezzosoprano y llamada «Reina de la música disco» <a href=""https://www.last.fm/music/Donna+Summer"">Read more on Last.fm</a>";Diana Ross, Janet Jackson, Kylie Minogue, Cher, Sylvester
3521;Donna Summer;Love Will Always Find You;Bad Girls;album;2018;R&B;165;1645201;24858213;"LaDonna Andrea Gaines, (Boston, Massachusetts, Estados Unidos, 31 de diciembre de 1948 - Florida, Estados Unidos, 17 de mayo de 2012).

Fue una cantante y compositora musical afroamericana, mundialmente famosa por sus éxitos de géneros disco y pop en los años 70 y primeros 80. Entre sus canciones más recordadas se cuentan ""I Feel Love"", ""On the Radio"" y ""Last Dance"", ganadora de un premio Oscar en 1979. Dotada de una poderosa voz de mezzosoprano y llamada «Reina de la música disco» <a href=""https://www.last.fm/music/Donna+Summer"">Read more on Last.fm</a>";Diana Ross, Janet Jackson, Kylie Minogue, Cher, Sylvester
3521;Donna Summer;I Feel Love;On The Radio: Greatest Hits Volumes I & II;album;2018;R&B;165;1645201;24858213;"LaDonna Andrea Gaines, (Boston, Massachusetts, Estados Unidos, 31 de diciembre de 1948 - Florida, Estados Unidos, 17 de mayo de 2012).

Fue una cantante y compositora musical afroamericana, mundialmente famosa por sus éxitos de géneros disco y pop en los años 70 y primeros 80. Entre sus canciones más recordadas se cuentan ""I Feel Love"", ""On the Radio"" y ""Last Dance"", ganadora de un premio Oscar en 1979. Dotada de una poderosa voz de mezzosoprano y llamada «Reina de la música disco» <a href=""https://www.last.fm/music/Donna+Summer"">Read more on Last.fm</a>";Diana Ross, Janet Jackson, Kylie Minogue, Cher, Sylvester
3521;Donna Summer;MacArthur Park (Single Version);Summer: The Original Hits;album;2018;Pop;132;1645201;24858213;"LaDonna Andrea Gaines, (Boston, Massachusetts, Estados Unidos, 31 de diciembre de 1948 - Florida, Estados Unidos, 17 de mayo de 2012).

Fue una cantante y compositora musical afroamericana, mundialmente famosa por sus éxitos de géneros disco y pop en los años 70 y primeros 80. Entre sus canciones más recordadas se cuentan ""I Feel Love"", ""On the Radio"" y ""Last Dance"", ganadora de un premio Oscar en 1979. Dotada de una poderosa voz de mezzosoprano y llamada «Reina de la música disco» <a href=""https://www.last.fm/music/Donna+Summer"">Read more on Last.fm</a>";Diana Ross, Janet Jackson, Kylie Minogue, Cher, Sylvester
3521;Donna Summer;Hot Stuff;Dance #1's;album;2007;Dance;113;1645201;24858213;"LaDonna Andrea Gaines, (Boston, Massachusetts, Estados Unidos, 31 de diciembre de 1948 - Florida, Estados Unidos, 17 de mayo de 2012).

Fue una cantante y compositora musical afroamericana, mundialmente famosa por sus éxitos de géneros disco y pop en los años 70 y primeros 80. Entre sus canciones más recordadas se cuentan ""I Feel Love"", ""On the Radio"" y ""Last Dance"", ganadora de un premio Oscar en 1979. Dotada de una poderosa voz de mezzosoprano y llamada «Reina de la música disco» <a href=""https://www.last.fm/music/Donna+Summer"">Read more on Last.fm</a>";Diana Ross, Janet Jackson, Kylie Minogue, Cher, Sylvester
3521;Donna Summer;Romeo (2014 Remaster);I'm a Rainbow (Re-Mastered & Expanded);album;2014;Pop;132;1645201;24858213;"LaDonna Andrea Gaines, (Boston, Massachusetts, Estados Unidos, 31 de diciembre de 1948 - Florida, Estados Unidos, 17 de mayo de 2012).

Fue una cantante y compositora musical afroamericana, mundialmente famosa por sus éxitos de géneros disco y pop en los años 70 y primeros 80. Entre sus canciones más recordadas se cuentan ""I Feel Love"", ""On the Radio"" y ""Last Dance"", ganadora de un premio Oscar en 1979. Dotada de una poderosa voz de mezzosoprano y llamada «Reina de la música disco» <a href=""https://www.last.fm/music/Donna+Summer"">Read more on Last.fm</a>";Diana Ross, Janet Jackson, Kylie Minogue, Cher, Sylvester
3521;Donna Summer;Love To Love You Baby;Love To Love You Baby;album;2018;Disco;168;1645201;24858213;"LaDonna Andrea Gaines, (Boston, Massachusetts, Estados Unidos, 31 de diciembre de 1948 - Florida, Estados Unidos, 17 de mayo de 2012).

Fue una cantante y compositora musical afroamericana, mundialmente famosa por sus éxitos de géneros disco y pop en los años 70 y primeros 80. Entre sus canciones más recordadas se cuentan ""I Feel Love"", ""On the Radio"" y ""Last Dance"", ganadora de un premio Oscar en 1979. Dotada de una poderosa voz de mezzosoprano y llamada «Reina de la música disco» <a href=""https://www.last.fm/music/Donna+Summer"">Read more on Last.fm</a>";Diana Ross, Janet Jackson, Kylie Minogue, Cher, Sylvester
3521;Donna Summer;Prelude To Love;A Love Trilogy;album;2018;Disco;168;1645201;24858213;"LaDonna Andrea Gaines, (Boston, Massachusetts, Estados Unidos, 31 de diciembre de 1948 - Florida, Estados Unidos, 17 de mayo de 2012).

Fue una cantante y compositora musical afroamericana, mundialmente famosa por sus éxitos de géneros disco y pop en los años 70 y primeros 80. Entre sus canciones más recordadas se cuentan ""I Feel Love"", ""On the Radio"" y ""Last Dance"", ganadora de un premio Oscar en 1979. Dotada de una poderosa voz de mezzosoprano y llamada «Reina de la música disco» <a href=""https://www.last.fm/music/Donna+Summer"">Read more on Last.fm</a>";Diana Ross, Janet Jackson, Kylie Minogue, Cher, Sylvester
3521;Donna Summer;Love's Unkind;I Remember Yesterday;album;1991;Disco;168;1645201;24858213;"LaDonna Andrea Gaines, (Boston, Massachusetts, Estados Unidos, 31 de diciembre de 1948 - Florida, Estados Unidos, 17 de mayo de 2012).

Fue una cantante y compositora musical afroamericana, mundialmente famosa por sus éxitos de géneros disco y pop en los años 70 y primeros 80. Entre sus canciones más recordadas se cuentan ""I Feel Love"", ""On the Radio"" y ""Last Dance"", ganadora de un premio Oscar en 1979. Dotada de una poderosa voz de mezzosoprano y llamada «Reina de la música disco» <a href=""https://www.last.fm/music/Donna+Summer"">Read more on Last.fm</a>";Diana Ross, Janet Jackson, Kylie Minogue, Cher, Sylvester
3521;Donna Summer;Winter Melody;Four Seasons Of Love (Reissue);album;2018;Disco;168;1645201;24858213;"LaDonna Andrea Gaines, (Boston, Massachusetts, Estados Unidos, 31 de diciembre de 1948 - Florida, Estados Unidos, 17 de mayo de 2012).

Fue una cantante y compositora musical afroamericana, mundialmente famosa por sus éxitos de géneros disco y pop en los años 70 y primeros 80. Entre sus canciones más recordadas se cuentan ""I Feel Love"", ""On the Radio"" y ""Last Dance"", ganadora de un premio Oscar en 1979. Dotada de una poderosa voz de mezzosoprano y llamada «Reina de la música disco» <a href=""https://www.last.fm/music/Donna+Summer"">Read more on Last.fm</a>";Diana Ross, Janet Jackson, Kylie Minogue, Cher, Sylvester
3521;Donna Summer;Hot Stuff (Single Version);On The Radio: Greatest Hits Volumes I & II;album;2018;R&B;165;1645201;24858213;"LaDonna Andrea Gaines, (Boston, Massachusetts, Estados Unidos, 31 de diciembre de 1948 - Florida, Estados Unidos, 17 de mayo de 2012).

Fue una cantante y compositora musical afroamericana, mundialmente famosa por sus éxitos de géneros disco y pop en los años 70 y primeros 80. Entre sus canciones más recordadas se cuentan ""I Feel Love"", ""On the Radio"" y ""Last Dance"", ganadora de un premio Oscar en 1979. Dotada de una poderosa voz de mezzosoprano y llamada «Reina de la música disco» <a href=""https://www.last.fm/music/Donna+Summer"">Read more on Last.fm</a>";Diana Ross, Janet Jackson, Kylie Minogue, Cher, Sylvester
3521;Donna Summer;On the Radio (Live);VH1 Presents Live & More Encore!;album;1999;Pop;132;1645201;24858213;"LaDonna Andrea Gaines, (Boston, Massachusetts, Estados Unidos, 31 de diciembre de 1948 - Florida, Estados Unidos, 17 de mayo de 2012).

Fue una cantante y compositora musical afroamericana, mundialmente famosa por sus éxitos de géneros disco y pop en los años 70 y primeros 80. Entre sus canciones más recordadas se cuentan ""I Feel Love"", ""On the Radio"" y ""Last Dance"", ganadora de un premio Oscar en 1979. Dotada de una poderosa voz de mezzosoprano y llamada «Reina de la música disco» <a href=""https://www.last.fm/music/Donna+Summer"">Read more on Last.fm</a>";Diana Ross, Janet Jackson, Kylie Minogue, Cher, Sylvester
3521;Donna Summer;Bad Girls (Single Version / Edited);Summer: The Original Hits;album;2018;Pop;132;1645201;24858213;"LaDonna Andrea Gaines, (Boston, Massachusetts, Estados Unidos, 31 de diciembre de 1948 - Florida, Estados Unidos, 17 de mayo de 2012).

Fue una cantante y compositora musical afroamericana, mundialmente famosa por sus éxitos de géneros disco y pop en los años 70 y primeros 80. Entre sus canciones más recordadas se cuentan ""I Feel Love"", ""On the Radio"" y ""Last Dance"", ganadora de un premio Oscar en 1979. Dotada de una poderosa voz de mezzosoprano y llamada «Reina de la música disco» <a href=""https://www.last.fm/music/Donna+Summer"">Read more on Last.fm</a>";Diana Ross, Janet Jackson, Kylie Minogue, Cher, Sylvester
3521;Donna Summer;MacArthur Park Suite: MacArthur Park/One Of A Kind/Heavens Knows/MacArthur Park Reprise;Live And More;album;2018;Disco;168;1645201;24858213;"LaDonna Andrea Gaines, (Boston, Massachusetts, Estados Unidos, 31 de diciembre de 1948 - Florida, Estados Unidos, 17 de mayo de 2012).

Fue una cantante y compositora musical afroamericana, mundialmente famosa por sus éxitos de géneros disco y pop en los años 70 y primeros 80. Entre sus canciones más recordadas se cuentan ""I Feel Love"", ""On the Radio"" y ""Last Dance"", ganadora de un premio Oscar en 1979. Dotada de una poderosa voz de mezzosoprano y llamada «Reina de la música disco» <a href=""https://www.last.fm/music/Donna+Summer"">Read more on Last.fm</a>";Diana Ross, Janet Jackson, Kylie Minogue, Cher, Sylvester
3521;Donna Summer;Last Dance (Live At Universal Amphitheatre, Los Angeles/1978);Live And More;album;2018;Disco;168;1645201;24858213;"LaDonna Andrea Gaines, (Boston, Massachusetts, Estados Unidos, 31 de diciembre de 1948 - Florida, Estados Unidos, 17 de mayo de 2012).

Fue una cantante y compositora musical afroamericana, mundialmente famosa por sus éxitos de géneros disco y pop en los años 70 y primeros 80. Entre sus canciones más recordadas se cuentan ""I Feel Love"", ""On the Radio"" y ""Last Dance"", ganadora de un premio Oscar en 1979. Dotada de una poderosa voz de mezzosoprano y llamada «Reina de la música disco» <a href=""https://www.last.fm/music/Donna+Summer"">Read more on Last.fm</a>";Diana Ross, Janet Jackson, Kylie Minogue, Cher, Sylvester
3521;Donna Summer;MacArthur Park (Live);VH1 Presents Live & More Encore!;album;1999;Pop;132;1645201;24858213;"LaDonna Andrea Gaines, (Boston, Massachusetts, Estados Unidos, 31 de diciembre de 1948 - Florida, Estados Unidos, 17 de mayo de 2012).

Fue una cantante y compositora musical afroamericana, mundialmente famosa por sus éxitos de géneros disco y pop en los años 70 y primeros 80. Entre sus canciones más recordadas se cuentan ""I Feel Love"", ""On the Radio"" y ""Last Dance"", ganadora de un premio Oscar en 1979. Dotada de una poderosa voz de mezzosoprano y llamada «Reina de la música disco» <a href=""https://www.last.fm/music/Donna+Summer"">Read more on Last.fm</a>";Diana Ross, Janet Jackson, Kylie Minogue, Cher, Sylvester
3521;Donna Summer;Hot Stuff (Ralphi Rosario And Erick Ibiza 2018 Rework);Hot Stuff (Ralphi Rosario And Erick Ibiza 2018 Rework);colaboracion;2018;Pop;132;1645201;24858213;"LaDonna Andrea Gaines, (Boston, Massachusetts, Estados Unidos, 31 de diciembre de 1948 - Florida, Estados Unidos, 17 de mayo de 2012).

Fue una cantante y compositora musical afroamericana, mundialmente famosa por sus éxitos de géneros disco y pop en los años 70 y primeros 80. Entre sus canciones más recordadas se cuentan ""I Feel Love"", ""On the Radio"" y ""Last Dance"", ganadora de un premio Oscar en 1979. Dotada de una poderosa voz de mezzosoprano y llamada «Reina de la música disco» <a href=""https://www.last.fm/music/Donna+Summer"">Read more on Last.fm</a>";Diana Ross, Janet Jackson, Kylie Minogue, Cher, Sylvester
2025;Cyndi Lauper;Time After Time;She's So Unusual;album;1983;Pop;132;3042711;38868049;"Cynthia Ann Stephanie Lauper, más conocida como Cyndi Lauper nació en Brooklyn, Nueva York, el 22 de Junio de 1953. Hija de Fred Lauper y Catrine Dominique (que aparecen en varios de sus videos), tiene dos hermanos, Elen y Fred. Tras el divorcio de sus padres, se mudó con su madre y hermanos a Queens. A los 12 años ya componía y tocaba la guitarra.

Cindy Lauper empezó su carrera artística como cantante de un grupo de Long Island llamado Doc West. <a href=""https://www.last.fm/music/Cyndi+Lauper"">Read more on Last.fm</a>";Laura Branigan, Cher, The Bangles, Tina Turner, Bonnie Tyler
2025;Cyndi Lauper;Girls Just Want to Have Fun;She's So Unusual;album;1983;Pop;132;3042711;38868049;"Cynthia Ann Stephanie Lauper, más conocida como Cyndi Lauper nació en Brooklyn, Nueva York, el 22 de Junio de 1953. Hija de Fred Lauper y Catrine Dominique (que aparecen en varios de sus videos), tiene dos hermanos, Elen y Fred. Tras el divorcio de sus padres, se mudó con su madre y hermanos a Queens. A los 12 años ya componía y tocaba la guitarra.

Cindy Lauper empezó su carrera artística como cantante de un grupo de Long Island llamado Doc West. <a href=""https://www.last.fm/music/Cyndi+Lauper"">Read more on Last.fm</a>";Laura Branigan, Cher, The Bangles, Tina Turner, Bonnie Tyler
2025;Cyndi Lauper;True Colors;True Colors: The Best Of Cyndi Lauper;album;2014;Pop;132;3042711;38868049;"Cynthia Ann Stephanie Lauper, más conocida como Cyndi Lauper nació en Brooklyn, Nueva York, el 22 de Junio de 1953. Hija de Fred Lauper y Catrine Dominique (que aparecen en varios de sus videos), tiene dos hermanos, Elen y Fred. Tras el divorcio de sus padres, se mudó con su madre y hermanos a Queens. A los 12 años ya componía y tocaba la guitarra.

Cindy Lauper empezó su carrera artística como cantante de un grupo de Long Island llamado Doc West. <a href=""https://www.last.fm/music/Cyndi+Lauper"">Read more on Last.fm</a>";Laura Branigan, Cher, The Bangles, Tina Turner, Bonnie Tyler
2025;Cyndi Lauper;I Drove All Night;True Colors: The Best Of Cyndi Lauper;album;2014;Pop;132;3042711;38868049;"Cynthia Ann Stephanie Lauper, más conocida como Cyndi Lauper nació en Brooklyn, Nueva York, el 22 de Junio de 1953. Hija de Fred Lauper y Catrine Dominique (que aparecen en varios de sus videos), tiene dos hermanos, Elen y Fred. Tras el divorcio de sus padres, se mudó con su madre y hermanos a Queens. A los 12 años ya componía y tocaba la guitarra.

Cindy Lauper empezó su carrera artística como cantante de un grupo de Long Island llamado Doc West. <a href=""https://www.last.fm/music/Cyndi+Lauper"">Read more on Last.fm</a>";Laura Branigan, Cher, The Bangles, Tina Turner, Bonnie Tyler
2025;Cyndi Lauper;Hey Now (Girls Just Want to Have Fun);Twelve Deadly Cyns...And Then Some;album;1994;Pop;132;3042711;38868049;"Cynthia Ann Stephanie Lauper, más conocida como Cyndi Lauper nació en Brooklyn, Nueva York, el 22 de Junio de 1953. Hija de Fred Lauper y Catrine Dominique (que aparecen en varios de sus videos), tiene dos hermanos, Elen y Fred. Tras el divorcio de sus padres, se mudó con su madre y hermanos a Queens. A los 12 años ya componía y tocaba la guitarra.

Cindy Lauper empezó su carrera artística como cantante de un grupo de Long Island llamado Doc West. <a href=""https://www.last.fm/music/Cyndi+Lauper"">Read more on Last.fm</a>";Laura Branigan, Cher, The Bangles, Tina Turner, Bonnie Tyler
2025;Cyndi Lauper;Early In The Mornin' (feat. Allen Toussaint & B.B. King);Let The Canary Sing;colaboracion;2024;Pop;132;3042711;38868049;"Cynthia Ann Stephanie Lauper, más conocida como Cyndi Lauper nació en Brooklyn, Nueva York, el 22 de Junio de 1953. Hija de Fred Lauper y Catrine Dominique (que aparecen en varios de sus videos), tiene dos hermanos, Elen y Fred. Tras el divorcio de sus padres, se mudó con su madre y hermanos a Queens. A los 12 años ya componía y tocaba la guitarra.

Cindy Lauper empezó su carrera artística como cantante de un grupo de Long Island llamado Doc West. <a href=""https://www.last.fm/music/Cyndi+Lauper"">Read more on Last.fm</a>";Laura Branigan, Cher, The Bangles, Tina Turner, Bonnie Tyler
2025;Cyndi Lauper;Time After Time (feat. Sarah McLachlan);The Body Acoustic;colaboracion;2005;Pop;132;3042711;38868049;"Cynthia Ann Stephanie Lauper, más conocida como Cyndi Lauper nació en Brooklyn, Nueva York, el 22 de Junio de 1953. Hija de Fred Lauper y Catrine Dominique (que aparecen en varios de sus videos), tiene dos hermanos, Elen y Fred. Tras el divorcio de sus padres, se mudó con su madre y hermanos a Queens. A los 12 años ya componía y tocaba la guitarra.

Cindy Lauper empezó su carrera artística como cantante de un grupo de Long Island llamado Doc West. <a href=""https://www.last.fm/music/Cyndi+Lauper"">Read more on Last.fm</a>";Laura Branigan, Cher, The Bangles, Tina Turner, Bonnie Tyler
2025;Cyndi Lauper;All Through the Night;True Colors: The Best Of Cyndi Lauper;album;2014;Pop;132;3042711;38868049;"Cynthia Ann Stephanie Lauper, más conocida como Cyndi Lauper nació en Brooklyn, Nueva York, el 22 de Junio de 1953. Hija de Fred Lauper y Catrine Dominique (que aparecen en varios de sus videos), tiene dos hermanos, Elen y Fred. Tras el divorcio de sus padres, se mudó con su madre y hermanos a Queens. A los 12 años ya componía y tocaba la guitarra.

Cindy Lauper empezó su carrera artística como cantante de un grupo de Long Island llamado Doc West. <a href=""https://www.last.fm/music/Cyndi+Lauper"">Read more on Last.fm</a>";Laura Branigan, Cher, The Bangles, Tina Turner, Bonnie Tyler
2025;Cyndi Lauper;"The Goonies 'R' Good Enough (From ""The Goonies"" Soundtrack)";The Goonies (Original Motion Picture Soundtrack);album;1985;Películas/Juegos;173;3042711;38868049;"Cynthia Ann Stephanie Lauper, más conocida como Cyndi Lauper nació en Brooklyn, Nueva York, el 22 de Junio de 1953. Hija de Fred Lauper y Catrine Dominique (que aparecen en varios de sus videos), tiene dos hermanos, Elen y Fred. Tras el divorcio de sus padres, se mudó con su madre y hermanos a Queens. A los 12 años ya componía y tocaba la guitarra.

Cindy Lauper empezó su carrera artística como cantante de un grupo de Long Island llamado Doc West. <a href=""https://www.last.fm/music/Cyndi+Lauper"">Read more on Last.fm</a>";Laura Branigan, Cher, The Bangles, Tina Turner, Bonnie Tyler
2025;Cyndi Lauper;She Bop;True Colors: The Best Of Cyndi Lauper;album;2014;Pop;132;3042711;38868049;"Cynthia Ann Stephanie Lauper, más conocida como Cyndi Lauper nació en Brooklyn, Nueva York, el 22 de Junio de 1953. Hija de Fred Lauper y Catrine Dominique (que aparecen en varios de sus videos), tiene dos hermanos, Elen y Fred. Tras el divorcio de sus padres, se mudó con su madre y hermanos a Queens. A los 12 años ya componía y tocaba la guitarra.

Cindy Lauper empezó su carrera artística como cantante de un grupo de Long Island llamado Doc West. <a href=""https://www.last.fm/music/Cyndi+Lauper"">Read more on Last.fm</a>";Laura Branigan, Cher, The Bangles, Tina Turner, Bonnie Tyler
2025;Cyndi Lauper;True Colors;The Body Acoustic;album;2005;Pop;132;3042711;38868049;"Cynthia Ann Stephanie Lauper, más conocida como Cyndi Lauper nació en Brooklyn, Nueva York, el 22 de Junio de 1953. Hija de Fred Lauper y Catrine Dominique (que aparecen en varios de sus videos), tiene dos hermanos, Elen y Fred. Tras el divorcio de sus padres, se mudó con su madre y hermanos a Queens. A los 12 años ya componía y tocaba la guitarra.

Cindy Lauper empezó su carrera artística como cantante de un grupo de Long Island llamado Doc West. <a href=""https://www.last.fm/music/Cyndi+Lauper"">Read more on Last.fm</a>";Laura Branigan, Cher, The Bangles, Tina Turner, Bonnie Tyler
2025;Cyndi Lauper;Intros / She Bop (Live) (Remastered);Live At The Agora Ballroom, Cleveland, Ohio, 14 December, 1983 (Remastered);album;2015;Pop;132;3042711;38868049;"Cynthia Ann Stephanie Lauper, más conocida como Cyndi Lauper nació en Brooklyn, Nueva York, el 22 de Junio de 1953. Hija de Fred Lauper y Catrine Dominique (que aparecen en varios de sus videos), tiene dos hermanos, Elen y Fred. Tras el divorcio de sus padres, se mudó con su madre y hermanos a Queens. A los 12 años ya componía y tocaba la guitarra.

Cindy Lauper empezó su carrera artística como cantante de un grupo de Long Island llamado Doc West. <a href=""https://www.last.fm/music/Cyndi+Lauper"">Read more on Last.fm</a>";Laura Branigan, Cher, The Bangles, Tina Turner, Bonnie Tyler
2025;Cyndi Lauper;Yeah Yeah (Live) (Remastered);Live At The Agora Ballroom, Cleveland, Ohio, 14 December, 1983 (Remastered);album;2015;Pop;132;3042711;38868049;"Cynthia Ann Stephanie Lauper, más conocida como Cyndi Lauper nació en Brooklyn, Nueva York, el 22 de Junio de 1953. Hija de Fred Lauper y Catrine Dominique (que aparecen en varios de sus videos), tiene dos hermanos, Elen y Fred. Tras el divorcio de sus padres, se mudó con su madre y hermanos a Queens. A los 12 años ya componía y tocaba la guitarra.

Cindy Lauper empezó su carrera artística como cantante de un grupo de Long Island llamado Doc West. <a href=""https://www.last.fm/music/Cyndi+Lauper"">Read more on Last.fm</a>";Laura Branigan, Cher, The Bangles, Tina Turner, Bonnie Tyler
2025;Cyndi Lauper;Maybe Hell Know / Outro (Live) (Remastered);Live At The Agora Ballroom, Cleveland, Ohio, 14 December, 1983 (Remastered);album;2015;Pop;132;3042711;38868049;"Cynthia Ann Stephanie Lauper, más conocida como Cyndi Lauper nació en Brooklyn, Nueva York, el 22 de Junio de 1953. Hija de Fred Lauper y Catrine Dominique (que aparecen en varios de sus videos), tiene dos hermanos, Elen y Fred. Tras el divorcio de sus padres, se mudó con su madre y hermanos a Queens. A los 12 años ya componía y tocaba la guitarra.

Cindy Lauper empezó su carrera artística como cantante de un grupo de Long Island llamado Doc West. <a href=""https://www.last.fm/music/Cyndi+Lauper"">Read more on Last.fm</a>";Laura Branigan, Cher, The Bangles, Tina Turner, Bonnie Tyler
2025;Cyndi Lauper;Change of Heart;True Colors;album;1986;Pop;132;3042711;38868049;"Cynthia Ann Stephanie Lauper, más conocida como Cyndi Lauper nació en Brooklyn, Nueva York, el 22 de Junio de 1953. Hija de Fred Lauper y Catrine Dominique (que aparecen en varios de sus videos), tiene dos hermanos, Elen y Fred. Tras el divorcio de sus padres, se mudó con su madre y hermanos a Queens. A los 12 años ya componía y tocaba la guitarra.

Cindy Lauper empezó su carrera artística como cantante de un grupo de Long Island llamado Doc West. <a href=""https://www.last.fm/music/Cyndi+Lauper"">Read more on Last.fm</a>";Laura Branigan, Cher, The Bangles, Tina Turner, Bonnie Tyler
2025;Cyndi Lauper;Iko Iko;True Colors: The Best Of Cyndi Lauper;album;2014;Pop;132;3042711;38868049;"Cynthia Ann Stephanie Lauper, más conocida como Cyndi Lauper nació en Brooklyn, Nueva York, el 22 de Junio de 1953. Hija de Fred Lauper y Catrine Dominique (que aparecen en varios de sus videos), tiene dos hermanos, Elen y Fred. Tras el divorcio de sus padres, se mudó con su madre y hermanos a Queens. A los 12 años ya componía y tocaba la guitarra.

Cindy Lauper empezó su carrera artística como cantante de un grupo de Long Island llamado Doc West. <a href=""https://www.last.fm/music/Cyndi+Lauper"">Read more on Last.fm</a>";Laura Branigan, Cher, The Bangles, Tina Turner, Bonnie Tyler
2025;Cyndi Lauper;A Night To Remember (Album Version);A Night To Remember;album;1989;Pop;132;3042711;38868049;"Cynthia Ann Stephanie Lauper, más conocida como Cyndi Lauper nació en Brooklyn, Nueva York, el 22 de Junio de 1953. Hija de Fred Lauper y Catrine Dominique (que aparecen en varios de sus videos), tiene dos hermanos, Elen y Fred. Tras el divorcio de sus padres, se mudó con su madre y hermanos a Queens. A los 12 años ya componía y tocaba la guitarra.

Cindy Lauper empezó su carrera artística como cantante de un grupo de Long Island llamado Doc West. <a href=""https://www.last.fm/music/Cyndi+Lauper"">Read more on Last.fm</a>";Laura Branigan, Cher, The Bangles, Tina Turner, Bonnie Tyler
2025;Cyndi Lauper;Shine;Shine;ep;2002;Rock;152;3042711;38868049;"Cynthia Ann Stephanie Lauper, más conocida como Cyndi Lauper nació en Brooklyn, Nueva York, el 22 de Junio de 1953. Hija de Fred Lauper y Catrine Dominique (que aparecen en varios de sus videos), tiene dos hermanos, Elen y Fred. Tras el divorcio de sus padres, se mudó con su madre y hermanos a Queens. A los 12 años ya componía y tocaba la guitarra.

Cindy Lauper empezó su carrera artística como cantante de un grupo de Long Island llamado Doc West. <a href=""https://www.last.fm/music/Cyndi+Lauper"">Read more on Last.fm</a>";Laura Branigan, Cher, The Bangles, Tina Turner, Bonnie Tyler
2025;Cyndi Lauper;"Girls Just Want to Have Fun (12"" Version)";The Best Remixes;album;1989;Dance;113;3042711;38868049;"Cynthia Ann Stephanie Lauper, más conocida como Cyndi Lauper nació en Brooklyn, Nueva York, el 22 de Junio de 1953. Hija de Fred Lauper y Catrine Dominique (que aparecen en varios de sus videos), tiene dos hermanos, Elen y Fred. Tras el divorcio de sus padres, se mudó con su madre y hermanos a Queens. A los 12 años ya componía y tocaba la guitarra.

Cindy Lauper empezó su carrera artística como cantante de un grupo de Long Island llamado Doc West. <a href=""https://www.last.fm/music/Cyndi+Lauper"">Read more on Last.fm</a>";Laura Branigan, Cher, The Bangles, Tina Turner, Bonnie Tyler
2025;Cyndi Lauper;Who Let In The Rain;Hat Full Of Stars;album;1993;Pop;132;3042711;38868049;"Cynthia Ann Stephanie Lauper, más conocida como Cyndi Lauper nació en Brooklyn, Nueva York, el 22 de Junio de 1953. Hija de Fred Lauper y Catrine Dominique (que aparecen en varios de sus videos), tiene dos hermanos, Elen y Fred. Tras el divorcio de sus padres, se mudó con su madre y hermanos a Queens. A los 12 años ya componía y tocaba la guitarra.

Cindy Lauper empezó su carrera artística como cantante de un grupo de Long Island llamado Doc West. <a href=""https://www.last.fm/music/Cyndi+Lauper"">Read more on Last.fm</a>";Laura Branigan, Cher, The Bangles, Tina Turner, Bonnie Tyler
2025;Cyndi Lauper;Fearless (Album Version);The Body Acoustic;album;2005;Pop;132;3042711;38868049;"Cynthia Ann Stephanie Lauper, más conocida como Cyndi Lauper nació en Brooklyn, Nueva York, el 22 de Junio de 1953. Hija de Fred Lauper y Catrine Dominique (que aparecen en varios de sus videos), tiene dos hermanos, Elen y Fred. Tras el divorcio de sus padres, se mudó con su madre y hermanos a Queens. A los 12 años ya componía y tocaba la guitarra.

Cindy Lauper empezó su carrera artística como cantante de un grupo de Long Island llamado Doc West. <a href=""https://www.last.fm/music/Cyndi+Lauper"">Read more on Last.fm</a>";Laura Branigan, Cher, The Bangles, Tina Turner, Bonnie Tyler
2025;Cyndi Lauper;Money Changes Everything;She's So Unusual;album;1983;Pop;132;3042711;38868049;"Cynthia Ann Stephanie Lauper, más conocida como Cyndi Lauper nació en Brooklyn, Nueva York, el 22 de Junio de 1953. Hija de Fred Lauper y Catrine Dominique (que aparecen en varios de sus videos), tiene dos hermanos, Elen y Fred. Tras el divorcio de sus padres, se mudó con su madre y hermanos a Queens. A los 12 años ya componía y tocaba la guitarra.

Cindy Lauper empezó su carrera artística como cantante de un grupo de Long Island llamado Doc West. <a href=""https://www.last.fm/music/Cyndi+Lauper"">Read more on Last.fm</a>";Laura Branigan, Cher, The Bangles, Tina Turner, Bonnie Tyler
2025;Cyndi Lauper;Like A Cat (Album Version);True Colors: The Best Of Cyndi Lauper;album;2014;Pop;132;3042711;38868049;"Cynthia Ann Stephanie Lauper, más conocida como Cyndi Lauper nació en Brooklyn, Nueva York, el 22 de Junio de 1953. Hija de Fred Lauper y Catrine Dominique (que aparecen en varios de sus videos), tiene dos hermanos, Elen y Fred. Tras el divorcio de sus padres, se mudó con su madre y hermanos a Queens. A los 12 años ya componía y tocaba la guitarra.

Cindy Lauper empezó su carrera artística como cantante de un grupo de Long Island llamado Doc West. <a href=""https://www.last.fm/music/Cyndi+Lauper"">Read more on Last.fm</a>";Laura Branigan, Cher, The Bangles, Tina Turner, Bonnie Tyler
2025;Cyndi Lauper;That's What I Think;Hat Full Of Stars;album;1993;Pop;132;3042711;38868049;"Cynthia Ann Stephanie Lauper, más conocida como Cyndi Lauper nació en Brooklyn, Nueva York, el 22 de Junio de 1953. Hija de Fred Lauper y Catrine Dominique (que aparecen en varios de sus videos), tiene dos hermanos, Elen y Fred. Tras el divorcio de sus padres, se mudó con su madre y hermanos a Queens. A los 12 años ya componía y tocaba la guitarra.

Cindy Lauper empezó su carrera artística como cantante de un grupo de Long Island llamado Doc West. <a href=""https://www.last.fm/music/Cyndi+Lauper"">Read more on Last.fm</a>";Laura Branigan, Cher, The Bangles, Tina Turner, Bonnie Tyler
2025;Cyndi Lauper;If You Go Away (Album Version);At Last;album;2003;Pop;132;3042711;38868049;"Cynthia Ann Stephanie Lauper, más conocida como Cyndi Lauper nació en Brooklyn, Nueva York, el 22 de Junio de 1953. Hija de Fred Lauper y Catrine Dominique (que aparecen en varios de sus videos), tiene dos hermanos, Elen y Fred. Tras el divorcio de sus padres, se mudó con su madre y hermanos a Queens. A los 12 años ya componía y tocaba la guitarra.

Cindy Lauper empezó su carrera artística como cantante de un grupo de Long Island llamado Doc West. <a href=""https://www.last.fm/music/Cyndi+Lauper"">Read more on Last.fm</a>";Laura Branigan, Cher, The Bangles, Tina Turner, Bonnie Tyler
2025;Cyndi Lauper;Don't Let Me Be Misunderstood (Album Version);At Last;album;2003;Pop;132;3042711;38868049;"Cynthia Ann Stephanie Lauper, más conocida como Cyndi Lauper nació en Brooklyn, Nueva York, el 22 de Junio de 1953. Hija de Fred Lauper y Catrine Dominique (que aparecen en varios de sus videos), tiene dos hermanos, Elen y Fred. Tras el divorcio de sus padres, se mudó con su madre y hermanos a Queens. A los 12 años ya componía y tocaba la guitarra.

Cindy Lauper empezó su carrera artística como cantante de un grupo de Long Island llamado Doc West. <a href=""https://www.last.fm/music/Cyndi+Lauper"">Read more on Last.fm</a>";Laura Branigan, Cher, The Bangles, Tina Turner, Bonnie Tyler
2025;Cyndi Lauper;Dear John (Album Version);Hat Full Of Stars;album;1993;Pop;132;3042711;38868049;"Cynthia Ann Stephanie Lauper, más conocida como Cyndi Lauper nació en Brooklyn, Nueva York, el 22 de Junio de 1953. Hija de Fred Lauper y Catrine Dominique (que aparecen en varios de sus videos), tiene dos hermanos, Elen y Fred. Tras el divorcio de sus padres, se mudó con su madre y hermanos a Queens. A los 12 años ya componía y tocaba la guitarra.

Cindy Lauper empezó su carrera artística como cantante de un grupo de Long Island llamado Doc West. <a href=""https://www.last.fm/music/Cyndi+Lauper"">Read more on Last.fm</a>";Laura Branigan, Cher, The Bangles, Tina Turner, Bonnie Tyler
2025;Cyndi Lauper;Witness;She's So Unusual;album;1983;Pop;132;3042711;38868049;"Cynthia Ann Stephanie Lauper, más conocida como Cyndi Lauper nació en Brooklyn, Nueva York, el 22 de Junio de 1953. Hija de Fred Lauper y Catrine Dominique (que aparecen en varios de sus videos), tiene dos hermanos, Elen y Fred. Tras el divorcio de sus padres, se mudó con su madre y hermanos a Queens. A los 12 años ya componía y tocaba la guitarra.

Cindy Lauper empezó su carrera artística como cantante de un grupo de Long Island llamado Doc West. <a href=""https://www.last.fm/music/Cyndi+Lauper"">Read more on Last.fm</a>";Laura Branigan, Cher, The Bangles, Tina Turner, Bonnie Tyler
2025;Cyndi Lauper;Dancing With A Stranger (Album Version);True Colors: The Best Of Cyndi Lauper;album;2014;Pop;132;3042711;38868049;"Cynthia Ann Stephanie Lauper, más conocida como Cyndi Lauper nació en Brooklyn, Nueva York, el 22 de Junio de 1953. Hija de Fred Lauper y Catrine Dominique (que aparecen en varios de sus videos), tiene dos hermanos, Elen y Fred. Tras el divorcio de sus padres, se mudó con su madre y hermanos a Queens. A los 12 años ya componía y tocaba la guitarra.

Cindy Lauper empezó su carrera artística como cantante de un grupo de Long Island llamado Doc West. <a href=""https://www.last.fm/music/Cyndi+Lauper"">Read more on Last.fm</a>";Laura Branigan, Cher, The Bangles, Tina Turner, Bonnie Tyler
2025;Cyndi Lauper;How Blue Can You Get?;Memphis Blues;colaboracion;2010;Rock;152;3042711;38868049;"Cynthia Ann Stephanie Lauper, más conocida como Cyndi Lauper nació en Brooklyn, Nueva York, el 22 de Junio de 1953. Hija de Fred Lauper y Catrine Dominique (que aparecen en varios de sus videos), tiene dos hermanos, Elen y Fred. Tras el divorcio de sus padres, se mudó con su madre y hermanos a Queens. A los 12 años ya componía y tocaba la guitarra.

Cindy Lauper empezó su carrera artística como cantante de un grupo de Long Island llamado Doc West. <a href=""https://www.last.fm/music/Cyndi+Lauper"">Read more on Last.fm</a>";Laura Branigan, Cher, The Bangles, Tina Turner, Bonnie Tyler
2025;Cyndi Lauper;Hymn To Love (Album Version);At Last;album;2003;Pop;132;3042711;38868049;"Cynthia Ann Stephanie Lauper, más conocida como Cyndi Lauper nació en Brooklyn, Nueva York, el 22 de Junio de 1953. Hija de Fred Lauper y Catrine Dominique (que aparecen en varios de sus videos), tiene dos hermanos, Elen y Fred. Tras el divorcio de sus padres, se mudó con su madre y hermanos a Queens. A los 12 años ya componía y tocaba la guitarra.

Cindy Lauper empezó su carrera artística como cantante de un grupo de Long Island llamado Doc West. <a href=""https://www.last.fm/music/Cyndi+Lauper"">Read more on Last.fm</a>";Laura Branigan, Cher, The Bangles, Tina Turner, Bonnie Tyler
1049;Kate Bush;Running Up That Hill (A Deal With God);Hounds Of Love;album;1985;Pop;132;3495548;147523239;"Kate Bush (nacida Catherine Bush el 30 de julio de 1958 en Bexleyheath, Kent, ahora parte del Gran Londres) es una cantante y compositora británica. Tiene una voz expresiva, capaz de alcanzar un rango de tres octavas, y un estilo productivo ecléctico y meticulosamente musical. Debutó en 1978 con el single Wuthering Heights, que fue número uno en las listas musicales británicas durante cuatro semanas.

Catherine Bush nació el 30 de julio de 1958 en Bexleyheath <a href=""https://www.last.fm/music/Kate+Bush"">Read more on Last.fm</a>";Björk, Fiona Apple, Tori Amos, PJ Harvey, Joni Mitchell
1049;Kate Bush;Wuthering Heights;The Kick Inside;album;1978;Rock;152;3495548;147523239;"Kate Bush (nacida Catherine Bush el 30 de julio de 1958 en Bexleyheath, Kent, ahora parte del Gran Londres) es una cantante y compositora británica. Tiene una voz expresiva, capaz de alcanzar un rango de tres octavas, y un estilo productivo ecléctico y meticulosamente musical. Debutó en 1978 con el single Wuthering Heights, que fue número uno en las listas musicales británicas durante cuatro semanas.

Catherine Bush nació el 30 de julio de 1958 en Bexleyheath <a href=""https://www.last.fm/music/Kate+Bush"">Read more on Last.fm</a>";Björk, Fiona Apple, Tori Amos, PJ Harvey, Joni Mitchell
1049;Kate Bush;Army Dreamers;Never for Ever;album;1980;Rock;152;3495548;147523239;"Kate Bush (nacida Catherine Bush el 30 de julio de 1958 en Bexleyheath, Kent, ahora parte del Gran Londres) es una cantante y compositora británica. Tiene una voz expresiva, capaz de alcanzar un rango de tres octavas, y un estilo productivo ecléctico y meticulosamente musical. Debutó en 1978 con el single Wuthering Heights, que fue número uno en las listas musicales británicas durante cuatro semanas.

Catherine Bush nació el 30 de julio de 1958 en Bexleyheath <a href=""https://www.last.fm/music/Kate+Bush"">Read more on Last.fm</a>";Björk, Fiona Apple, Tori Amos, PJ Harvey, Joni Mitchell
1049;Kate Bush;Babooshka;Never for Ever;album;1980;Rock;152;3495548;147523239;"Kate Bush (nacida Catherine Bush el 30 de julio de 1958 en Bexleyheath, Kent, ahora parte del Gran Londres) es una cantante y compositora británica. Tiene una voz expresiva, capaz de alcanzar un rango de tres octavas, y un estilo productivo ecléctico y meticulosamente musical. Debutó en 1978 con el single Wuthering Heights, que fue número uno en las listas musicales británicas durante cuatro semanas.

Catherine Bush nació el 30 de julio de 1958 en Bexleyheath <a href=""https://www.last.fm/music/Kate+Bush"">Read more on Last.fm</a>";Björk, Fiona Apple, Tori Amos, PJ Harvey, Joni Mitchell
1049;Kate Bush;Pull Out The Pin (2018 Remaster);The Dreaming (2018 Remaster);album;1982;Pop;132;3495548;147523239;"Kate Bush (nacida Catherine Bush el 30 de julio de 1958 en Bexleyheath, Kent, ahora parte del Gran Londres) es una cantante y compositora británica. Tiene una voz expresiva, capaz de alcanzar un rango de tres octavas, y un estilo productivo ecléctico y meticulosamente musical. Debutó en 1978 con el single Wuthering Heights, que fue número uno en las listas musicales británicas durante cuatro semanas.

Catherine Bush nació el 30 de julio de 1958 en Bexleyheath <a href=""https://www.last.fm/music/Kate+Bush"">Read more on Last.fm</a>";Björk, Fiona Apple, Tori Amos, PJ Harvey, Joni Mitchell
1049;Kate Bush;Cloudbusting;Hounds Of Love;album;1985;Pop;132;3495548;147523239;"Kate Bush (nacida Catherine Bush el 30 de julio de 1958 en Bexleyheath, Kent, ahora parte del Gran Londres) es una cantante y compositora británica. Tiene una voz expresiva, capaz de alcanzar un rango de tres octavas, y un estilo productivo ecléctico y meticulosamente musical. Debutó en 1978 con el single Wuthering Heights, que fue número uno en las listas musicales británicas durante cuatro semanas.

Catherine Bush nació el 30 de julio de 1958 en Bexleyheath <a href=""https://www.last.fm/music/Kate+Bush"">Read more on Last.fm</a>";Björk, Fiona Apple, Tori Amos, PJ Harvey, Joni Mitchell
1049;Kate Bush;Sat In Your Lap (2018 Remaster);The Dreaming (2018 Remaster);album;1982;Pop;132;3495548;147523239;"Kate Bush (nacida Catherine Bush el 30 de julio de 1958 en Bexleyheath, Kent, ahora parte del Gran Londres) es una cantante y compositora británica. Tiene una voz expresiva, capaz de alcanzar un rango de tres octavas, y un estilo productivo ecléctico y meticulosamente musical. Debutó en 1978 con el single Wuthering Heights, que fue número uno en las listas musicales británicas durante cuatro semanas.

Catherine Bush nació el 30 de julio de 1958 en Bexleyheath <a href=""https://www.last.fm/music/Kate+Bush"">Read more on Last.fm</a>";Björk, Fiona Apple, Tori Amos, PJ Harvey, Joni Mitchell
1049;Kate Bush;This Woman's Work;The Sensual World;album;1989;Pop;132;3495548;147523239;"Kate Bush (nacida Catherine Bush el 30 de julio de 1958 en Bexleyheath, Kent, ahora parte del Gran Londres) es una cantante y compositora británica. Tiene una voz expresiva, capaz de alcanzar un rango de tres octavas, y un estilo productivo ecléctico y meticulosamente musical. Debutó en 1978 con el single Wuthering Heights, que fue número uno en las listas musicales británicas durante cuatro semanas.

Catherine Bush nació el 30 de julio de 1958 en Bexleyheath <a href=""https://www.last.fm/music/Kate+Bush"">Read more on Last.fm</a>";Björk, Fiona Apple, Tori Amos, PJ Harvey, Joni Mitchell
1049;Kate Bush;The Man with the Child in His Eyes;The Kick Inside;album;1978;Rock;152;3495548;147523239;"Kate Bush (nacida Catherine Bush el 30 de julio de 1958 en Bexleyheath, Kent, ahora parte del Gran Londres) es una cantante y compositora británica. Tiene una voz expresiva, capaz de alcanzar un rango de tres octavas, y un estilo productivo ecléctico y meticulosamente musical. Debutó en 1978 con el single Wuthering Heights, que fue número uno en las listas musicales británicas durante cuatro semanas.

Catherine Bush nació el 30 de julio de 1958 en Bexleyheath <a href=""https://www.last.fm/music/Kate+Bush"">Read more on Last.fm</a>";Björk, Fiona Apple, Tori Amos, PJ Harvey, Joni Mitchell
1049;Kate Bush;The Infant Kiss;Never for Ever;album;1980;Rock;152;3495548;147523239;"Kate Bush (nacida Catherine Bush el 30 de julio de 1958 en Bexleyheath, Kent, ahora parte del Gran Londres) es una cantante y compositora británica. Tiene una voz expresiva, capaz de alcanzar un rango de tres octavas, y un estilo productivo ecléctico y meticulosamente musical. Debutó en 1978 con el single Wuthering Heights, que fue número uno en las listas musicales británicas durante cuatro semanas.

Catherine Bush nació el 30 de julio de 1958 en Bexleyheath <a href=""https://www.last.fm/music/Kate+Bush"">Read more on Last.fm</a>";Björk, Fiona Apple, Tori Amos, PJ Harvey, Joni Mitchell
1049;Kate Bush;And Dream Of Sheep;Hounds Of Love;album;1985;Pop;132;3495548;147523239;"Kate Bush (nacida Catherine Bush el 30 de julio de 1958 en Bexleyheath, Kent, ahora parte del Gran Londres) es una cantante y compositora británica. Tiene una voz expresiva, capaz de alcanzar un rango de tres octavas, y un estilo productivo ecléctico y meticulosamente musical. Debutó en 1978 con el single Wuthering Heights, que fue número uno en las listas musicales británicas durante cuatro semanas.

Catherine Bush nació el 30 de julio de 1958 en Bexleyheath <a href=""https://www.last.fm/music/Kate+Bush"">Read more on Last.fm</a>";Björk, Fiona Apple, Tori Amos, PJ Harvey, Joni Mitchell
1049;Kate Bush;Running Up That Hill (A Deal With God) (2012 Remix);Running Up That Hill (A Deal With God) (2012 Remix);single;2012;Pop;132;3495548;147523239;"Kate Bush (nacida Catherine Bush el 30 de julio de 1958 en Bexleyheath, Kent, ahora parte del Gran Londres) es una cantante y compositora británica. Tiene una voz expresiva, capaz de alcanzar un rango de tres octavas, y un estilo productivo ecléctico y meticulosamente musical. Debutó en 1978 con el single Wuthering Heights, que fue número uno en las listas musicales británicas durante cuatro semanas.

Catherine Bush nació el 30 de julio de 1958 en Bexleyheath <a href=""https://www.last.fm/music/Kate+Bush"">Read more on Last.fm</a>";Björk, Fiona Apple, Tori Amos, PJ Harvey, Joni Mitchell
1049;Kate Bush;Hounds Of Love;Hounds Of Love;album;1985;Pop;132;3495548;147523239;"Kate Bush (nacida Catherine Bush el 30 de julio de 1958 en Bexleyheath, Kent, ahora parte del Gran Londres) es una cantante y compositora británica. Tiene una voz expresiva, capaz de alcanzar un rango de tres octavas, y un estilo productivo ecléctico y meticulosamente musical. Debutó en 1978 con el single Wuthering Heights, que fue número uno en las listas musicales británicas durante cuatro semanas.

Catherine Bush nació el 30 de julio de 1958 en Bexleyheath <a href=""https://www.last.fm/music/Kate+Bush"">Read more on Last.fm</a>";Björk, Fiona Apple, Tori Amos, PJ Harvey, Joni Mitchell
1049;Kate Bush;There Goes A Tenner (2018 Remaster);The Dreaming (2018 Remaster);album;1982;Pop;132;3495548;147523239;"Kate Bush (nacida Catherine Bush el 30 de julio de 1958 en Bexleyheath, Kent, ahora parte del Gran Londres) es una cantante y compositora británica. Tiene una voz expresiva, capaz de alcanzar un rango de tres octavas, y un estilo productivo ecléctico y meticulosamente musical. Debutó en 1978 con el single Wuthering Heights, que fue número uno en las listas musicales británicas durante cuatro semanas.

Catherine Bush nació el 30 de julio de 1958 en Bexleyheath <a href=""https://www.last.fm/music/Kate+Bush"">Read more on Last.fm</a>";Björk, Fiona Apple, Tori Amos, PJ Harvey, Joni Mitchell
1049;Kate Bush;Leave It Open (2018 Remaster);The Dreaming (2018 Remaster);album;1982;Pop;132;3495548;147523239;"Kate Bush (nacida Catherine Bush el 30 de julio de 1958 en Bexleyheath, Kent, ahora parte del Gran Londres) es una cantante y compositora británica. Tiene una voz expresiva, capaz de alcanzar un rango de tres octavas, y un estilo productivo ecléctico y meticulosamente musical. Debutó en 1978 con el single Wuthering Heights, que fue número uno en las listas musicales británicas durante cuatro semanas.

Catherine Bush nació el 30 de julio de 1958 en Bexleyheath <a href=""https://www.last.fm/music/Kate+Bush"">Read more on Last.fm</a>";Björk, Fiona Apple, Tori Amos, PJ Harvey, Joni Mitchell
1049;Kate Bush;Suspended In Gaffa (2018 Remaster);The Dreaming (2018 Remaster);album;1982;Pop;132;3495548;147523239;"Kate Bush (nacida Catherine Bush el 30 de julio de 1958 en Bexleyheath, Kent, ahora parte del Gran Londres) es una cantante y compositora británica. Tiene una voz expresiva, capaz de alcanzar un rango de tres octavas, y un estilo productivo ecléctico y meticulosamente musical. Debutó en 1978 con el single Wuthering Heights, que fue número uno en las listas musicales británicas durante cuatro semanas.

Catherine Bush nació el 30 de julio de 1958 en Bexleyheath <a href=""https://www.last.fm/music/Kate+Bush"">Read more on Last.fm</a>";Björk, Fiona Apple, Tori Amos, PJ Harvey, Joni Mitchell
1049;Kate Bush;Moments Of Pleasure (2011 Remastered Version);The Red Shoes;album;1993;Pop;132;3495548;147523239;"Kate Bush (nacida Catherine Bush el 30 de julio de 1958 en Bexleyheath, Kent, ahora parte del Gran Londres) es una cantante y compositora británica. Tiene una voz expresiva, capaz de alcanzar un rango de tres octavas, y un estilo productivo ecléctico y meticulosamente musical. Debutó en 1978 con el single Wuthering Heights, que fue número uno en las listas musicales británicas durante cuatro semanas.

Catherine Bush nació el 30 de julio de 1958 en Bexleyheath <a href=""https://www.last.fm/music/Kate+Bush"">Read more on Last.fm</a>";Björk, Fiona Apple, Tori Amos, PJ Harvey, Joni Mitchell
1049;Kate Bush;Moving;The Kick Inside;album;1978;Rock;152;3495548;147523239;"Kate Bush (nacida Catherine Bush el 30 de julio de 1958 en Bexleyheath, Kent, ahora parte del Gran Londres) es una cantante y compositora británica. Tiene una voz expresiva, capaz de alcanzar un rango de tres octavas, y un estilo productivo ecléctico y meticulosamente musical. Debutó en 1978 con el single Wuthering Heights, que fue número uno en las listas musicales británicas durante cuatro semanas.

Catherine Bush nació el 30 de julio de 1958 en Bexleyheath <a href=""https://www.last.fm/music/Kate+Bush"">Read more on Last.fm</a>";Björk, Fiona Apple, Tori Amos, PJ Harvey, Joni Mitchell
1049;Kate Bush;Coffee Homeground (2018 Remaster);Lionheart (2018 Remaster);album;1978;Pop;132;3495548;147523239;"Kate Bush (nacida Catherine Bush el 30 de julio de 1958 en Bexleyheath, Kent, ahora parte del Gran Londres) es una cantante y compositora británica. Tiene una voz expresiva, capaz de alcanzar un rango de tres octavas, y un estilo productivo ecléctico y meticulosamente musical. Debutó en 1978 con el single Wuthering Heights, que fue número uno en las listas musicales británicas durante cuatro semanas.

Catherine Bush nació el 30 de julio de 1958 en Bexleyheath <a href=""https://www.last.fm/music/Kate+Bush"">Read more on Last.fm</a>";Björk, Fiona Apple, Tori Amos, PJ Harvey, Joni Mitchell
1049;Kate Bush;Lyra;Best Of The Other Sides;album;2025;Pop;132;3495548;147523239;"Kate Bush (nacida Catherine Bush el 30 de julio de 1958 en Bexleyheath, Kent, ahora parte del Gran Londres) es una cantante y compositora británica. Tiene una voz expresiva, capaz de alcanzar un rango de tres octavas, y un estilo productivo ecléctico y meticulosamente musical. Debutó en 1978 con el single Wuthering Heights, que fue número uno en las listas musicales británicas durante cuatro semanas.

Catherine Bush nació el 30 de julio de 1958 en Bexleyheath <a href=""https://www.last.fm/music/Kate+Bush"">Read more on Last.fm</a>";Björk, Fiona Apple, Tori Amos, PJ Harvey, Joni Mitchell
1049;Kate Bush;Eat The Music (2011 Remastered Version);The Red Shoes;album;1993;Pop;132;3495548;147523239;"Kate Bush (nacida Catherine Bush el 30 de julio de 1958 en Bexleyheath, Kent, ahora parte del Gran Londres) es una cantante y compositora británica. Tiene una voz expresiva, capaz de alcanzar un rango de tres octavas, y un estilo productivo ecléctico y meticulosamente musical. Debutó en 1978 con el single Wuthering Heights, que fue número uno en las listas musicales británicas durante cuatro semanas.

Catherine Bush nació el 30 de julio de 1958 en Bexleyheath <a href=""https://www.last.fm/music/Kate+Bush"">Read more on Last.fm</a>";Björk, Fiona Apple, Tori Amos, PJ Harvey, Joni Mitchell
1049;Kate Bush;The Fog;The Sensual World;album;1989;Pop;132;3495548;147523239;"Kate Bush (nacida Catherine Bush el 30 de julio de 1958 en Bexleyheath, Kent, ahora parte del Gran Londres) es una cantante y compositora británica. Tiene una voz expresiva, capaz de alcanzar un rango de tres octavas, y un estilo productivo ecléctico y meticulosamente musical. Debutó en 1978 con el single Wuthering Heights, que fue número uno en las listas musicales británicas durante cuatro semanas.

Catherine Bush nació el 30 de julio de 1958 en Bexleyheath <a href=""https://www.last.fm/music/Kate+Bush"">Read more on Last.fm</a>";Björk, Fiona Apple, Tori Amos, PJ Harvey, Joni Mitchell
1049;Kate Bush;King Of The Mountain (2018 Remaster);Aerial (2018 Remaster);album;2005;Pop;132;3495548;147523239;"Kate Bush (nacida Catherine Bush el 30 de julio de 1958 en Bexleyheath, Kent, ahora parte del Gran Londres) es una cantante y compositora británica. Tiene una voz expresiva, capaz de alcanzar un rango de tres octavas, y un estilo productivo ecléctico y meticulosamente musical. Debutó en 1978 con el single Wuthering Heights, que fue número uno en las listas musicales británicas durante cuatro semanas.

Catherine Bush nació el 30 de julio de 1958 en Bexleyheath <a href=""https://www.last.fm/music/Kate+Bush"">Read more on Last.fm</a>";Björk, Fiona Apple, Tori Amos, PJ Harvey, Joni Mitchell
1049;Kate Bush;Night Of The Swallow (2018 Remaster);The Dreaming (2018 Remaster);album;1982;Pop;132;3495548;147523239;"Kate Bush (nacida Catherine Bush el 30 de julio de 1958 en Bexleyheath, Kent, ahora parte del Gran Londres) es una cantante y compositora británica. Tiene una voz expresiva, capaz de alcanzar un rango de tres octavas, y un estilo productivo ecléctico y meticulosamente musical. Debutó en 1978 con el single Wuthering Heights, que fue número uno en las listas musicales británicas durante cuatro semanas.

Catherine Bush nació el 30 de julio de 1958 en Bexleyheath <a href=""https://www.last.fm/music/Kate+Bush"">Read more on Last.fm</a>";Björk, Fiona Apple, Tori Amos, PJ Harvey, Joni Mitchell
1049;Kate Bush;An Endless Sky Of Honey;Aerial;album;2005;Pop;132;3495548;147523239;"Kate Bush (nacida Catherine Bush el 30 de julio de 1958 en Bexleyheath, Kent, ahora parte del Gran Londres) es una cantante y compositora británica. Tiene una voz expresiva, capaz de alcanzar un rango de tres octavas, y un estilo productivo ecléctico y meticulosamente musical. Debutó en 1978 con el single Wuthering Heights, que fue número uno en las listas musicales británicas durante cuatro semanas.

Catherine Bush nació el 30 de julio de 1958 en Bexleyheath <a href=""https://www.last.fm/music/Kate+Bush"">Read more on Last.fm</a>";Björk, Fiona Apple, Tori Amos, PJ Harvey, Joni Mitchell
1049;Kate Bush;"Running Up That Hill (A Deal With God) (12"" Mix)";Best Of The Other Sides;album;2025;Pop;132;3495548;147523239;"Kate Bush (nacida Catherine Bush el 30 de julio de 1958 en Bexleyheath, Kent, ahora parte del Gran Londres) es una cantante y compositora británica. Tiene una voz expresiva, capaz de alcanzar un rango de tres octavas, y un estilo productivo ecléctico y meticulosamente musical. Debutó en 1978 con el single Wuthering Heights, que fue número uno en las listas musicales británicas durante cuatro semanas.

Catherine Bush nació el 30 de julio de 1958 en Bexleyheath <a href=""https://www.last.fm/music/Kate+Bush"">Read more on Last.fm</a>";Björk, Fiona Apple, Tori Amos, PJ Harvey, Joni Mitchell
1049;Kate Bush;The Big Sky (Special Single Mix);Hounds Of Love;album;1985;Pop;132;3495548;147523239;"Kate Bush (nacida Catherine Bush el 30 de julio de 1958 en Bexleyheath, Kent, ahora parte del Gran Londres) es una cantante y compositora británica. Tiene una voz expresiva, capaz de alcanzar un rango de tres octavas, y un estilo productivo ecléctico y meticulosamente musical. Debutó en 1978 con el single Wuthering Heights, que fue número uno en las listas musicales británicas durante cuatro semanas.

Catherine Bush nació el 30 de julio de 1958 en Bexleyheath <a href=""https://www.last.fm/music/Kate+Bush"">Read more on Last.fm</a>";Björk, Fiona Apple, Tori Amos, PJ Harvey, Joni Mitchell
1049;Kate Bush;Somewhere In Between (2018 Remaster);Aerial (2018 Remaster);album;2005;Pop;132;3495548;147523239;"Kate Bush (nacida Catherine Bush el 30 de julio de 1958 en Bexleyheath, Kent, ahora parte del Gran Londres) es una cantante y compositora británica. Tiene una voz expresiva, capaz de alcanzar un rango de tres octavas, y un estilo productivo ecléctico y meticulosamente musical. Debutó en 1978 con el single Wuthering Heights, que fue número uno en las listas musicales británicas durante cuatro semanas.

Catherine Bush nació el 30 de julio de 1958 en Bexleyheath <a href=""https://www.last.fm/music/Kate+Bush"">Read more on Last.fm</a>";Björk, Fiona Apple, Tori Amos, PJ Harvey, Joni Mitchell
1049;Kate Bush;Walk Straight Down The Middle (Remastered 2025);Best Of The Other Sides;album;2025;Pop;132;3495548;147523239;"Kate Bush (nacida Catherine Bush el 30 de julio de 1958 en Bexleyheath, Kent, ahora parte del Gran Londres) es una cantante y compositora británica. Tiene una voz expresiva, capaz de alcanzar un rango de tres octavas, y un estilo productivo ecléctico y meticulosamente musical. Debutó en 1978 con el single Wuthering Heights, que fue número uno en las listas musicales británicas durante cuatro semanas.

Catherine Bush nació el 30 de julio de 1958 en Bexleyheath <a href=""https://www.last.fm/music/Kate+Bush"">Read more on Last.fm</a>";Björk, Fiona Apple, Tori Amos, PJ Harvey, Joni Mitchell
1049;Kate Bush;Wow;Lionheart;album;1978;Rock;152;3495548;147523239;"Kate Bush (nacida Catherine Bush el 30 de julio de 1958 en Bexleyheath, Kent, ahora parte del Gran Londres) es una cantante y compositora británica. Tiene una voz expresiva, capaz de alcanzar un rango de tres octavas, y un estilo productivo ecléctico y meticulosamente musical. Debutó en 1978 con el single Wuthering Heights, que fue número uno en las listas musicales británicas durante cuatro semanas.

Catherine Bush nació el 30 de julio de 1958 en Bexleyheath <a href=""https://www.last.fm/music/Kate+Bush"">Read more on Last.fm</a>";Björk, Fiona Apple, Tori Amos, PJ Harvey, Joni Mitchell
1049;Kate Bush;Breathing;Never for Ever;album;1980;Rock;152;3495548;147523239;"Kate Bush (nacida Catherine Bush el 30 de julio de 1958 en Bexleyheath, Kent, ahora parte del Gran Londres) es una cantante y compositora británica. Tiene una voz expresiva, capaz de alcanzar un rango de tres octavas, y un estilo productivo ecléctico y meticulosamente musical. Debutó en 1978 con el single Wuthering Heights, que fue número uno en las listas musicales británicas durante cuatro semanas.

Catherine Bush nació el 30 de julio de 1958 en Bexleyheath <a href=""https://www.last.fm/music/Kate+Bush"">Read more on Last.fm</a>";Björk, Fiona Apple, Tori Amos, PJ Harvey, Joni Mitchell
1049;Kate Bush;Pi (2018 Remaster);Aerial (2018 Remaster);album;2005;Pop;132;3495548;147523239;"Kate Bush (nacida Catherine Bush el 30 de julio de 1958 en Bexleyheath, Kent, ahora parte del Gran Londres) es una cantante y compositora británica. Tiene una voz expresiva, capaz de alcanzar un rango de tres octavas, y un estilo productivo ecléctico y meticulosamente musical. Debutó en 1978 con el single Wuthering Heights, que fue número uno en las listas musicales británicas durante cuatro semanas.

Catherine Bush nació el 30 de julio de 1958 en Bexleyheath <a href=""https://www.last.fm/music/Kate+Bush"">Read more on Last.fm</a>";Björk, Fiona Apple, Tori Amos, PJ Harvey, Joni Mitchell
1049;Kate Bush;The Sensual World;The Sensual World;album;1989;Pop;132;3495548;147523239;"Kate Bush (nacida Catherine Bush el 30 de julio de 1958 en Bexleyheath, Kent, ahora parte del Gran Londres) es una cantante y compositora británica. Tiene una voz expresiva, capaz de alcanzar un rango de tres octavas, y un estilo productivo ecléctico y meticulosamente musical. Debutó en 1978 con el single Wuthering Heights, que fue número uno en las listas musicales británicas durante cuatro semanas.

Catherine Bush nació el 30 de julio de 1958 en Bexleyheath <a href=""https://www.last.fm/music/Kate+Bush"">Read more on Last.fm</a>";Björk, Fiona Apple, Tori Amos, PJ Harvey, Joni Mitchell
1049;Kate Bush;Strange Phenomena;The Kick Inside;album;1978;Rock;152;3495548;147523239;"Kate Bush (nacida Catherine Bush el 30 de julio de 1958 en Bexleyheath, Kent, ahora parte del Gran Londres) es una cantante y compositora británica. Tiene una voz expresiva, capaz de alcanzar un rango de tres octavas, y un estilo productivo ecléctico y meticulosamente musical. Debutó en 1978 con el single Wuthering Heights, que fue número uno en las listas musicales británicas durante cuatro semanas.

Catherine Bush nació el 30 de julio de 1958 en Bexleyheath <a href=""https://www.last.fm/music/Kate+Bush"">Read more on Last.fm</a>";Björk, Fiona Apple, Tori Amos, PJ Harvey, Joni Mitchell
1049;Kate Bush;Feel It;The Kick Inside;album;1978;Rock;152;3495548;147523239;"Kate Bush (nacida Catherine Bush el 30 de julio de 1958 en Bexleyheath, Kent, ahora parte del Gran Londres) es una cantante y compositora británica. Tiene una voz expresiva, capaz de alcanzar un rango de tres octavas, y un estilo productivo ecléctico y meticulosamente musical. Debutó en 1978 con el single Wuthering Heights, que fue número uno en las listas musicales británicas durante cuatro semanas.

Catherine Bush nació el 30 de julio de 1958 en Bexleyheath <a href=""https://www.last.fm/music/Kate+Bush"">Read more on Last.fm</a>";Björk, Fiona Apple, Tori Amos, PJ Harvey, Joni Mitchell
1049;Kate Bush;The Kick Inside (2018 Remaster);The Kick Inside (2018 Remaster);album;1978;Pop;132;3495548;147523239;"Kate Bush (nacida Catherine Bush el 30 de julio de 1958 en Bexleyheath, Kent, ahora parte del Gran Londres) es una cantante y compositora británica. Tiene una voz expresiva, capaz de alcanzar un rango de tres octavas, y un estilo productivo ecléctico y meticulosamente musical. Debutó en 1978 con el single Wuthering Heights, que fue número uno en las listas musicales británicas durante cuatro semanas.

Catherine Bush nació el 30 de julio de 1958 en Bexleyheath <a href=""https://www.last.fm/music/Kate+Bush"">Read more on Last.fm</a>";Björk, Fiona Apple, Tori Amos, PJ Harvey, Joni Mitchell
1049;Kate Bush;Under Ice;Hounds Of Love;album;1985;Pop;132;3495548;147523239;"Kate Bush (nacida Catherine Bush el 30 de julio de 1958 en Bexleyheath, Kent, ahora parte del Gran Londres) es una cantante y compositora británica. Tiene una voz expresiva, capaz de alcanzar un rango de tres octavas, y un estilo productivo ecléctico y meticulosamente musical. Debutó en 1978 con el single Wuthering Heights, que fue número uno en las listas musicales británicas durante cuatro semanas.

Catherine Bush nació el 30 de julio de 1958 en Bexleyheath <a href=""https://www.last.fm/music/Kate+Bush"">Read more on Last.fm</a>";Björk, Fiona Apple, Tori Amos, PJ Harvey, Joni Mitchell
1049;Kate Bush;Room for the Life;The Kick Inside;album;1978;Rock;152;3495548;147523239;"Kate Bush (nacida Catherine Bush el 30 de julio de 1958 en Bexleyheath, Kent, ahora parte del Gran Londres) es una cantante y compositora británica. Tiene una voz expresiva, capaz de alcanzar un rango de tres octavas, y un estilo productivo ecléctico y meticulosamente musical. Debutó en 1978 con el single Wuthering Heights, que fue número uno en las listas musicales británicas durante cuatro semanas.

Catherine Bush nació el 30 de julio de 1958 en Bexleyheath <a href=""https://www.last.fm/music/Kate+Bush"">Read more on Last.fm</a>";Björk, Fiona Apple, Tori Amos, PJ Harvey, Joni Mitchell
1049;Kate Bush;Them Heavy People;The Kick Inside;album;1978;Rock;152;3495548;147523239;"Kate Bush (nacida Catherine Bush el 30 de julio de 1958 en Bexleyheath, Kent, ahora parte del Gran Londres) es una cantante y compositora británica. Tiene una voz expresiva, capaz de alcanzar un rango de tres octavas, y un estilo productivo ecléctico y meticulosamente musical. Debutó en 1978 con el single Wuthering Heights, que fue número uno en las listas musicales británicas durante cuatro semanas.

Catherine Bush nació el 30 de julio de 1958 en Bexleyheath <a href=""https://www.last.fm/music/Kate+Bush"">Read more on Last.fm</a>";Björk, Fiona Apple, Tori Amos, PJ Harvey, Joni Mitchell
1049;Kate Bush;All We Ever Look For (2018 Remaster);Never for Ever (2018 Remaster);album;1980;Pop;132;3495548;147523239;"Kate Bush (nacida Catherine Bush el 30 de julio de 1958 en Bexleyheath, Kent, ahora parte del Gran Londres) es una cantante y compositora británica. Tiene una voz expresiva, capaz de alcanzar un rango de tres octavas, y un estilo productivo ecléctico y meticulosamente musical. Debutó en 1978 con el single Wuthering Heights, que fue número uno en las listas musicales británicas durante cuatro semanas.

Catherine Bush nació el 30 de julio de 1958 en Bexleyheath <a href=""https://www.last.fm/music/Kate+Bush"">Read more on Last.fm</a>";Björk, Fiona Apple, Tori Amos, PJ Harvey, Joni Mitchell
1049;Kate Bush;Jig Of Life;Hounds Of Love;album;1985;Pop;132;3495548;147523239;"Kate Bush (nacida Catherine Bush el 30 de julio de 1958 en Bexleyheath, Kent, ahora parte del Gran Londres) es una cantante y compositora británica. Tiene una voz expresiva, capaz de alcanzar un rango de tres octavas, y un estilo productivo ecléctico y meticulosamente musical. Debutó en 1978 con el single Wuthering Heights, que fue número uno en las listas musicales británicas durante cuatro semanas.

Catherine Bush nació el 30 de julio de 1958 en Bexleyheath <a href=""https://www.last.fm/music/Kate+Bush"">Read more on Last.fm</a>";Björk, Fiona Apple, Tori Amos, PJ Harvey, Joni Mitchell
1049;Kate Bush;How To Be Invisible (2018 Remaster);Aerial (2018 Remaster);album;2005;Pop;132;3495548;147523239;"Kate Bush (nacida Catherine Bush el 30 de julio de 1958 en Bexleyheath, Kent, ahora parte del Gran Londres) es una cantante y compositora británica. Tiene una voz expresiva, capaz de alcanzar un rango de tres octavas, y un estilo productivo ecléctico y meticulosamente musical. Debutó en 1978 con el single Wuthering Heights, que fue número uno en las listas musicales británicas durante cuatro semanas.

Catherine Bush nació el 30 de julio de 1958 en Bexleyheath <a href=""https://www.last.fm/music/Kate+Bush"">Read more on Last.fm</a>";Björk, Fiona Apple, Tori Amos, PJ Harvey, Joni Mitchell
1049;Kate Bush;Oh to Be in Love;The Kick Inside;album;1978;Rock;152;3495548;147523239;"Kate Bush (nacida Catherine Bush el 30 de julio de 1958 en Bexleyheath, Kent, ahora parte del Gran Londres) es una cantante y compositora británica. Tiene una voz expresiva, capaz de alcanzar un rango de tres octavas, y un estilo productivo ecléctico y meticulosamente musical. Debutó en 1978 con el single Wuthering Heights, que fue número uno en las listas musicales británicas durante cuatro semanas.

Catherine Bush nació el 30 de julio de 1958 en Bexleyheath <a href=""https://www.last.fm/music/Kate+Bush"">Read more on Last.fm</a>";Björk, Fiona Apple, Tori Amos, PJ Harvey, Joni Mitchell
1049;Kate Bush;Hammer Horror (2018 Remaster);Lionheart (2018 Remaster);album;1978;Pop;132;3495548;147523239;"Kate Bush (nacida Catherine Bush el 30 de julio de 1958 en Bexleyheath, Kent, ahora parte del Gran Londres) es una cantante y compositora británica. Tiene una voz expresiva, capaz de alcanzar un rango de tres octavas, y un estilo productivo ecléctico y meticulosamente musical. Debutó en 1978 con el single Wuthering Heights, que fue número uno en las listas musicales británicas durante cuatro semanas.

Catherine Bush nació el 30 de julio de 1958 en Bexleyheath <a href=""https://www.last.fm/music/Kate+Bush"">Read more on Last.fm</a>";Björk, Fiona Apple, Tori Amos, PJ Harvey, Joni Mitchell
1049;Kate Bush;Delius (2018 Remaster);Never for Ever (2018 Remaster);album;1980;Pop;132;3495548;147523239;"Kate Bush (nacida Catherine Bush el 30 de julio de 1958 en Bexleyheath, Kent, ahora parte del Gran Londres) es una cantante y compositora británica. Tiene una voz expresiva, capaz de alcanzar un rango de tres octavas, y un estilo productivo ecléctico y meticulosamente musical. Debutó en 1978 con el single Wuthering Heights, que fue número uno en las listas musicales británicas durante cuatro semanas.

Catherine Bush nació el 30 de julio de 1958 en Bexleyheath <a href=""https://www.last.fm/music/Kate+Bush"">Read more on Last.fm</a>";Björk, Fiona Apple, Tori Amos, PJ Harvey, Joni Mitchell
1049;Kate Bush;Bertie (2018 Remaster);Aerial (2018 Remaster);album;2005;Pop;132;3495548;147523239;"Kate Bush (nacida Catherine Bush el 30 de julio de 1958 en Bexleyheath, Kent, ahora parte del Gran Londres) es una cantante y compositora británica. Tiene una voz expresiva, capaz de alcanzar un rango de tres octavas, y un estilo productivo ecléctico y meticulosamente musical. Debutó en 1978 con el single Wuthering Heights, que fue número uno en las listas musicales británicas durante cuatro semanas.

Catherine Bush nació el 30 de julio de 1958 en Bexleyheath <a href=""https://www.last.fm/music/Kate+Bush"">Read more on Last.fm</a>";Björk, Fiona Apple, Tori Amos, PJ Harvey, Joni Mitchell
1049;Kate Bush;Egypt (2018 Remaster);Never for Ever (2018 Remaster);album;1980;Pop;132;3495548;147523239;"Kate Bush (nacida Catherine Bush el 30 de julio de 1958 en Bexleyheath, Kent, ahora parte del Gran Londres) es una cantante y compositora británica. Tiene una voz expresiva, capaz de alcanzar un rango de tres octavas, y un estilo productivo ecléctico y meticulosamente musical. Debutó en 1978 con el single Wuthering Heights, que fue número uno en las listas musicales británicas durante cuatro semanas.

Catherine Bush nació el 30 de julio de 1958 en Bexleyheath <a href=""https://www.last.fm/music/Kate+Bush"">Read more on Last.fm</a>";Björk, Fiona Apple, Tori Amos, PJ Harvey, Joni Mitchell
1049;Kate Bush;Violin (2018 Remaster);Never for Ever (2018 Remaster);album;1980;Pop;132;3495548;147523239;"Kate Bush (nacida Catherine Bush el 30 de julio de 1958 en Bexleyheath, Kent, ahora parte del Gran Londres) es una cantante y compositora británica. Tiene una voz expresiva, capaz de alcanzar un rango de tres octavas, y un estilo productivo ecléctico y meticulosamente musical. Debutó en 1978 con el single Wuthering Heights, que fue número uno en las listas musicales británicas durante cuatro semanas.

Catherine Bush nació el 30 de julio de 1958 en Bexleyheath <a href=""https://www.last.fm/music/Kate+Bush"">Read more on Last.fm</a>";Björk, Fiona Apple, Tori Amos, PJ Harvey, Joni Mitchell
1049;Kate Bush;The Saxophone Song;The Kick Inside;album;1978;Rock;152;3495548;147523239;"Kate Bush (nacida Catherine Bush el 30 de julio de 1958 en Bexleyheath, Kent, ahora parte del Gran Londres) es una cantante y compositora británica. Tiene una voz expresiva, capaz de alcanzar un rango de tres octavas, y un estilo productivo ecléctico y meticulosamente musical. Debutó en 1978 con el single Wuthering Heights, que fue número uno en las listas musicales británicas durante cuatro semanas.

Catherine Bush nació el 30 de julio de 1958 en Bexleyheath <a href=""https://www.last.fm/music/Kate+Bush"">Read more on Last.fm</a>";Björk, Fiona Apple, Tori Amos, PJ Harvey, Joni Mitchell
175;Eurythmics;Sweet Dreams (Are Made of This) (2005 Remaster);Sweet Dreams (Are Made Of This);colaboracion;2003;Pop;132;;;;
175;Eurythmics;Here Comes the Rain Again;Greatest Hits;colaboracion;1991;Pop;132;;;;
1148;Annie Lennox;"I Put A Spell On You (Fifty Shades of Grey) (From ""Fifty Shades Of Grey"" Soundtrack)";Fifty Shades Of Grey (Original Motion Picture Soundtrack);album;2015;Películas/Juegos;173;1342300;16706974;"Annie Lennox nació el 25 de diciembre de 1954 en Aberdeen, Escocia. Aficionada a la música desde la infancia, cantaba en el coro de la Iglesia. Cursó estudios de piano y flauta en la Royal Academy of Music. Siendo una adolescente, cantó en el grupo de folk ""Longdancer"".

En el año 1977 Annie Lennox conoce a David Stewart, que sería su pareja artística y sentimental. Juntos formaron el dúo Eurythmics, cuyo nombre proviene de un estilo de baile. <a href=""https://www.last.fm/music/Annie+Lennox"">Read more on Last.fm</a>";Eurythmics, Alison Moyet, Bette Midler, Tina Turner, Texas
1148;Annie Lennox;Why;The Annie Lennox Collection;album;2009;Pop;132;1342300;16706974;"Annie Lennox nació el 25 de diciembre de 1954 en Aberdeen, Escocia. Aficionada a la música desde la infancia, cantaba en el coro de la Iglesia. Cursó estudios de piano y flauta en la Royal Academy of Music. Siendo una adolescente, cantó en el grupo de folk ""Longdancer"".

En el año 1977 Annie Lennox conoce a David Stewart, que sería su pareja artística y sentimental. Juntos formaron el dúo Eurythmics, cuyo nombre proviene de un estilo de baile. <a href=""https://www.last.fm/music/Annie+Lennox"">Read more on Last.fm</a>";Eurythmics, Alison Moyet, Bette Midler, Tina Turner, Texas
175;Eurythmics;Sweet Dreams (Are Made of This);Greatest Hits;colaboracion;1991;Pop;132;;;;
175;Eurythmics;There Must Be an Angel (Playing with My Heart);Be Yourself Tonight;colaboracion;2005;Pop;132;;;;
175;Eurythmics;When Tomorrow Comes;Greatest Hits;colaboracion;1991;Pop;132;;;;
175;Eurythmics;There Must Be an Angel (Playing With My Heart);Greatest Hits;colaboracion;1991;Pop;132;;;;
175;Eurythmics;Sweet Dreams (Are Made of This);The Best Of The 80's;colaboracion;2007;Pop;132;;;;
175;Eurythmics;Sisters Are Doin' It for Themselves;Greatest Hits;colaboracion;1991;Pop;132;;;;
1148;Annie Lennox;"No More ""I Love You's""";Medusa;album;1995;Pop;132;1342300;16706974;"Annie Lennox nació el 25 de diciembre de 1954 en Aberdeen, Escocia. Aficionada a la música desde la infancia, cantaba en el coro de la Iglesia. Cursó estudios de piano y flauta en la Royal Academy of Music. Siendo una adolescente, cantó en el grupo de folk ""Longdancer"".

En el año 1977 Annie Lennox conoce a David Stewart, que sería su pareja artística y sentimental. Juntos formaron el dúo Eurythmics, cuyo nombre proviene de un estilo de baile. <a href=""https://www.last.fm/music/Annie+Lennox"">Read more on Last.fm</a>";Eurythmics, Alison Moyet, Bette Midler, Tina Turner, Texas
1148;Annie Lennox;A Whiter Shade of Pale;Medusa;album;1995;Pop;132;1342300;16706974;"Annie Lennox nació el 25 de diciembre de 1954 en Aberdeen, Escocia. Aficionada a la música desde la infancia, cantaba en el coro de la Iglesia. Cursó estudios de piano y flauta en la Royal Academy of Music. Siendo una adolescente, cantó en el grupo de folk ""Longdancer"".

En el año 1977 Annie Lennox conoce a David Stewart, que sería su pareja artística y sentimental. Juntos formaron el dúo Eurythmics, cuyo nombre proviene de un estilo de baile. <a href=""https://www.last.fm/music/Annie+Lennox"">Read more on Last.fm</a>";Eurythmics, Alison Moyet, Bette Midler, Tina Turner, Texas
175;Eurythmics;Here Comes the Rain Again (Remastered Version);Touch (Reissue - Deluxe Edition);colaboracion;2003;Pop;132;;;;
175;Eurythmics;Don't Ask Me Why;Greatest Hits;colaboracion;1991;Pop;132;;;;
175;Eurythmics;Miracle Of Love (Remastered Version);Ultimate Collection;colaboracion;2005;Pop;132;;;;
1148;Annie Lennox;Cold;Diva;album;1992;Pop;132;1342300;16706974;"Annie Lennox nació el 25 de diciembre de 1954 en Aberdeen, Escocia. Aficionada a la música desde la infancia, cantaba en el coro de la Iglesia. Cursó estudios de piano y flauta en la Royal Academy of Music. Siendo una adolescente, cantó en el grupo de folk ""Longdancer"".

En el año 1977 Annie Lennox conoce a David Stewart, que sería su pareja artística y sentimental. Juntos formaron el dúo Eurythmics, cuyo nombre proviene de un estilo de baile. <a href=""https://www.last.fm/music/Annie+Lennox"">Read more on Last.fm</a>";Eurythmics, Alison Moyet, Bette Midler, Tina Turner, Texas
1148;Annie Lennox;Love Song for a Vampire;Bram Stoker's Dracula: Original Motion Picture Soundtrack;album;1992;Películas/Juegos;173;1342300;16706974;"Annie Lennox nació el 25 de diciembre de 1954 en Aberdeen, Escocia. Aficionada a la música desde la infancia, cantaba en el coro de la Iglesia. Cursó estudios de piano y flauta en la Royal Academy of Music. Siendo una adolescente, cantó en el grupo de folk ""Longdancer"".

En el año 1977 Annie Lennox conoce a David Stewart, que sería su pareja artística y sentimental. Juntos formaron el dúo Eurythmics, cuyo nombre proviene de un estilo de baile. <a href=""https://www.last.fm/music/Annie+Lennox"">Read more on Last.fm</a>";Eurythmics, Alison Moyet, Bette Midler, Tina Turner, Texas
1148;Annie Lennox;Into the West;The Lord of the Rings: The Return of the King (Original Motion Picture Soundtrack);album;2003;Películas/Juegos;173;1342300;16706974;"Annie Lennox nació el 25 de diciembre de 1954 en Aberdeen, Escocia. Aficionada a la música desde la infancia, cantaba en el coro de la Iglesia. Cursó estudios de piano y flauta en la Royal Academy of Music. Siendo una adolescente, cantó en el grupo de folk ""Longdancer"".

En el año 1977 Annie Lennox conoce a David Stewart, que sería su pareja artística y sentimental. Juntos formaron el dúo Eurythmics, cuyo nombre proviene de un estilo de baile. <a href=""https://www.last.fm/music/Annie+Lennox"">Read more on Last.fm</a>";Eurythmics, Alison Moyet, Bette Midler, Tina Turner, Texas
175;Eurythmics;When Tomorrow Comes (Remastered Version);Ultimate Collection;colaboracion;2005;Pop;132;;;;
175;Eurythmics;Sweet Dreams (Are Made Of This) (Steve Angello Remix Edit);I've Got A Life/Sweet Dreams Remix;colaboracion;2006;Pop;132;;;;
175;Eurythmics;I Saved The World Today (Remastered Version);Peace;colaboracion;2005;Pop;132;;;;
1148;Annie Lennox;Universal Child;Weihnachten;colaboracion;2023;;-1;1342300;16706974;"Annie Lennox nació el 25 de diciembre de 1954 en Aberdeen, Escocia. Aficionada a la música desde la infancia, cantaba en el coro de la Iglesia. Cursó estudios de piano y flauta en la Royal Academy of Music. Siendo una adolescente, cantó en el grupo de folk ""Longdancer"".

En el año 1977 Annie Lennox conoce a David Stewart, que sería su pareja artística y sentimental. Juntos formaron el dúo Eurythmics, cuyo nombre proviene de un estilo de baile. <a href=""https://www.last.fm/music/Annie+Lennox"">Read more on Last.fm</a>";Eurythmics, Alison Moyet, Bette Midler, Tina Turner, Texas
1148;Annie Lennox;Summertime;Nostalgia;album;2014;Jazz;129;1342300;16706974;"Annie Lennox nació el 25 de diciembre de 1954 en Aberdeen, Escocia. Aficionada a la música desde la infancia, cantaba en el coro de la Iglesia. Cursó estudios de piano y flauta en la Royal Academy of Music. Siendo una adolescente, cantó en el grupo de folk ""Longdancer"".

En el año 1977 Annie Lennox conoce a David Stewart, que sería su pareja artística y sentimental. Juntos formaron el dúo Eurythmics, cuyo nombre proviene de un estilo de baile. <a href=""https://www.last.fm/music/Annie+Lennox"">Read more on Last.fm</a>";Eurythmics, Alison Moyet, Bette Midler, Tina Turner, Texas
175;Eurythmics;Thorn In My Side;Greatest Hits;colaboracion;1991;Pop;132;;;;
1148;Annie Lennox;Precious;Diva;album;1992;Pop;132;1342300;16706974;"Annie Lennox nació el 25 de diciembre de 1954 en Aberdeen, Escocia. Aficionada a la música desde la infancia, cantaba en el coro de la Iglesia. Cursó estudios de piano y flauta en la Royal Academy of Music. Siendo una adolescente, cantó en el grupo de folk ""Longdancer"".

En el año 1977 Annie Lennox conoce a David Stewart, que sería su pareja artística y sentimental. Juntos formaron el dúo Eurythmics, cuyo nombre proviene de un estilo de baile. <a href=""https://www.last.fm/music/Annie+Lennox"">Read more on Last.fm</a>";Eurythmics, Alison Moyet, Bette Midler, Tina Turner, Texas
1148;Annie Lennox;Little Bird;The Annie Lennox Collection;album;2009;Pop;132;1342300;16706974;"Annie Lennox nació el 25 de diciembre de 1954 en Aberdeen, Escocia. Aficionada a la música desde la infancia, cantaba en el coro de la Iglesia. Cursó estudios de piano y flauta en la Royal Academy of Music. Siendo una adolescente, cantó en el grupo de folk ""Longdancer"".

En el año 1977 Annie Lennox conoce a David Stewart, que sería su pareja artística y sentimental. Juntos formaron el dúo Eurythmics, cuyo nombre proviene de un estilo de baile. <a href=""https://www.last.fm/music/Annie+Lennox"">Read more on Last.fm</a>";Eurythmics, Alison Moyet, Bette Midler, Tina Turner, Texas
175;Eurythmics;Here Comes the Rain Again (2018 Remastered);Touch (2018 Remastered);colaboracion;2018;Pop;132;;;;
1148;Annie Lennox;Walking on Broken Glass;Diva;album;1992;Pop;132;1342300;16706974;"Annie Lennox nació el 25 de diciembre de 1954 en Aberdeen, Escocia. Aficionada a la música desde la infancia, cantaba en el coro de la Iglesia. Cursó estudios de piano y flauta en la Royal Academy of Music. Siendo una adolescente, cantó en el grupo de folk ""Longdancer"".

En el año 1977 Annie Lennox conoce a David Stewart, que sería su pareja artística y sentimental. Juntos formaron el dúo Eurythmics, cuyo nombre proviene de un estilo de baile. <a href=""https://www.last.fm/music/Annie+Lennox"">Read more on Last.fm</a>";Eurythmics, Alison Moyet, Bette Midler, Tina Turner, Texas
175;Eurythmics;I Saved The World Today (Remastered Version);Ultimate Collection;colaboracion;2005;Pop;132;;;;
1148;Annie Lennox;Train in Vain (Stand by Me);Medusa;album;1995;Pop;132;1342300;16706974;"Annie Lennox nació el 25 de diciembre de 1954 en Aberdeen, Escocia. Aficionada a la música desde la infancia, cantaba en el coro de la Iglesia. Cursó estudios de piano y flauta en la Royal Academy of Music. Siendo una adolescente, cantó en el grupo de folk ""Longdancer"".

En el año 1977 Annie Lennox conoce a David Stewart, que sería su pareja artística y sentimental. Juntos formaron el dúo Eurythmics, cuyo nombre proviene de un estilo de baile. <a href=""https://www.last.fm/music/Annie+Lennox"">Read more on Last.fm</a>";Eurythmics, Alison Moyet, Bette Midler, Tina Turner, Texas
175;Eurythmics;Love Is a Stranger;Greatest Hits;colaboracion;1991;Pop;132;;;;
175;Eurythmics;Thorn in My Side (Extended Version);Revenge;colaboracion;2003;Pop;132;;;;
175;Eurythmics;Sweet Dreams (Are Made Of This) (Steve Angello Bootleg);Dance Vault Mixes - I've Got A Life;colaboracion;2005;Dance;113;;;;
1148;Annie Lennox;Waiting In Vain;Medusa;album;1995;Pop;132;1342300;16706974;"Annie Lennox nació el 25 de diciembre de 1954 en Aberdeen, Escocia. Aficionada a la música desde la infancia, cantaba en el coro de la Iglesia. Cursó estudios de piano y flauta en la Royal Academy of Music. Siendo una adolescente, cantó en el grupo de folk ""Longdancer"".

En el año 1977 Annie Lennox conoce a David Stewart, que sería su pareja artística y sentimental. Juntos formaron el dúo Eurythmics, cuyo nombre proviene de un estilo de baile. <a href=""https://www.last.fm/music/Annie+Lennox"">Read more on Last.fm</a>";Eurythmics, Alison Moyet, Bette Midler, Tina Turner, Texas
175;Eurythmics;Who's That Girl?;Greatest Hits;colaboracion;1991;Pop;132;;;;
1148;Annie Lennox;WHY? - FOR GAZA (Together For Palestine);WHY? - FOR GAZA (Together For Palestine);single;2025;Pop;132;1342300;16706974;"Annie Lennox nació el 25 de diciembre de 1954 en Aberdeen, Escocia. Aficionada a la música desde la infancia, cantaba en el coro de la Iglesia. Cursó estudios de piano y flauta en la Royal Academy of Music. Siendo una adolescente, cantó en el grupo de folk ""Longdancer"".

En el año 1977 Annie Lennox conoce a David Stewart, que sería su pareja artística y sentimental. Juntos formaron el dúo Eurythmics, cuyo nombre proviene de un estilo de baile. <a href=""https://www.last.fm/music/Annie+Lennox"">Read more on Last.fm</a>";Eurythmics, Alison Moyet, Bette Midler, Tina Turner, Texas
175;Eurythmics;There Must Be An Angel (Playing With My Heart) (Live);Live 1983-1989;colaboracion;1993;Pop;132;;;;
1148;Annie Lennox;The Hurting Time;Bare;album;2003;Pop;132;1342300;16706974;"Annie Lennox nació el 25 de diciembre de 1954 en Aberdeen, Escocia. Aficionada a la música desde la infancia, cantaba en el coro de la Iglesia. Cursó estudios de piano y flauta en la Royal Academy of Music. Siendo una adolescente, cantó en el grupo de folk ""Longdancer"".

En el año 1977 Annie Lennox conoce a David Stewart, que sería su pareja artística y sentimental. Juntos formaron el dúo Eurythmics, cuyo nombre proviene de un estilo de baile. <a href=""https://www.last.fm/music/Annie+Lennox"">Read more on Last.fm</a>";Eurythmics, Alison Moyet, Bette Midler, Tina Turner, Texas
175;Eurythmics;Missionary Man;Revenge;colaboracion;2003;Pop;132;;;;
1148;Annie Lennox;Georgia On My Mind;Nostalgia;album;2014;Jazz;129;1342300;16706974;"Annie Lennox nació el 25 de diciembre de 1954 en Aberdeen, Escocia. Aficionada a la música desde la infancia, cantaba en el coro de la Iglesia. Cursó estudios de piano y flauta en la Royal Academy of Music. Siendo una adolescente, cantó en el grupo de folk ""Longdancer"".

En el año 1977 Annie Lennox conoce a David Stewart, que sería su pareja artística y sentimental. Juntos formaron el dúo Eurythmics, cuyo nombre proviene de un estilo de baile. <a href=""https://www.last.fm/music/Annie+Lennox"">Read more on Last.fm</a>";Eurythmics, Alison Moyet, Bette Midler, Tina Turner, Texas
1148;Annie Lennox;A Thousand Beautiful Things;Bare;album;2003;Pop;132;1342300;16706974;"Annie Lennox nació el 25 de diciembre de 1954 en Aberdeen, Escocia. Aficionada a la música desde la infancia, cantaba en el coro de la Iglesia. Cursó estudios de piano y flauta en la Royal Academy of Music. Siendo una adolescente, cantó en el grupo de folk ""Longdancer"".

En el año 1977 Annie Lennox conoce a David Stewart, que sería su pareja artística y sentimental. Juntos formaron el dúo Eurythmics, cuyo nombre proviene de un estilo de baile. <a href=""https://www.last.fm/music/Annie+Lennox"">Read more on Last.fm</a>";Eurythmics, Alison Moyet, Bette Midler, Tina Turner, Texas
175;Eurythmics;Would I Lie to You?;Greatest Hits;colaboracion;1991;Pop;132;;;;
175;Eurythmics;I've Got a Life;Ultimate Collection;colaboracion;2005;Pop;132;;;;
175;Eurythmics;It's Alright (Baby's Coming Back) (Remastered Version);Ultimate Collection;colaboracion;2005;Pop;132;;;;
175;Eurythmics;Sweet Dreams (Are Made of This) (Hot Remix / 2005 Remaster);Sweet Dreams (Are Made Of This);colaboracion;2003;Pop;132;;;;
175;Eurythmics;I've Got a Lover (Back in Japan) [2018 Remastered];Savage (2018 Remastered);colaboracion;2018;Pop;132;;;;
1148;Annie Lennox;Thin Line Between Love and Hate;Medusa;album;1995;Pop;132;1342300;16706974;"Annie Lennox nació el 25 de diciembre de 1954 en Aberdeen, Escocia. Aficionada a la música desde la infancia, cantaba en el coro de la Iglesia. Cursó estudios de piano y flauta en la Royal Academy of Music. Siendo una adolescente, cantó en el grupo de folk ""Longdancer"".

En el año 1977 Annie Lennox conoce a David Stewart, que sería su pareja artística y sentimental. Juntos formaron el dúo Eurythmics, cuyo nombre proviene de un estilo de baile. <a href=""https://www.last.fm/music/Annie+Lennox"">Read more on Last.fm</a>";Eurythmics, Alison Moyet, Bette Midler, Tina Turner, Texas
3536;Chaka Khan;Ain't Nobody;Epiphany: The Best of Chaka Khan, Vol. 1;album;1996;R&B;165;1307142;12834756;"Chaka Khan, cantante de funk, urban y quiet storm desde la década de los 70 hasta nuestros días. Nació el 23 de marzo de 1953 en Great Lakes (Illinois).

Debutó en 1973 con la banda Rufus, con un album titulado igual que la banda, consiguiendo notables éxitos como grupo funk. Con la ayuda de Stevie Wonder, Rufus entró de lleno en las listas de éxito de Pop y R&B en 1974 con el tema ""Tell Me Something Good"". Durante los '70 y principios de los '80 <a href=""https://www.last.fm/music/Chaka+Khan"">Read more on Last.fm</a>";Rufus, Phyllis Hyman, Patti LaBelle, Stephanie Mills, Patrice Rushen
3536;Chaka Khan;I'm Every Woman;Chaka;album;2008;Pop;132;1307142;12834756;"Chaka Khan, cantante de funk, urban y quiet storm desde la década de los 70 hasta nuestros días. Nació el 23 de marzo de 1953 en Great Lakes (Illinois).

Debutó en 1973 con la banda Rufus, con un album titulado igual que la banda, consiguiendo notables éxitos como grupo funk. Con la ayuda de Stevie Wonder, Rufus entró de lleno en las listas de éxito de Pop y R&B en 1974 con el tema ""Tell Me Something Good"". Durante los '70 y principios de los '80 <a href=""https://www.last.fm/music/Chaka+Khan"">Read more on Last.fm</a>";Rufus, Phyllis Hyman, Patti LaBelle, Stephanie Mills, Patrice Rushen
3536;Chaka Khan;Chakzilla;Chakzilla;single;2026;Pop;132;1307142;12834756;"Chaka Khan, cantante de funk, urban y quiet storm desde la década de los 70 hasta nuestros días. Nació el 23 de marzo de 1953 en Great Lakes (Illinois).

Debutó en 1973 con la banda Rufus, con un album titulado igual que la banda, consiguiendo notables éxitos como grupo funk. Con la ayuda de Stevie Wonder, Rufus entró de lleno en las listas de éxito de Pop y R&B en 1974 con el tema ""Tell Me Something Good"". Durante los '70 y principios de los '80 <a href=""https://www.last.fm/music/Chaka+Khan"">Read more on Last.fm</a>";Rufus, Phyllis Hyman, Patti LaBelle, Stephanie Mills, Patrice Rushen
3536;Chaka Khan;I Feel for You;I Feel for You;album;2006;Dance;113;1307142;12834756;"Chaka Khan, cantante de funk, urban y quiet storm desde la década de los 70 hasta nuestros días. Nació el 23 de marzo de 1953 en Great Lakes (Illinois).

Debutó en 1973 con la banda Rufus, con un album titulado igual que la banda, consiguiendo notables éxitos como grupo funk. Con la ayuda de Stevie Wonder, Rufus entró de lleno en las listas de éxito de Pop y R&B en 1974 con el tema ""Tell Me Something Good"". Durante los '70 y principios de los '80 <a href=""https://www.last.fm/music/Chaka+Khan"">Read more on Last.fm</a>";Rufus, Phyllis Hyman, Patti LaBelle, Stephanie Mills, Patrice Rushen
3536;Chaka Khan;Like Sugar;Like Sugar - EP;ep;2018;R&B;165;1307142;12834756;"Chaka Khan, cantante de funk, urban y quiet storm desde la década de los 70 hasta nuestros días. Nació el 23 de marzo de 1953 en Great Lakes (Illinois).

Debutó en 1973 con la banda Rufus, con un album titulado igual que la banda, consiguiendo notables éxitos como grupo funk. Con la ayuda de Stevie Wonder, Rufus entró de lleno en las listas de éxito de Pop y R&B en 1974 con el tema ""Tell Me Something Good"". Durante los '70 y principios de los '80 <a href=""https://www.last.fm/music/Chaka+Khan"">Read more on Last.fm</a>";Rufus, Phyllis Hyman, Patti LaBelle, Stephanie Mills, Patrice Rushen
3536;Chaka Khan;Through the Fire;I Feel for You;album;2006;Dance;113;1307142;12834756;"Chaka Khan, cantante de funk, urban y quiet storm desde la década de los 70 hasta nuestros días. Nació el 23 de marzo de 1953 en Great Lakes (Illinois).

Debutó en 1973 con la banda Rufus, con un album titulado igual que la banda, consiguiendo notables éxitos como grupo funk. Con la ayuda de Stevie Wonder, Rufus entró de lleno en las listas de éxito de Pop y R&B en 1974 con el tema ""Tell Me Something Good"". Durante los '70 y principios de los '80 <a href=""https://www.last.fm/music/Chaka+Khan"">Read more on Last.fm</a>";Rufus, Phyllis Hyman, Patti LaBelle, Stephanie Mills, Patrice Rushen
3536;Chaka Khan;Everlasting Love (Live);Hot Stuff - Disco Divas;album;2014;Pop;132;1307142;12834756;"Chaka Khan, cantante de funk, urban y quiet storm desde la década de los 70 hasta nuestros días. Nació el 23 de marzo de 1953 en Great Lakes (Illinois).

Debutó en 1973 con la banda Rufus, con un album titulado igual que la banda, consiguiendo notables éxitos como grupo funk. Con la ayuda de Stevie Wonder, Rufus entró de lleno en las listas de éxito de Pop y R&B en 1974 con el tema ""Tell Me Something Good"". Durante los '70 y principios de los '80 <a href=""https://www.last.fm/music/Chaka+Khan"">Read more on Last.fm</a>";Rufus, Phyllis Hyman, Patti LaBelle, Stephanie Mills, Patrice Rushen
3536;Chaka Khan;Tell Me Something Good (Live);Funk Fever & Soul Sensations;album;2014;R&B;165;1307142;12834756;"Chaka Khan, cantante de funk, urban y quiet storm desde la década de los 70 hasta nuestros días. Nació el 23 de marzo de 1953 en Great Lakes (Illinois).

Debutó en 1973 con la banda Rufus, con un album titulado igual que la banda, consiguiendo notables éxitos como grupo funk. Con la ayuda de Stevie Wonder, Rufus entró de lleno en las listas de éxito de Pop y R&B en 1974 con el tema ""Tell Me Something Good"". Durante los '70 y principios de los '80 <a href=""https://www.last.fm/music/Chaka+Khan"">Read more on Last.fm</a>";Rufus, Phyllis Hyman, Patti LaBelle, Stephanie Mills, Patrice Rushen
3536;Chaka Khan;Life Is a Dance;Chaka;album;2008;Pop;132;1307142;12834756;"Chaka Khan, cantante de funk, urban y quiet storm desde la década de los 70 hasta nuestros días. Nació el 23 de marzo de 1953 en Great Lakes (Illinois).

Debutó en 1973 con la banda Rufus, con un album titulado igual que la banda, consiguiendo notables éxitos como grupo funk. Con la ayuda de Stevie Wonder, Rufus entró de lleno en las listas de éxito de Pop y R&B en 1974 con el tema ""Tell Me Something Good"". Durante los '70 y principios de los '80 <a href=""https://www.last.fm/music/Chaka+Khan"">Read more on Last.fm</a>";Rufus, Phyllis Hyman, Patti LaBelle, Stephanie Mills, Patrice Rushen
3536;Chaka Khan;Like Sugar (Extended Mix);Like Sugar - EP;ep;2018;R&B;165;1307142;12834756;"Chaka Khan, cantante de funk, urban y quiet storm desde la década de los 70 hasta nuestros días. Nació el 23 de marzo de 1953 en Great Lakes (Illinois).

Debutó en 1973 con la banda Rufus, con un album titulado igual que la banda, consiguiendo notables éxitos como grupo funk. Con la ayuda de Stevie Wonder, Rufus entró de lleno en las listas de éxito de Pop y R&B en 1974 con el tema ""Tell Me Something Good"". Durante los '70 y principios de los '80 <a href=""https://www.last.fm/music/Chaka+Khan"">Read more on Last.fm</a>";Rufus, Phyllis Hyman, Patti LaBelle, Stephanie Mills, Patrice Rushen
3536;Chaka Khan;Love Has Fallen on Me;Chaka;album;2008;Pop;132;1307142;12834756;"Chaka Khan, cantante de funk, urban y quiet storm desde la década de los 70 hasta nuestros días. Nació el 23 de marzo de 1953 en Great Lakes (Illinois).

Debutó en 1973 con la banda Rufus, con un album titulado igual que la banda, consiguiendo notables éxitos como grupo funk. Con la ayuda de Stevie Wonder, Rufus entró de lleno en las listas de éxito de Pop y R&B en 1974 con el tema ""Tell Me Something Good"". Durante los '70 y principios de los '80 <a href=""https://www.last.fm/music/Chaka+Khan"">Read more on Last.fm</a>";Rufus, Phyllis Hyman, Patti LaBelle, Stephanie Mills, Patrice Rushen
3536;Chaka Khan;Stronger Than Before;I Feel for You;album;2006;Dance;113;1307142;12834756;"Chaka Khan, cantante de funk, urban y quiet storm desde la década de los 70 hasta nuestros días. Nació el 23 de marzo de 1953 en Great Lakes (Illinois).

Debutó en 1973 con la banda Rufus, con un album titulado igual que la banda, consiguiendo notables éxitos como grupo funk. Con la ayuda de Stevie Wonder, Rufus entró de lleno en las listas de éxito de Pop y R&B en 1974 con el tema ""Tell Me Something Good"". Durante los '70 y principios de los '80 <a href=""https://www.last.fm/music/Chaka+Khan"">Read more on Last.fm</a>";Rufus, Phyllis Hyman, Patti LaBelle, Stephanie Mills, Patrice Rushen
149202;Rufus & Chaka Khan;Ain't Nobody (Bassapella) [Remix];Ain't Nobody (Remixes);colaboracion;2020;R&B;165;;;;
3536;Chaka Khan;Night Moods;What Cha' Gonna Do for Me;album;2008;R&B;165;1307142;12834756;"Chaka Khan, cantante de funk, urban y quiet storm desde la década de los 70 hasta nuestros días. Nació el 23 de marzo de 1953 en Great Lakes (Illinois).

Debutó en 1973 con la banda Rufus, con un album titulado igual que la banda, consiguiendo notables éxitos como grupo funk. Con la ayuda de Stevie Wonder, Rufus entró de lleno en las listas de éxito de Pop y R&B en 1974 con el tema ""Tell Me Something Good"". Durante los '70 y principios de los '80 <a href=""https://www.last.fm/music/Chaka+Khan"">Read more on Last.fm</a>";Rufus, Phyllis Hyman, Patti LaBelle, Stephanie Mills, Patrice Rushen
3536;Chaka Khan;Best in the West;Chaka Khan;album;2013;R&B;165;1307142;12834756;"Chaka Khan, cantante de funk, urban y quiet storm desde la década de los 70 hasta nuestros días. Nació el 23 de marzo de 1953 en Great Lakes (Illinois).

Debutó en 1973 con la banda Rufus, con un album titulado igual que la banda, consiguiendo notables éxitos como grupo funk. Con la ayuda de Stevie Wonder, Rufus entró de lleno en las listas de éxito de Pop y R&B en 1974 con el tema ""Tell Me Something Good"". Durante los '70 y principios de los '80 <a href=""https://www.last.fm/music/Chaka+Khan"">Read more on Last.fm</a>";Rufus, Phyllis Hyman, Patti LaBelle, Stephanie Mills, Patrice Rushen
3536;Chaka Khan;Ain't Nobody (Live);I'm Every Woman - Live;album;2008;R&B;165;1307142;12834756;"Chaka Khan, cantante de funk, urban y quiet storm desde la década de los 70 hasta nuestros días. Nació el 23 de marzo de 1953 en Great Lakes (Illinois).

Debutó en 1973 con la banda Rufus, con un album titulado igual que la banda, consiguiendo notables éxitos como grupo funk. Con la ayuda de Stevie Wonder, Rufus entró de lleno en las listas de éxito de Pop y R&B en 1974 con el tema ""Tell Me Something Good"". Durante los '70 y principios de los '80 <a href=""https://www.last.fm/music/Chaka+Khan"">Read more on Last.fm</a>";Rufus, Phyllis Hyman, Patti LaBelle, Stephanie Mills, Patrice Rushen
3536;Chaka Khan;Some Love;Chaka;album;2008;Pop;132;1307142;12834756;"Chaka Khan, cantante de funk, urban y quiet storm desde la década de los 70 hasta nuestros días. Nació el 23 de marzo de 1953 en Great Lakes (Illinois).

Debutó en 1973 con la banda Rufus, con un album titulado igual que la banda, consiguiendo notables éxitos como grupo funk. Con la ayuda de Stevie Wonder, Rufus entró de lleno en las listas de éxito de Pop y R&B en 1974 con el tema ""Tell Me Something Good"". Durante los '70 y principios de los '80 <a href=""https://www.last.fm/music/Chaka+Khan"">Read more on Last.fm</a>";Rufus, Phyllis Hyman, Patti LaBelle, Stephanie Mills, Patrice Rushen
3536;Chaka Khan;Eye to Eye;I Feel for You;album;2006;Dance;113;1307142;12834756;"Chaka Khan, cantante de funk, urban y quiet storm desde la década de los 70 hasta nuestros días. Nació el 23 de marzo de 1953 en Great Lakes (Illinois).

Debutó en 1973 con la banda Rufus, con un album titulado igual que la banda, consiguiendo notables éxitos como grupo funk. Con la ayuda de Stevie Wonder, Rufus entró de lleno en las listas de éxito de Pop y R&B en 1974 con el tema ""Tell Me Something Good"". Durante los '70 y principios de los '80 <a href=""https://www.last.fm/music/Chaka+Khan"">Read more on Last.fm</a>";Rufus, Phyllis Hyman, Patti LaBelle, Stephanie Mills, Patrice Rushen
3536;Chaka Khan;I Know You, I Live You;Epiphany: The Best of Chaka Khan, Vol. 1;album;1996;R&B;165;1307142;12834756;"Chaka Khan, cantante de funk, urban y quiet storm desde la década de los 70 hasta nuestros días. Nació el 23 de marzo de 1953 en Great Lakes (Illinois).

Debutó en 1973 con la banda Rufus, con un album titulado igual que la banda, consiguiendo notables éxitos como grupo funk. Con la ayuda de Stevie Wonder, Rufus entró de lleno en las listas de éxito de Pop y R&B en 1974 con el tema ""Tell Me Something Good"". Durante los '70 y principios de los '80 <a href=""https://www.last.fm/music/Chaka+Khan"">Read more on Last.fm</a>";Rufus, Phyllis Hyman, Patti LaBelle, Stephanie Mills, Patrice Rushen
3536;Chaka Khan;I Feel for You (Edit);I Feel for You (Edit) / Chinatown;single;1984;R&B;165;1307142;12834756;"Chaka Khan, cantante de funk, urban y quiet storm desde la década de los 70 hasta nuestros días. Nació el 23 de marzo de 1953 en Great Lakes (Illinois).

Debutó en 1973 con la banda Rufus, con un album titulado igual que la banda, consiguiendo notables éxitos como grupo funk. Con la ayuda de Stevie Wonder, Rufus entró de lleno en las listas de éxito de Pop y R&B en 1974 con el tema ""Tell Me Something Good"". Durante los '70 y principios de los '80 <a href=""https://www.last.fm/music/Chaka+Khan"">Read more on Last.fm</a>";Rufus, Phyllis Hyman, Patti LaBelle, Stephanie Mills, Patrice Rushen
3536;Chaka Khan;Hello Happiness;Hello Happiness;album;2019;Pop;132;1307142;12834756;"Chaka Khan, cantante de funk, urban y quiet storm desde la década de los 70 hasta nuestros días. Nació el 23 de marzo de 1953 en Great Lakes (Illinois).

Debutó en 1973 con la banda Rufus, con un album titulado igual que la banda, consiguiendo notables éxitos como grupo funk. Con la ayuda de Stevie Wonder, Rufus entró de lleno en las listas de éxito de Pop y R&B en 1974 con el tema ""Tell Me Something Good"". Durante los '70 y principios de los '80 <a href=""https://www.last.fm/music/Chaka+Khan"">Read more on Last.fm</a>";Rufus, Phyllis Hyman, Patti LaBelle, Stephanie Mills, Patrice Rushen
4699;Diana Ross;Upside Down;Diana;album;2003;R&B;165;1893871;21055145;"Diana Ross (Diane Ernestine Earle Ross) nació el 26 de marzo de 1944 en Detroit, Michigan). Actriz y cantante de música pop, rhythm and blues y soul. Ross es una de las artistas femeninas de más éxito de su era, tanto como solista como líder de The Supremes durante los años 1960.

En 1993, entró en el Libro Guinness de Récords como la artista femenina de mayor éxito de todos los tiempos, debido en parte a sus 18 números uno, seis de ellos en solitario. <a href=""https://www.last.fm/music/Diana+Ross"">Read more on Last.fm</a>";Donna Summer, Diana Ross and the Supremes, The Supremes, Diana Ross & Marvin Gaye, Tina Turner
4699;Diana Ross;I'm Coming Out;Diana;album;2003;R&B;165;1893871;21055145;"Diana Ross (Diane Ernestine Earle Ross) nació el 26 de marzo de 1944 en Detroit, Michigan). Actriz y cantante de música pop, rhythm and blues y soul. Ross es una de las artistas femeninas de más éxito de su era, tanto como solista como líder de The Supremes durante los años 1960.

En 1993, entró en el Libro Guinness de Récords como la artista femenina de mayor éxito de todos los tiempos, debido en parte a sus 18 números uno, seis de ellos en solitario. <a href=""https://www.last.fm/music/Diana+Ross"">Read more on Last.fm</a>";Donna Summer, Diana Ross and the Supremes, The Supremes, Diana Ross & Marvin Gaye, Tina Turner
4699;Diana Ross;I'm Coming Out / Upside Down (Eric Kupper Radio Edit);I'm Coming Out / Upside Down (The Remix Album);colaboracion;2018;Disco;168;1893871;21055145;"Diana Ross (Diane Ernestine Earle Ross) nació el 26 de marzo de 1944 en Detroit, Michigan). Actriz y cantante de música pop, rhythm and blues y soul. Ross es una de las artistas femeninas de más éxito de su era, tanto como solista como líder de The Supremes durante los años 1960.

En 1993, entró en el Libro Guinness de Récords como la artista femenina de mayor éxito de todos los tiempos, debido en parte a sus 18 números uno, seis de ellos en solitario. <a href=""https://www.last.fm/music/Diana+Ross"">Read more on Last.fm</a>";Donna Summer, Diana Ross and the Supremes, The Supremes, Diana Ross & Marvin Gaye, Tina Turner
4699;Diana Ross;You Are Everything;The Very Best Of Marvin Gaye;colaboracion;2018;R&B;165;1893871;21055145;"Diana Ross (Diane Ernestine Earle Ross) nació el 26 de marzo de 1944 en Detroit, Michigan). Actriz y cantante de música pop, rhythm and blues y soul. Ross es una de las artistas femeninas de más éxito de su era, tanto como solista como líder de The Supremes durante los años 1960.

En 1993, entró en el Libro Guinness de Récords como la artista femenina de mayor éxito de todos los tiempos, debido en parte a sus 18 números uno, seis de ellos en solitario. <a href=""https://www.last.fm/music/Diana+Ross"">Read more on Last.fm</a>";Donna Summer, Diana Ross and the Supremes, The Supremes, Diana Ross & Marvin Gaye, Tina Turner
4699;Diana Ross;Ain't No Mountain High Enough;Motown Greatest Hits;album;2019;R&B;165;1893871;21055145;"Diana Ross (Diane Ernestine Earle Ross) nació el 26 de marzo de 1944 en Detroit, Michigan). Actriz y cantante de música pop, rhythm and blues y soul. Ross es una de las artistas femeninas de más éxito de su era, tanto como solista como líder de The Supremes durante los años 1960.

En 1993, entró en el Libro Guinness de Récords como la artista femenina de mayor éxito de todos los tiempos, debido en parte a sus 18 números uno, seis de ellos en solitario. <a href=""https://www.last.fm/music/Diana+Ross"">Read more on Last.fm</a>";Donna Summer, Diana Ross and the Supremes, The Supremes, Diana Ross & Marvin Gaye, Tina Turner
4699;Diana Ross;I'm Coming Out / Upside Down (Chris Cox Remix Radio Edit);I'm Coming Out / Upside Down (The Remix Album);colaboracion;2018;Disco;168;1893871;21055145;"Diana Ross (Diane Ernestine Earle Ross) nació el 26 de marzo de 1944 en Detroit, Michigan). Actriz y cantante de música pop, rhythm and blues y soul. Ross es una de las artistas femeninas de más éxito de su era, tanto como solista como líder de The Supremes durante los años 1960.

En 1993, entró en el Libro Guinness de Récords como la artista femenina de mayor éxito de todos los tiempos, debido en parte a sus 18 números uno, seis de ellos en solitario. <a href=""https://www.last.fm/music/Diana+Ross"">Read more on Last.fm</a>";Donna Summer, Diana Ross and the Supremes, The Supremes, Diana Ross & Marvin Gaye, Tina Turner
4699;Diana Ross;Theme From Mahogany (Do You Know Where You're Going To) (Single Version);Diana Ross (Expanded Edition);album;2012;R&B;165;1893871;21055145;"Diana Ross (Diane Ernestine Earle Ross) nació el 26 de marzo de 1944 en Detroit, Michigan). Actriz y cantante de música pop, rhythm and blues y soul. Ross es una de las artistas femeninas de más éxito de su era, tanto como solista como líder de The Supremes durante los años 1960.

En 1993, entró en el Libro Guinness de Récords como la artista femenina de mayor éxito de todos los tiempos, debido en parte a sus 18 números uno, seis de ellos en solitario. <a href=""https://www.last.fm/music/Diana+Ross"">Read more on Last.fm</a>";Donna Summer, Diana Ross and the Supremes, The Supremes, Diana Ross & Marvin Gaye, Tina Turner
4699;Diana Ross;Ain't No Mountain High Enough (Eric Kupper Remix);Ain't No Mountain High Enough: The Remix Album;colaboracion;2018;Dance;113;1893871;21055145;"Diana Ross (Diane Ernestine Earle Ross) nació el 26 de marzo de 1944 en Detroit, Michigan). Actriz y cantante de música pop, rhythm and blues y soul. Ross es una de las artistas femeninas de más éxito de su era, tanto como solista como líder de The Supremes durante los años 1960.

En 1993, entró en el Libro Guinness de Récords como la artista femenina de mayor éxito de todos los tiempos, debido en parte a sus 18 números uno, seis de ellos en solitario. <a href=""https://www.last.fm/music/Diana+Ross"">Read more on Last.fm</a>";Donna Summer, Diana Ross and the Supremes, The Supremes, Diana Ross & Marvin Gaye, Tina Turner
9117;Diana Ross & The Supremes;Ain't No Mountain High Enough;Joined Together: The Complete Studio Sessions;colaboracion;2007;Pop;132;;;;
4699;Diana Ross;Chain Reaction;Eaten Alive;album;1985;Rap/Hip Hop;116;1893871;21055145;"Diana Ross (Diane Ernestine Earle Ross) nació el 26 de marzo de 1944 en Detroit, Michigan). Actriz y cantante de música pop, rhythm and blues y soul. Ross es una de las artistas femeninas de más éxito de su era, tanto como solista como líder de The Supremes durante los años 1960.

En 1993, entró en el Libro Guinness de Récords como la artista femenina de mayor éxito de todos los tiempos, debido en parte a sus 18 números uno, seis de ellos en solitario. <a href=""https://www.last.fm/music/Diana+Ross"">Read more on Last.fm</a>";Donna Summer, Diana Ross and the Supremes, The Supremes, Diana Ross & Marvin Gaye, Tina Turner
4699;Diana Ross;Turn Up The Sunshine (From 'Minions: The Rise of Gru' Soundtrack);Minions: The Rise Of Gru (Original Motion Picture Soundtrack);colaboracion;2022;Películas/Juegos;173;1893871;21055145;"Diana Ross (Diane Ernestine Earle Ross) nació el 26 de marzo de 1944 en Detroit, Michigan). Actriz y cantante de música pop, rhythm and blues y soul. Ross es una de las artistas femeninas de más éxito de su era, tanto como solista como líder de The Supremes durante los años 1960.

En 1993, entró en el Libro Guinness de Récords como la artista femenina de mayor éxito de todos los tiempos, debido en parte a sus 18 números uno, seis de ellos en solitario. <a href=""https://www.last.fm/music/Diana+Ross"">Read more on Last.fm</a>";Donna Summer, Diana Ross and the Supremes, The Supremes, Diana Ross & Marvin Gaye, Tina Turner
4699;Diana Ross;"Ease On Down The Road #1 (From ""The Wiz"" Soundtrack)";The Wiz;colaboracion;2007;Películas/Juegos;173;1893871;21055145;"Diana Ross (Diane Ernestine Earle Ross) nació el 26 de marzo de 1944 en Detroit, Michigan). Actriz y cantante de música pop, rhythm and blues y soul. Ross es una de las artistas femeninas de más éxito de su era, tanto como solista como líder de The Supremes durante los años 1960.

En 1993, entró en el Libro Guinness de Récords como la artista femenina de mayor éxito de todos los tiempos, debido en parte a sus 18 números uno, seis de ellos en solitario. <a href=""https://www.last.fm/music/Diana+Ross"">Read more on Last.fm</a>";Donna Summer, Diana Ross and the Supremes, The Supremes, Diana Ross & Marvin Gaye, Tina Turner
4699;Diana Ross;When You Tell Me That You Love Me;The Force Behind the Power;album;1991;Rap/Hip Hop;116;1893871;21055145;"Diana Ross (Diane Ernestine Earle Ross) nació el 26 de marzo de 1944 en Detroit, Michigan). Actriz y cantante de música pop, rhythm and blues y soul. Ross es una de las artistas femeninas de más éxito de su era, tanto como solista como líder de The Supremes durante los años 1960.

En 1993, entró en el Libro Guinness de Récords como la artista femenina de mayor éxito de todos los tiempos, debido en parte a sus 18 números uno, seis de ellos en solitario. <a href=""https://www.last.fm/music/Diana+Ross"">Read more on Last.fm</a>";Donna Summer, Diana Ross and the Supremes, The Supremes, Diana Ross & Marvin Gaye, Tina Turner
4699;Diana Ross;Remember Me;Surrender (Expanded Edition);album;2008;R&B;165;1893871;21055145;"Diana Ross (Diane Ernestine Earle Ross) nació el 26 de marzo de 1944 en Detroit, Michigan). Actriz y cantante de música pop, rhythm and blues y soul. Ross es una de las artistas femeninas de más éxito de su era, tanto como solista como líder de The Supremes durante los años 1960.

En 1993, entró en el Libro Guinness de Récords como la artista femenina de mayor éxito de todos los tiempos, debido en parte a sus 18 números uno, seis de ellos en solitario. <a href=""https://www.last.fm/music/Diana+Ross"">Read more on Last.fm</a>";Donna Summer, Diana Ross and the Supremes, The Supremes, Diana Ross & Marvin Gaye, Tina Turner
4699;Diana Ross;Ain't No Mountain High Enough;Diana Ross;album;2015;Pop;132;1893871;21055145;"Diana Ross (Diane Ernestine Earle Ross) nació el 26 de marzo de 1944 en Detroit, Michigan). Actriz y cantante de música pop, rhythm and blues y soul. Ross es una de las artistas femeninas de más éxito de su era, tanto como solista como líder de The Supremes durante los años 1960.

En 1993, entró en el Libro Guinness de Récords como la artista femenina de mayor éxito de todos los tiempos, debido en parte a sus 18 números uno, seis de ellos en solitario. <a href=""https://www.last.fm/music/Diana+Ross"">Read more on Last.fm</a>";Donna Summer, Diana Ross and the Supremes, The Supremes, Diana Ross & Marvin Gaye, Tina Turner
4699;Diana Ross;Just Say, Just Say;Diana & Marvin (Expanded Edition);colaboracion;2018;;-1;1893871;21055145;"Diana Ross (Diane Ernestine Earle Ross) nació el 26 de marzo de 1944 en Detroit, Michigan). Actriz y cantante de música pop, rhythm and blues y soul. Ross es una de las artistas femeninas de más éxito de su era, tanto como solista como líder de The Supremes durante los años 1960.

En 1993, entró en el Libro Guinness de Récords como la artista femenina de mayor éxito de todos los tiempos, debido en parte a sus 18 números uno, seis de ellos en solitario. <a href=""https://www.last.fm/music/Diana+Ross"">Read more on Last.fm</a>";Donna Summer, Diana Ross and the Supremes, The Supremes, Diana Ross & Marvin Gaye, Tina Turner
4699;Diana Ross;The Boss (Single Version);The Boss (Expanded Edition);album;1999;R&B;165;1893871;21055145;"Diana Ross (Diane Ernestine Earle Ross) nació el 26 de marzo de 1944 en Detroit, Michigan). Actriz y cantante de música pop, rhythm and blues y soul. Ross es una de las artistas femeninas de más éxito de su era, tanto como solista como líder de The Supremes durante los años 1960.

En 1993, entró en el Libro Guinness de Récords como la artista femenina de mayor éxito de todos los tiempos, debido en parte a sus 18 números uno, seis de ellos en solitario. <a href=""https://www.last.fm/music/Diana+Ross"">Read more on Last.fm</a>";Donna Summer, Diana Ross and the Supremes, The Supremes, Diana Ross & Marvin Gaye, Tina Turner
4699;Diana Ross;It's My House;The Boss (Expanded Edition);album;1999;R&B;165;1893871;21055145;"Diana Ross (Diane Ernestine Earle Ross) nació el 26 de marzo de 1944 en Detroit, Michigan). Actriz y cantante de música pop, rhythm and blues y soul. Ross es una de las artistas femeninas de más éxito de su era, tanto como solista como líder de The Supremes durante los años 1960.

En 1993, entró en el Libro Guinness de Récords como la artista femenina de mayor éxito de todos los tiempos, debido en parte a sus 18 números uno, seis de ellos en solitario. <a href=""https://www.last.fm/music/Diana+Ross"">Read more on Last.fm</a>";Donna Summer, Diana Ross and the Supremes, The Supremes, Diana Ross & Marvin Gaye, Tina Turner
4699;Diana Ross;My Old Piano;Diana;album;2003;R&B;165;1893871;21055145;"Diana Ross (Diane Ernestine Earle Ross) nació el 26 de marzo de 1944 en Detroit, Michigan). Actriz y cantante de música pop, rhythm and blues y soul. Ross es una de las artistas femeninas de más éxito de su era, tanto como solista como líder de The Supremes durante los años 1960.

En 1993, entró en el Libro Guinness de Récords como la artista femenina de mayor éxito de todos los tiempos, debido en parte a sus 18 números uno, seis de ellos en solitario. <a href=""https://www.last.fm/music/Diana+Ross"">Read more on Last.fm</a>";Donna Summer, Diana Ross and the Supremes, The Supremes, Diana Ross & Marvin Gaye, Tina Turner
4699;Diana Ross;I'm Coming Out;Diamond Diana: The Legacy Collection;album;2017;R&B;165;1893871;21055145;"Diana Ross (Diane Ernestine Earle Ross) nació el 26 de marzo de 1944 en Detroit, Michigan). Actriz y cantante de música pop, rhythm and blues y soul. Ross es una de las artistas femeninas de más éxito de su era, tanto como solista como líder de The Supremes durante los años 1960.

En 1993, entró en el Libro Guinness de Récords como la artista femenina de mayor éxito de todos los tiempos, debido en parte a sus 18 números uno, seis de ellos en solitario. <a href=""https://www.last.fm/music/Diana+Ross"">Read more on Last.fm</a>";Donna Summer, Diana Ross and the Supremes, The Supremes, Diana Ross & Marvin Gaye, Tina Turner
4699;Diana Ross;Brown Baby/Save The Children;Touch Me In The Morning (Expanded Edition);album;2010;Pop;132;1893871;21055145;"Diana Ross (Diane Ernestine Earle Ross) nació el 26 de marzo de 1944 en Detroit, Michigan). Actriz y cantante de música pop, rhythm and blues y soul. Ross es una de las artistas femeninas de más éxito de su era, tanto como solista como líder de The Supremes durante los años 1960.

En 1993, entró en el Libro Guinness de Récords como la artista femenina de mayor éxito de todos los tiempos, debido en parte a sus 18 números uno, seis de ellos en solitario. <a href=""https://www.last.fm/music/Diana+Ross"">Read more on Last.fm</a>";Donna Summer, Diana Ross and the Supremes, The Supremes, Diana Ross & Marvin Gaye, Tina Turner
4699;Diana Ross;The Boss (Eric Kupper Remix);The Boss Remixes;colaboracion;2019;R&B;165;1893871;21055145;"Diana Ross (Diane Ernestine Earle Ross) nació el 26 de marzo de 1944 en Detroit, Michigan). Actriz y cantante de música pop, rhythm and blues y soul. Ross es una de las artistas femeninas de más éxito de su era, tanto como solista como líder de The Supremes durante los años 1960.

En 1993, entró en el Libro Guinness de Récords como la artista femenina de mayor éxito de todos los tiempos, debido en parte a sus 18 números uno, seis de ellos en solitario. <a href=""https://www.last.fm/music/Diana+Ross"">Read more on Last.fm</a>";Donna Summer, Diana Ross and the Supremes, The Supremes, Diana Ross & Marvin Gaye, Tina Turner
4699;Diana Ross;I Still Believe (Purple Disco Machine Remix);I Still Believe (Purple Disco Machine Remix);colaboracion;2022;Pop;132;1893871;21055145;"Diana Ross (Diane Ernestine Earle Ross) nació el 26 de marzo de 1944 en Detroit, Michigan). Actriz y cantante de música pop, rhythm and blues y soul. Ross es una de las artistas femeninas de más éxito de su era, tanto como solista como líder de The Supremes durante los años 1960.

En 1993, entró en el Libro Guinness de Récords como la artista femenina de mayor éxito de todos los tiempos, debido en parte a sus 18 números uno, seis de ellos en solitario. <a href=""https://www.last.fm/music/Diana+Ross"">Read more on Last.fm</a>";Donna Summer, Diana Ross and the Supremes, The Supremes, Diana Ross & Marvin Gaye, Tina Turner
9117;Diana Ross & The Supremes;Can't Take My Eyes Off You;Joined Together: The Complete Studio Sessions;colaboracion;2007;Pop;132;;;;
4699;Diana Ross;Missing You;Swept Away;album;1984;Pop;132;1893871;21055145;"Diana Ross (Diane Ernestine Earle Ross) nació el 26 de marzo de 1944 en Detroit, Michigan). Actriz y cantante de música pop, rhythm and blues y soul. Ross es una de las artistas femeninas de más éxito de su era, tanto como solista como líder de The Supremes durante los años 1960.

En 1993, entró en el Libro Guinness de Récords como la artista femenina de mayor éxito de todos los tiempos, debido en parte a sus 18 números uno, seis de ellos en solitario. <a href=""https://www.last.fm/music/Diana+Ross"">Read more on Last.fm</a>";Donna Summer, Diana Ross and the Supremes, The Supremes, Diana Ross & Marvin Gaye, Tina Turner
4699;Diana Ross;Tomorrow;Thank You;album;2021;Pop;132;1893871;21055145;"Diana Ross (Diane Ernestine Earle Ross) nació el 26 de marzo de 1944 en Detroit, Michigan). Actriz y cantante de música pop, rhythm and blues y soul. Ross es una de las artistas femeninas de más éxito de su era, tanto como solista como líder de The Supremes durante los años 1960.

En 1993, entró en el Libro Guinness de Récords como la artista femenina de mayor éxito de todos los tiempos, debido en parte a sus 18 números uno, seis de ellos en solitario. <a href=""https://www.last.fm/music/Diana+Ross"">Read more on Last.fm</a>";Donna Summer, Diana Ross and the Supremes, The Supremes, Diana Ross & Marvin Gaye, Tina Turner
4699;Diana Ross;I'm Coming Out (Original CHIC Mix);Diana;album;2003;R&B;165;1893871;21055145;"Diana Ross (Diane Ernestine Earle Ross) nació el 26 de marzo de 1944 en Detroit, Michigan). Actriz y cantante de música pop, rhythm and blues y soul. Ross es una de las artistas femeninas de más éxito de su era, tanto como solista como líder de The Supremes durante los años 1960.

En 1993, entró en el Libro Guinness de Récords como la artista femenina de mayor éxito de todos los tiempos, debido en parte a sus 18 números uno, seis de ellos en solitario. <a href=""https://www.last.fm/music/Diana+Ross"">Read more on Last.fm</a>";Donna Summer, Diana Ross and the Supremes, The Supremes, Diana Ross & Marvin Gaye, Tina Turner
9117;Diana Ross & The Supremes;"Medley Of Hits (12"" Version)";Diana;colaboracion;2003;R&B;165;;;;
4699;Diana Ross;Upside Down (Single Version);Diamond Diana: The Legacy Collection;album;2017;R&B;165;1893871;21055145;"Diana Ross (Diane Ernestine Earle Ross) nació el 26 de marzo de 1944 en Detroit, Michigan). Actriz y cantante de música pop, rhythm and blues y soul. Ross es una de las artistas femeninas de más éxito de su era, tanto como solista como líder de The Supremes durante los años 1960.

En 1993, entró en el Libro Guinness de Récords como la artista femenina de mayor éxito de todos los tiempos, debido en parte a sus 18 números uno, seis de ellos en solitario. <a href=""https://www.last.fm/music/Diana+Ross"">Read more on Last.fm</a>";Donna Summer, Diana Ross and the Supremes, The Supremes, Diana Ross & Marvin Gaye, Tina Turner
4699;Diana Ross;Love Hangover (Extended Alternate Version);Diana;album;2003;R&B;165;1893871;21055145;"Diana Ross (Diane Ernestine Earle Ross) nació el 26 de marzo de 1944 en Detroit, Michigan). Actriz y cantante de música pop, rhythm and blues y soul. Ross es una de las artistas femeninas de más éxito de su era, tanto como solista como líder de The Supremes durante los años 1960.

En 1993, entró en el Libro Guinness de Récords como la artista femenina de mayor éxito de todos los tiempos, debido en parte a sus 18 números uno, seis de ellos en solitario. <a href=""https://www.last.fm/music/Diana+Ross"">Read more on Last.fm</a>";Donna Summer, Diana Ross and the Supremes, The Supremes, Diana Ross & Marvin Gaye, Tina Turner
4699;Diana Ross;Have Fun (Again);Éxitos Soft Pop;album;2025;Pop;132;1893871;21055145;"Diana Ross (Diane Ernestine Earle Ross) nació el 26 de marzo de 1944 en Detroit, Michigan). Actriz y cantante de música pop, rhythm and blues y soul. Ross es una de las artistas femeninas de más éxito de su era, tanto como solista como líder de The Supremes durante los años 1960.

En 1993, entró en el Libro Guinness de Récords como la artista femenina de mayor éxito de todos los tiempos, debido en parte a sus 18 números uno, seis de ellos en solitario. <a href=""https://www.last.fm/music/Diana+Ross"">Read more on Last.fm</a>";Donna Summer, Diana Ross and the Supremes, The Supremes, Diana Ross & Marvin Gaye, Tina Turner
9117;Diana Ross & The Supremes;I'm Gonna Make You Love Me (Stereo);Joined Together: The Complete Studio Sessions;colaboracion;2007;Pop;132;;;;
9117;Diana Ross & The Supremes;Someday We'll Be Together;The Ultimate Collection: Diana Ross & The Supremes;album;2018;R&B;165;;;;
4699;Diana Ross;I Still Believe;Thank You;album;2021;Pop;132;1893871;21055145;"Diana Ross (Diane Ernestine Earle Ross) nació el 26 de marzo de 1944 en Detroit, Michigan). Actriz y cantante de música pop, rhythm and blues y soul. Ross es una de las artistas femeninas de más éxito de su era, tanto como solista como líder de The Supremes durante los años 1960.

En 1993, entró en el Libro Guinness de Récords como la artista femenina de mayor éxito de todos los tiempos, debido en parte a sus 18 números uno, seis de ellos en solitario. <a href=""https://www.last.fm/music/Diana+Ross"">Read more on Last.fm</a>";Donna Summer, Diana Ross and the Supremes, The Supremes, Diana Ross & Marvin Gaye, Tina Turner
4699;Diana Ross;Now That You're Gone;Diana;album;2003;R&B;165;1893871;21055145;"Diana Ross (Diane Ernestine Earle Ross) nació el 26 de marzo de 1944 en Detroit, Michigan). Actriz y cantante de música pop, rhythm and blues y soul. Ross es una de las artistas femeninas de más éxito de su era, tanto como solista como líder de The Supremes durante los años 1960.

En 1993, entró en el Libro Guinness de Récords como la artista femenina de mayor éxito de todos los tiempos, debido en parte a sus 18 números uno, seis de ellos en solitario. <a href=""https://www.last.fm/music/Diana+Ross"">Read more on Last.fm</a>";Donna Summer, Diana Ross and the Supremes, The Supremes, Diana Ross & Marvin Gaye, Tina Turner
4699;Diana Ross;Love Hangover;The #1's;album;2007;R&B;165;1893871;21055145;"Diana Ross (Diane Ernestine Earle Ross) nació el 26 de marzo de 1944 en Detroit, Michigan). Actriz y cantante de música pop, rhythm and blues y soul. Ross es una de las artistas femeninas de más éxito de su era, tanto como solista como líder de The Supremes durante los años 1960.

En 1993, entró en el Libro Guinness de Récords como la artista femenina de mayor éxito de todos los tiempos, debido en parte a sus 18 números uno, seis de ellos en solitario. <a href=""https://www.last.fm/music/Diana+Ross"">Read more on Last.fm</a>";Donna Summer, Diana Ross and the Supremes, The Supremes, Diana Ross & Marvin Gaye, Tina Turner
4699;Diana Ross;Tenderness;Diana;album;2007;Pop;132;1893871;21055145;"Diana Ross (Diane Ernestine Earle Ross) nació el 26 de marzo de 1944 en Detroit, Michigan). Actriz y cantante de música pop, rhythm and blues y soul. Ross es una de las artistas femeninas de más éxito de su era, tanto como solista como líder de The Supremes durante los años 1960.

En 1993, entró en el Libro Guinness de Récords como la artista femenina de mayor éxito de todos los tiempos, debido en parte a sus 18 números uno, seis de ellos en solitario. <a href=""https://www.last.fm/music/Diana+Ross"">Read more on Last.fm</a>";Donna Summer, Diana Ross and the Supremes, The Supremes, Diana Ross & Marvin Gaye, Tina Turner
4699;Diana Ross;Swept Away;Swept Away;album;1984;Pop;132;1893871;21055145;"Diana Ross (Diane Ernestine Earle Ross) nació el 26 de marzo de 1944 en Detroit, Michigan). Actriz y cantante de música pop, rhythm and blues y soul. Ross es una de las artistas femeninas de más éxito de su era, tanto como solista como líder de The Supremes durante los años 1960.

En 1993, entró en el Libro Guinness de Récords como la artista femenina de mayor éxito de todos los tiempos, debido en parte a sus 18 números uno, seis de ellos en solitario. <a href=""https://www.last.fm/music/Diana+Ross"">Read more on Last.fm</a>";Donna Summer, Diana Ross and the Supremes, The Supremes, Diana Ross & Marvin Gaye, Tina Turner
9117;Diana Ross & The Supremes;Reflections (Single Version);Motown Greatest Hits;album;2019;R&B;165;;;;
9117;Diana Ross & The Supremes;Love Child;Gold;album;2018;Pop;132;;;;
4699;Diana Ross;Muscles;Silk Electric;album;1987;Pop;132;1893871;21055145;"Diana Ross (Diane Ernestine Earle Ross) nació el 26 de marzo de 1944 en Detroit, Michigan). Actriz y cantante de música pop, rhythm and blues y soul. Ross es una de las artistas femeninas de más éxito de su era, tanto como solista como líder de The Supremes durante los años 1960.

En 1993, entró en el Libro Guinness de Récords como la artista femenina de mayor éxito de todos los tiempos, debido en parte a sus 18 números uno, seis de ellos en solitario. <a href=""https://www.last.fm/music/Diana+Ross"">Read more on Last.fm</a>";Donna Summer, Diana Ross and the Supremes, The Supremes, Diana Ross & Marvin Gaye, Tina Turner
4699;Diana Ross;Reach Out And Touch (Somebody's Hand);Diana Ross;album;2015;Pop;132;1893871;21055145;"Diana Ross (Diane Ernestine Earle Ross) nació el 26 de marzo de 1944 en Detroit, Michigan). Actriz y cantante de música pop, rhythm and blues y soul. Ross es una de las artistas femeninas de más éxito de su era, tanto como solista como líder de The Supremes durante los años 1960.

En 1993, entró en el Libro Guinness de Récords como la artista femenina de mayor éxito de todos los tiempos, debido en parte a sus 18 números uno, seis de ellos en solitario. <a href=""https://www.last.fm/music/Diana+Ross"">Read more on Last.fm</a>";Donna Summer, Diana Ross and the Supremes, The Supremes, Diana Ross & Marvin Gaye, Tina Turner
4699;Diana Ross;Theme From Mahogany (Do You Know Where You're Going To) (Single Version);To Love Again (Expanded Edition);album;2019;Pop;132;1893871;21055145;"Diana Ross (Diane Ernestine Earle Ross) nació el 26 de marzo de 1944 en Detroit, Michigan). Actriz y cantante de música pop, rhythm and blues y soul. Ross es una de las artistas femeninas de más éxito de su era, tanto como solista como líder de The Supremes durante los años 1960.

En 1993, entró en el Libro Guinness de Récords como la artista femenina de mayor éxito de todos los tiempos, debido en parte a sus 18 números uno, seis de ellos en solitario. <a href=""https://www.last.fm/music/Diana+Ross"">Read more on Last.fm</a>";Donna Summer, Diana Ross and the Supremes, The Supremes, Diana Ross & Marvin Gaye, Tina Turner
4699;Diana Ross;Touch Me In The Morning;Touch Me In The Morning;album;2015;Pop;132;1893871;21055145;"Diana Ross (Diane Ernestine Earle Ross) nació el 26 de marzo de 1944 en Detroit, Michigan). Actriz y cantante de música pop, rhythm and blues y soul. Ross es una de las artistas femeninas de más éxito de su era, tanto como solista como líder de The Supremes durante los años 1960.

En 1993, entró en el Libro Guinness de Récords como la artista femenina de mayor éxito de todos los tiempos, debido en parte a sus 18 números uno, seis de ellos en solitario. <a href=""https://www.last.fm/music/Diana+Ross"">Read more on Last.fm</a>";Donna Summer, Diana Ross and the Supremes, The Supremes, Diana Ross & Marvin Gaye, Tina Turner
4699;Diana Ross;Friend To Friend;Diana;album;2003;R&B;165;1893871;21055145;"Diana Ross (Diane Ernestine Earle Ross) nació el 26 de marzo de 1944 en Detroit, Michigan). Actriz y cantante de música pop, rhythm and blues y soul. Ross es una de las artistas femeninas de más éxito de su era, tanto como solista como líder de The Supremes durante los años 1960.

En 1993, entró en el Libro Guinness de Récords como la artista femenina de mayor éxito de todos los tiempos, debido en parte a sus 18 números uno, seis de ellos en solitario. <a href=""https://www.last.fm/music/Diana+Ross"">Read more on Last.fm</a>";Donna Summer, Diana Ross and the Supremes, The Supremes, Diana Ross & Marvin Gaye, Tina Turner
4699;Diana Ross;No One Gets The Prize/The Boss (12-Inch/ Re-Edit);Diana;album;2003;R&B;165;1893871;21055145;"Diana Ross (Diane Ernestine Earle Ross) nació el 26 de marzo de 1944 en Detroit, Michigan). Actriz y cantante de música pop, rhythm and blues y soul. Ross es una de las artistas femeninas de más éxito de su era, tanto como solista como líder de The Supremes durante los años 1960.

En 1993, entró en el Libro Guinness de Récords como la artista femenina de mayor éxito de todos los tiempos, debido en parte a sus 18 números uno, seis de ellos en solitario. <a href=""https://www.last.fm/music/Diana+Ross"">Read more on Last.fm</a>";Donna Summer, Diana Ross and the Supremes, The Supremes, Diana Ross & Marvin Gaye, Tina Turner
303;Gloria Gaynor;I Will Survive;DISCO ! DISCO! DISCO ! VARIOUS ARTISTS;album;2025;Pop;132;1597421;11672851;"Gloria Fowles (n. Newark, Nueva Jersey, 7 de septiembre de 1943), de nombre artístico Gloria Gaynor, es una cantante de música disco y soul estadounidense. Tres de sus éxitos más conocidos son I Will Survive (1979), Never Can Say Goodbye (1974) y I Am What I Am (1983). Considerada una de las divas de la música disco de los 70 y 80.

Empieza su carrera con la banda Soul Satisfiers durante los 60. Su primer single se edita en 1965 bajo el título ""She'll Be Sorry/Let Me Go Baby"". <a href=""https://www.last.fm/music/Gloria+Gaynor"">Read more on Last.fm</a>";The Weather Girls, Amii Stewart, Village People, The Trammps, Thelma Houston
303;Gloria Gaynor;I Will Survive (Rerecorded);I Will Survive (Rerecorded);album;1982;R&B;165;1597421;11672851;"Gloria Fowles (n. Newark, Nueva Jersey, 7 de septiembre de 1943), de nombre artístico Gloria Gaynor, es una cantante de música disco y soul estadounidense. Tres de sus éxitos más conocidos son I Will Survive (1979), Never Can Say Goodbye (1974) y I Am What I Am (1983). Considerada una de las divas de la música disco de los 70 y 80.

Empieza su carrera con la banda Soul Satisfiers durante los 60. Su primer single se edita en 1965 bajo el título ""She'll Be Sorry/Let Me Go Baby"". <a href=""https://www.last.fm/music/Gloria+Gaynor"">Read more on Last.fm</a>";The Weather Girls, Amii Stewart, Village People, The Trammps, Thelma Houston
303;Gloria Gaynor;"I Will Survive (Original 7"" Version)";I Will Survive (Phil Kelsey Remix);single;2021;Disco;168;1597421;11672851;"Gloria Fowles (n. Newark, Nueva Jersey, 7 de septiembre de 1943), de nombre artístico Gloria Gaynor, es una cantante de música disco y soul estadounidense. Tres de sus éxitos más conocidos son I Will Survive (1979), Never Can Say Goodbye (1974) y I Am What I Am (1983). Considerada una de las divas de la música disco de los 70 y 80.

Empieza su carrera con la banda Soul Satisfiers durante los 60. Su primer single se edita en 1965 bajo el título ""She'll Be Sorry/Let Me Go Baby"". <a href=""https://www.last.fm/music/Gloria+Gaynor"">Read more on Last.fm</a>";The Weather Girls, Amii Stewart, Village People, The Trammps, Thelma Houston
303;Gloria Gaynor;Can't Take My Eyes Off of You (Radio Edit);Can't Take My Eyes Off of You;ep;2012;Electro;106;1597421;11672851;"Gloria Fowles (n. Newark, Nueva Jersey, 7 de septiembre de 1943), de nombre artístico Gloria Gaynor, es una cantante de música disco y soul estadounidense. Tres de sus éxitos más conocidos son I Will Survive (1979), Never Can Say Goodbye (1974) y I Am What I Am (1983). Considerada una de las divas de la música disco de los 70 y 80.

Empieza su carrera con la banda Soul Satisfiers durante los 60. Su primer single se edita en 1965 bajo el título ""She'll Be Sorry/Let Me Go Baby"". <a href=""https://www.last.fm/music/Gloria+Gaynor"">Read more on Last.fm</a>";The Weather Girls, Amii Stewart, Village People, The Trammps, Thelma Houston
303;Gloria Gaynor;I Will Survive (1981 Re-recording);I Will Survive;album;2009;Pop;132;1597421;11672851;"Gloria Fowles (n. Newark, Nueva Jersey, 7 de septiembre de 1943), de nombre artístico Gloria Gaynor, es una cantante de música disco y soul estadounidense. Tres de sus éxitos más conocidos son I Will Survive (1979), Never Can Say Goodbye (1974) y I Am What I Am (1983). Considerada una de las divas de la música disco de los 70 y 80.

Empieza su carrera con la banda Soul Satisfiers durante los 60. Su primer single se edita en 1965 bajo el título ""She'll Be Sorry/Let Me Go Baby"". <a href=""https://www.last.fm/music/Gloria+Gaynor"">Read more on Last.fm</a>";The Weather Girls, Amii Stewart, Village People, The Trammps, Thelma Houston
303;Gloria Gaynor;I Will Survive;R&B Divas;album;2009;Pop;132;1597421;11672851;"Gloria Fowles (n. Newark, Nueva Jersey, 7 de septiembre de 1943), de nombre artístico Gloria Gaynor, es una cantante de música disco y soul estadounidense. Tres de sus éxitos más conocidos son I Will Survive (1979), Never Can Say Goodbye (1974) y I Am What I Am (1983). Considerada una de las divas de la música disco de los 70 y 80.

Empieza su carrera con la banda Soul Satisfiers durante los 60. Su primer single se edita en 1965 bajo el título ""She'll Be Sorry/Let Me Go Baby"". <a href=""https://www.last.fm/music/Gloria+Gaynor"">Read more on Last.fm</a>";The Weather Girls, Amii Stewart, Village People, The Trammps, Thelma Houston
303;Gloria Gaynor;I Will Survive;Love Tracks;album;2019;Disco;168;1597421;11672851;"Gloria Fowles (n. Newark, Nueva Jersey, 7 de septiembre de 1943), de nombre artístico Gloria Gaynor, es una cantante de música disco y soul estadounidense. Tres de sus éxitos más conocidos son I Will Survive (1979), Never Can Say Goodbye (1974) y I Am What I Am (1983). Considerada una de las divas de la música disco de los 70 y 80.

Empieza su carrera con la banda Soul Satisfiers durante los 60. Su primer single se edita en 1965 bajo el título ""She'll Be Sorry/Let Me Go Baby"". <a href=""https://www.last.fm/music/Gloria+Gaynor"">Read more on Last.fm</a>";The Weather Girls, Amii Stewart, Village People, The Trammps, Thelma Houston
303;Gloria Gaynor;I Will Survive (Extended Version);Silver Collection;album;2007;Pop;132;1597421;11672851;"Gloria Fowles (n. Newark, Nueva Jersey, 7 de septiembre de 1943), de nombre artístico Gloria Gaynor, es una cantante de música disco y soul estadounidense. Tres de sus éxitos más conocidos son I Will Survive (1979), Never Can Say Goodbye (1974) y I Am What I Am (1983). Considerada una de las divas de la música disco de los 70 y 80.

Empieza su carrera con la banda Soul Satisfiers durante los 60. Su primer single se edita en 1965 bajo el título ""She'll Be Sorry/Let Me Go Baby"". <a href=""https://www.last.fm/music/Gloria+Gaynor"">Read more on Last.fm</a>";The Weather Girls, Amii Stewart, Village People, The Trammps, Thelma Houston
303;Gloria Gaynor;Never Can Say Goodbye (Rerecorded);I Will Survive (Rerecorded);album;1982;R&B;165;1597421;11672851;"Gloria Fowles (n. Newark, Nueva Jersey, 7 de septiembre de 1943), de nombre artístico Gloria Gaynor, es una cantante de música disco y soul estadounidense. Tres de sus éxitos más conocidos son I Will Survive (1979), Never Can Say Goodbye (1974) y I Am What I Am (1983). Considerada una de las divas de la música disco de los 70 y 80.

Empieza su carrera con la banda Soul Satisfiers durante los 60. Su primer single se edita en 1965 bajo el título ""She'll Be Sorry/Let Me Go Baby"". <a href=""https://www.last.fm/music/Gloria+Gaynor"">Read more on Last.fm</a>";The Weather Girls, Amii Stewart, Village People, The Trammps, Thelma Houston
303;Gloria Gaynor;The Eye of the Tiger;Respect (CD 2);album;2007;R&B;165;1597421;11672851;"Gloria Fowles (n. Newark, Nueva Jersey, 7 de septiembre de 1943), de nombre artístico Gloria Gaynor, es una cantante de música disco y soul estadounidense. Tres de sus éxitos más conocidos son I Will Survive (1979), Never Can Say Goodbye (1974) y I Am What I Am (1983). Considerada una de las divas de la música disco de los 70 y 80.

Empieza su carrera con la banda Soul Satisfiers durante los 60. Su primer single se edita en 1965 bajo el título ""She'll Be Sorry/Let Me Go Baby"". <a href=""https://www.last.fm/music/Gloria+Gaynor"">Read more on Last.fm</a>";The Weather Girls, Amii Stewart, Village People, The Trammps, Thelma Houston
303;Gloria Gaynor;I Will Survive (Extended Mix);I Will Survive;album;2009;Pop;132;1597421;11672851;"Gloria Fowles (n. Newark, Nueva Jersey, 7 de septiembre de 1943), de nombre artístico Gloria Gaynor, es una cantante de música disco y soul estadounidense. Tres de sus éxitos más conocidos son I Will Survive (1979), Never Can Say Goodbye (1974) y I Am What I Am (1983). Considerada una de las divas de la música disco de los 70 y 80.

Empieza su carrera con la banda Soul Satisfiers durante los 60. Su primer single se edita en 1965 bajo el título ""She'll Be Sorry/Let Me Go Baby"". <a href=""https://www.last.fm/music/Gloria+Gaynor"">Read more on Last.fm</a>";The Weather Girls, Amii Stewart, Village People, The Trammps, Thelma Houston
303;Gloria Gaynor;First Be a Woman;Love Affair;album;2012;Dance;113;1597421;11672851;"Gloria Fowles (n. Newark, Nueva Jersey, 7 de septiembre de 1943), de nombre artístico Gloria Gaynor, es una cantante de música disco y soul estadounidense. Tres de sus éxitos más conocidos son I Will Survive (1979), Never Can Say Goodbye (1974) y I Am What I Am (1983). Considerada una de las divas de la música disco de los 70 y 80.

Empieza su carrera con la banda Soul Satisfiers durante los 60. Su primer single se edita en 1965 bajo el título ""She'll Be Sorry/Let Me Go Baby"". <a href=""https://www.last.fm/music/Gloria+Gaynor"">Read more on Last.fm</a>";The Weather Girls, Amii Stewart, Village People, The Trammps, Thelma Houston
303;Gloria Gaynor;Reach Out I'll Be There;Respect (CD 2);album;2007;R&B;165;1597421;11672851;"Gloria Fowles (n. Newark, Nueva Jersey, 7 de septiembre de 1943), de nombre artístico Gloria Gaynor, es una cantante de música disco y soul estadounidense. Tres de sus éxitos más conocidos son I Will Survive (1979), Never Can Say Goodbye (1974) y I Am What I Am (1983). Considerada una de las divas de la música disco de los 70 y 80.

Empieza su carrera con la banda Soul Satisfiers durante los 60. Su primer single se edita en 1965 bajo el título ""She'll Be Sorry/Let Me Go Baby"". <a href=""https://www.last.fm/music/Gloria+Gaynor"">Read more on Last.fm</a>";The Weather Girls, Amii Stewart, Village People, The Trammps, Thelma Houston
303;Gloria Gaynor;Never Can Say Goodbye (Single Version);Old Music Alert 70s;album;2023;Pop;132;1597421;11672851;"Gloria Fowles (n. Newark, Nueva Jersey, 7 de septiembre de 1943), de nombre artístico Gloria Gaynor, es una cantante de música disco y soul estadounidense. Tres de sus éxitos más conocidos son I Will Survive (1979), Never Can Say Goodbye (1974) y I Am What I Am (1983). Considerada una de las divas de la música disco de los 70 y 80.

Empieza su carrera con la banda Soul Satisfiers durante los 60. Su primer single se edita en 1965 bajo el título ""She'll Be Sorry/Let Me Go Baby"". <a href=""https://www.last.fm/music/Gloria+Gaynor"">Read more on Last.fm</a>";The Weather Girls, Amii Stewart, Village People, The Trammps, Thelma Houston
303;Gloria Gaynor;Can't Take My Eyes from You;Respect (CD 2);album;2007;R&B;165;1597421;11672851;"Gloria Fowles (n. Newark, Nueva Jersey, 7 de septiembre de 1943), de nombre artístico Gloria Gaynor, es una cantante de música disco y soul estadounidense. Tres de sus éxitos más conocidos son I Will Survive (1979), Never Can Say Goodbye (1974) y I Am What I Am (1983). Considerada una de las divas de la música disco de los 70 y 80.

Empieza su carrera con la banda Soul Satisfiers durante los 60. Su primer single se edita en 1965 bajo el título ""She'll Be Sorry/Let Me Go Baby"". <a href=""https://www.last.fm/music/Gloria+Gaynor"">Read more on Last.fm</a>";The Weather Girls, Amii Stewart, Village People, The Trammps, Thelma Houston
303;Gloria Gaynor;Never Can Say Goodbye;I Will Survive;album;2009;Pop;132;1597421;11672851;"Gloria Fowles (n. Newark, Nueva Jersey, 7 de septiembre de 1943), de nombre artístico Gloria Gaynor, es una cantante de música disco y soul estadounidense. Tres de sus éxitos más conocidos son I Will Survive (1979), Never Can Say Goodbye (1974) y I Am What I Am (1983). Considerada una de las divas de la música disco de los 70 y 80.

Empieza su carrera con la banda Soul Satisfiers durante los 60. Su primer single se edita en 1965 bajo el título ""She'll Be Sorry/Let Me Go Baby"". <a href=""https://www.last.fm/music/Gloria+Gaynor"">Read more on Last.fm</a>";The Weather Girls, Amii Stewart, Village People, The Trammps, Thelma Houston
303;Gloria Gaynor;I Am What I Am 2014;I Am What I Am 2014 radio version;colaboracion;2014;Pop;132;1597421;11672851;"Gloria Fowles (n. Newark, Nueva Jersey, 7 de septiembre de 1943), de nombre artístico Gloria Gaynor, es una cantante de música disco y soul estadounidense. Tres de sus éxitos más conocidos son I Will Survive (1979), Never Can Say Goodbye (1974) y I Am What I Am (1983). Considerada una de las divas de la música disco de los 70 y 80.

Empieza su carrera con la banda Soul Satisfiers durante los 60. Su primer single se edita en 1965 bajo el título ""She'll Be Sorry/Let Me Go Baby"". <a href=""https://www.last.fm/music/Gloria+Gaynor"">Read more on Last.fm</a>";The Weather Girls, Amii Stewart, Village People, The Trammps, Thelma Houston
303;Gloria Gaynor;Can't Take My Eyes Off You;The Best Of - Remastered Version;album;2016;Dance;113;1597421;11672851;"Gloria Fowles (n. Newark, Nueva Jersey, 7 de septiembre de 1943), de nombre artístico Gloria Gaynor, es una cantante de música disco y soul estadounidense. Tres de sus éxitos más conocidos son I Will Survive (1979), Never Can Say Goodbye (1974) y I Am What I Am (1983). Considerada una de las divas de la música disco de los 70 y 80.

Empieza su carrera con la banda Soul Satisfiers durante los 60. Su primer single se edita en 1965 bajo el título ""She'll Be Sorry/Let Me Go Baby"". <a href=""https://www.last.fm/music/Gloria+Gaynor"">Read more on Last.fm</a>";The Weather Girls, Amii Stewart, Village People, The Trammps, Thelma Houston
303;Gloria Gaynor;The Eye of the Tiger;Gloria Gaynor;album;2015;Dance;113;1597421;11672851;"Gloria Fowles (n. Newark, Nueva Jersey, 7 de septiembre de 1943), de nombre artístico Gloria Gaynor, es una cantante de música disco y soul estadounidense. Tres de sus éxitos más conocidos son I Will Survive (1979), Never Can Say Goodbye (1974) y I Am What I Am (1983). Considerada una de las divas de la música disco de los 70 y 80.

Empieza su carrera con la banda Soul Satisfiers durante los 60. Su primer single se edita en 1965 bajo el título ""She'll Be Sorry/Let Me Go Baby"". <a href=""https://www.last.fm/music/Gloria+Gaynor"">Read more on Last.fm</a>";The Weather Girls, Amii Stewart, Village People, The Trammps, Thelma Houston
303;Gloria Gaynor;Reach Out I'll Be There;I Will Survive: The Anthology (Reissue);album;2018;R&B;165;1597421;11672851;"Gloria Fowles (n. Newark, Nueva Jersey, 7 de septiembre de 1943), de nombre artístico Gloria Gaynor, es una cantante de música disco y soul estadounidense. Tres de sus éxitos más conocidos son I Will Survive (1979), Never Can Say Goodbye (1974) y I Am What I Am (1983). Considerada una de las divas de la música disco de los 70 y 80.

Empieza su carrera con la banda Soul Satisfiers durante los 60. Su primer single se edita en 1965 bajo el título ""She'll Be Sorry/Let Me Go Baby"". <a href=""https://www.last.fm/music/Gloria+Gaynor"">Read more on Last.fm</a>";The Weather Girls, Amii Stewart, Village People, The Trammps, Thelma Houston
303;Gloria Gaynor;I Am What I Am (2014 Club Version);I Am What I Am (2014 Club Version);single;2014;Pop;132;1597421;11672851;"Gloria Fowles (n. Newark, Nueva Jersey, 7 de septiembre de 1943), de nombre artístico Gloria Gaynor, es una cantante de música disco y soul estadounidense. Tres de sus éxitos más conocidos son I Will Survive (1979), Never Can Say Goodbye (1974) y I Am What I Am (1983). Considerada una de las divas de la música disco de los 70 y 80.

Empieza su carrera con la banda Soul Satisfiers durante los 60. Su primer single se edita en 1965 bajo el título ""She'll Be Sorry/Let Me Go Baby"". <a href=""https://www.last.fm/music/Gloria+Gaynor"">Read more on Last.fm</a>";The Weather Girls, Amii Stewart, Village People, The Trammps, Thelma Houston
303;Gloria Gaynor;Never Can Say Goodbye (Single Version);20th Century Masters: The Millennium Collection: Best Of Gloria Gaynor;album;2000;Pop;132;1597421;11672851;"Gloria Fowles (n. Newark, Nueva Jersey, 7 de septiembre de 1943), de nombre artístico Gloria Gaynor, es una cantante de música disco y soul estadounidense. Tres de sus éxitos más conocidos son I Will Survive (1979), Never Can Say Goodbye (1974) y I Am What I Am (1983). Considerada una de las divas de la música disco de los 70 y 80.

Empieza su carrera con la banda Soul Satisfiers durante los 60. Su primer single se edita en 1965 bajo el título ""She'll Be Sorry/Let Me Go Baby"". <a href=""https://www.last.fm/music/Gloria+Gaynor"">Read more on Last.fm</a>";The Weather Girls, Amii Stewart, Village People, The Trammps, Thelma Houston
303;Gloria Gaynor;I Am What I Am;I Will Survive;album;2016;Pop;132;1597421;11672851;"Gloria Fowles (n. Newark, Nueva Jersey, 7 de septiembre de 1943), de nombre artístico Gloria Gaynor, es una cantante de música disco y soul estadounidense. Tres de sus éxitos más conocidos son I Will Survive (1979), Never Can Say Goodbye (1974) y I Am What I Am (1983). Considerada una de las divas de la música disco de los 70 y 80.

Empieza su carrera con la banda Soul Satisfiers durante los 60. Su primer single se edita en 1965 bajo el título ""She'll Be Sorry/Let Me Go Baby"". <a href=""https://www.last.fm/music/Gloria+Gaynor"">Read more on Last.fm</a>";The Weather Girls, Amii Stewart, Village People, The Trammps, Thelma Houston
303;Gloria Gaynor;Never Can Say Goodbye;Never Can Say Goodbye;album;2019;R&B;165;1597421;11672851;"Gloria Fowles (n. Newark, Nueva Jersey, 7 de septiembre de 1943), de nombre artístico Gloria Gaynor, es una cantante de música disco y soul estadounidense. Tres de sus éxitos más conocidos son I Will Survive (1979), Never Can Say Goodbye (1974) y I Am What I Am (1983). Considerada una de las divas de la música disco de los 70 y 80.

Empieza su carrera con la banda Soul Satisfiers durante los 60. Su primer single se edita en 1965 bajo el título ""She'll Be Sorry/Let Me Go Baby"". <a href=""https://www.last.fm/music/Gloria+Gaynor"">Read more on Last.fm</a>";The Weather Girls, Amii Stewart, Village People, The Trammps, Thelma Houston
303;Gloria Gaynor;I Will Survive (Edit Remix);I Will Survive (Remix);colaboracion;2026;Dance;113;1597421;11672851;"Gloria Fowles (n. Newark, Nueva Jersey, 7 de septiembre de 1943), de nombre artístico Gloria Gaynor, es una cantante de música disco y soul estadounidense. Tres de sus éxitos más conocidos son I Will Survive (1979), Never Can Say Goodbye (1974) y I Am What I Am (1983). Considerada una de las divas de la música disco de los 70 y 80.

Empieza su carrera con la banda Soul Satisfiers durante los 60. Su primer single se edita en 1965 bajo el título ""She'll Be Sorry/Let Me Go Baby"". <a href=""https://www.last.fm/music/Gloria+Gaynor"">Read more on Last.fm</a>";The Weather Girls, Amii Stewart, Village People, The Trammps, Thelma Houston
303;Gloria Gaynor;Reach Out I'll Be There;20th Century Masters: The Millennium Collection: Best Of Gloria Gaynor;album;2000;Pop;132;1597421;11672851;"Gloria Fowles (n. Newark, Nueva Jersey, 7 de septiembre de 1943), de nombre artístico Gloria Gaynor, es una cantante de música disco y soul estadounidense. Tres de sus éxitos más conocidos son I Will Survive (1979), Never Can Say Goodbye (1974) y I Am What I Am (1983). Considerada una de las divas de la música disco de los 70 y 80.

Empieza su carrera con la banda Soul Satisfiers durante los 60. Su primer single se edita en 1965 bajo el título ""She'll Be Sorry/Let Me Go Baby"". <a href=""https://www.last.fm/music/Gloria+Gaynor"">Read more on Last.fm</a>";The Weather Girls, Amii Stewart, Village People, The Trammps, Thelma Houston
303;Gloria Gaynor;I Will Survive;Gloria Gaynor;album;2012;Pop;132;1597421;11672851;"Gloria Fowles (n. Newark, Nueva Jersey, 7 de septiembre de 1943), de nombre artístico Gloria Gaynor, es una cantante de música disco y soul estadounidense. Tres de sus éxitos más conocidos son I Will Survive (1979), Never Can Say Goodbye (1974) y I Am What I Am (1983). Considerada una de las divas de la música disco de los 70 y 80.

Empieza su carrera con la banda Soul Satisfiers durante los 60. Su primer single se edita en 1965 bajo el título ""She'll Be Sorry/Let Me Go Baby"". <a href=""https://www.last.fm/music/Gloria+Gaynor"">Read more on Last.fm</a>";The Weather Girls, Amii Stewart, Village People, The Trammps, Thelma Houston
303;Gloria Gaynor;First Be a Woman (Angels of Love Classic);First Be a Woman;album;2012;Electro;106;1597421;11672851;"Gloria Fowles (n. Newark, Nueva Jersey, 7 de septiembre de 1943), de nombre artístico Gloria Gaynor, es una cantante de música disco y soul estadounidense. Tres de sus éxitos más conocidos son I Will Survive (1979), Never Can Say Goodbye (1974) y I Am What I Am (1983). Considerada una de las divas de la música disco de los 70 y 80.

Empieza su carrera con la banda Soul Satisfiers durante los 60. Su primer single se edita en 1965 bajo el título ""She'll Be Sorry/Let Me Go Baby"". <a href=""https://www.last.fm/music/Gloria+Gaynor"">Read more on Last.fm</a>";The Weather Girls, Amii Stewart, Village People, The Trammps, Thelma Houston
303;Gloria Gaynor;Let's Make A Deal;20th Century Masters: The Millennium Collection: Best Of Gloria Gaynor;album;2000;Pop;132;1597421;11672851;"Gloria Fowles (n. Newark, Nueva Jersey, 7 de septiembre de 1943), de nombre artístico Gloria Gaynor, es una cantante de música disco y soul estadounidense. Tres de sus éxitos más conocidos son I Will Survive (1979), Never Can Say Goodbye (1974) y I Am What I Am (1983). Considerada una de las divas de la música disco de los 70 y 80.

Empieza su carrera con la banda Soul Satisfiers durante los 60. Su primer single se edita en 1965 bajo el título ""She'll Be Sorry/Let Me Go Baby"". <a href=""https://www.last.fm/music/Gloria+Gaynor"">Read more on Last.fm</a>";The Weather Girls, Amii Stewart, Village People, The Trammps, Thelma Houston
303;Gloria Gaynor;Amazing Grace;Testimony;album;2019;;-1;1597421;11672851;"Gloria Fowles (n. Newark, Nueva Jersey, 7 de septiembre de 1943), de nombre artístico Gloria Gaynor, es una cantante de música disco y soul estadounidense. Tres de sus éxitos más conocidos son I Will Survive (1979), Never Can Say Goodbye (1974) y I Am What I Am (1983). Considerada una de las divas de la música disco de los 70 y 80.

Empieza su carrera con la banda Soul Satisfiers durante los 60. Su primer single se edita en 1965 bajo el título ""She'll Be Sorry/Let Me Go Baby"". <a href=""https://www.last.fm/music/Gloria+Gaynor"">Read more on Last.fm</a>";The Weather Girls, Amii Stewart, Village People, The Trammps, Thelma Houston
303;Gloria Gaynor;Never Can Say Goodbye;I Will Survive: The Anthology (Reissue);album;2018;R&B;165;1597421;11672851;"Gloria Fowles (n. Newark, Nueva Jersey, 7 de septiembre de 1943), de nombre artístico Gloria Gaynor, es una cantante de música disco y soul estadounidense. Tres de sus éxitos más conocidos son I Will Survive (1979), Never Can Say Goodbye (1974) y I Am What I Am (1983). Considerada una de las divas de la música disco de los 70 y 80.

Empieza su carrera con la banda Soul Satisfiers durante los 60. Su primer single se edita en 1965 bajo el título ""She'll Be Sorry/Let Me Go Baby"". <a href=""https://www.last.fm/music/Gloria+Gaynor"">Read more on Last.fm</a>";The Weather Girls, Amii Stewart, Village People, The Trammps, Thelma Houston
303;Gloria Gaynor;I Am What I Am;Back 2 Back Hits;album;2008;Pop;132;1597421;11672851;"Gloria Fowles (n. Newark, Nueva Jersey, 7 de septiembre de 1943), de nombre artístico Gloria Gaynor, es una cantante de música disco y soul estadounidense. Tres de sus éxitos más conocidos son I Will Survive (1979), Never Can Say Goodbye (1974) y I Am What I Am (1983). Considerada una de las divas de la música disco de los 70 y 80.

Empieza su carrera con la banda Soul Satisfiers durante los 60. Su primer single se edita en 1965 bajo el título ""She'll Be Sorry/Let Me Go Baby"". <a href=""https://www.last.fm/music/Gloria+Gaynor"">Read more on Last.fm</a>";The Weather Girls, Amii Stewart, Village People, The Trammps, Thelma Houston
303;Gloria Gaynor;I Will Survive (A Tom Moulton Remix);Love Tracks (Deluxe Edition);album;2019;Disco;168;1597421;11672851;"Gloria Fowles (n. Newark, Nueva Jersey, 7 de septiembre de 1943), de nombre artístico Gloria Gaynor, es una cantante de música disco y soul estadounidense. Tres de sus éxitos más conocidos son I Will Survive (1979), Never Can Say Goodbye (1974) y I Am What I Am (1983). Considerada una de las divas de la música disco de los 70 y 80.

Empieza su carrera con la banda Soul Satisfiers durante los 60. Su primer single se edita en 1965 bajo el título ""She'll Be Sorry/Let Me Go Baby"". <a href=""https://www.last.fm/music/Gloria+Gaynor"">Read more on Last.fm</a>";The Weather Girls, Amii Stewart, Village People, The Trammps, Thelma Houston
303;Gloria Gaynor;Day One;Testimony;album;2019;;-1;1597421;11672851;"Gloria Fowles (n. Newark, Nueva Jersey, 7 de septiembre de 1943), de nombre artístico Gloria Gaynor, es una cantante de música disco y soul estadounidense. Tres de sus éxitos más conocidos son I Will Survive (1979), Never Can Say Goodbye (1974) y I Am What I Am (1983). Considerada una de las divas de la música disco de los 70 y 80.

Empieza su carrera con la banda Soul Satisfiers durante los 60. Su primer single se edita en 1965 bajo el título ""She'll Be Sorry/Let Me Go Baby"". <a href=""https://www.last.fm/music/Gloria+Gaynor"">Read more on Last.fm</a>";The Weather Girls, Amii Stewart, Village People, The Trammps, Thelma Houston
303;Gloria Gaynor;Reach Out I'll Be There;Women In Love;album;2008;Pop;132;1597421;11672851;"Gloria Fowles (n. Newark, Nueva Jersey, 7 de septiembre de 1943), de nombre artístico Gloria Gaynor, es una cantante de música disco y soul estadounidense. Tres de sus éxitos más conocidos son I Will Survive (1979), Never Can Say Goodbye (1974) y I Am What I Am (1983). Considerada una de las divas de la música disco de los 70 y 80.

Empieza su carrera con la banda Soul Satisfiers durante los 60. Su primer single se edita en 1965 bajo el título ""She'll Be Sorry/Let Me Go Baby"". <a href=""https://www.last.fm/music/Gloria+Gaynor"">Read more on Last.fm</a>";The Weather Girls, Amii Stewart, Village People, The Trammps, Thelma Houston
303;Gloria Gaynor;We Can Start All Over Again;Silver Collection;album;2007;Pop;132;1597421;11672851;"Gloria Fowles (n. Newark, Nueva Jersey, 7 de septiembre de 1943), de nombre artístico Gloria Gaynor, es una cantante de música disco y soul estadounidense. Tres de sus éxitos más conocidos son I Will Survive (1979), Never Can Say Goodbye (1974) y I Am What I Am (1983). Considerada una de las divas de la música disco de los 70 y 80.

Empieza su carrera con la banda Soul Satisfiers durante los 60. Su primer single se edita en 1965 bajo el título ""She'll Be Sorry/Let Me Go Baby"". <a href=""https://www.last.fm/music/Gloria+Gaynor"">Read more on Last.fm</a>";The Weather Girls, Amii Stewart, Village People, The Trammps, Thelma Houston
303;Gloria Gaynor;Honey Bee (Extended Version);I Will Survive: The Anthology (Reissue);album;2018;R&B;165;1597421;11672851;"Gloria Fowles (n. Newark, Nueva Jersey, 7 de septiembre de 1943), de nombre artístico Gloria Gaynor, es una cantante de música disco y soul estadounidense. Tres de sus éxitos más conocidos son I Will Survive (1979), Never Can Say Goodbye (1974) y I Am What I Am (1983). Considerada una de las divas de la música disco de los 70 y 80.

Empieza su carrera con la banda Soul Satisfiers durante los 60. Su primer single se edita en 1965 bajo el título ""She'll Be Sorry/Let Me Go Baby"". <a href=""https://www.last.fm/music/Gloria+Gaynor"">Read more on Last.fm</a>";The Weather Girls, Amii Stewart, Village People, The Trammps, Thelma Houston
303;Gloria Gaynor;Reach Out I'll be there;Glorious - Her Greatest Ever Hits;album;2019;Pop;132;1597421;11672851;"Gloria Fowles (n. Newark, Nueva Jersey, 7 de septiembre de 1943), de nombre artístico Gloria Gaynor, es una cantante de música disco y soul estadounidense. Tres de sus éxitos más conocidos son I Will Survive (1979), Never Can Say Goodbye (1974) y I Am What I Am (1983). Considerada una de las divas de la música disco de los 70 y 80.

Empieza su carrera con la banda Soul Satisfiers durante los 60. Su primer single se edita en 1965 bajo el título ""She'll Be Sorry/Let Me Go Baby"". <a href=""https://www.last.fm/music/Gloria+Gaynor"">Read more on Last.fm</a>";The Weather Girls, Amii Stewart, Village People, The Trammps, Thelma Houston
303;Gloria Gaynor;I Will Survive (Remix);I Will Survive: The Anthology (Reissue);album;2018;R&B;165;1597421;11672851;"Gloria Fowles (n. Newark, Nueva Jersey, 7 de septiembre de 1943), de nombre artístico Gloria Gaynor, es una cantante de música disco y soul estadounidense. Tres de sus éxitos más conocidos son I Will Survive (1979), Never Can Say Goodbye (1974) y I Am What I Am (1983). Considerada una de las divas de la música disco de los 70 y 80.

Empieza su carrera con la banda Soul Satisfiers durante los 60. Su primer single se edita en 1965 bajo el título ""She'll Be Sorry/Let Me Go Baby"". <a href=""https://www.last.fm/music/Gloria+Gaynor"">Read more on Last.fm</a>";The Weather Girls, Amii Stewart, Village People, The Trammps, Thelma Houston
303;Gloria Gaynor;Never Can Say Goodbye;I Will Survive - Greatest Hits;single;2012;;-1;1597421;11672851;"Gloria Fowles (n. Newark, Nueva Jersey, 7 de septiembre de 1943), de nombre artístico Gloria Gaynor, es una cantante de música disco y soul estadounidense. Tres de sus éxitos más conocidos son I Will Survive (1979), Never Can Say Goodbye (1974) y I Am What I Am (1983). Considerada una de las divas de la música disco de los 70 y 80.

Empieza su carrera con la banda Soul Satisfiers durante los 60. Su primer single se edita en 1965 bajo el título ""She'll Be Sorry/Let Me Go Baby"". <a href=""https://www.last.fm/music/Gloria+Gaynor"">Read more on Last.fm</a>";The Weather Girls, Amii Stewart, Village People, The Trammps, Thelma Houston
303;Gloria Gaynor;I Will Survive (Spanish);I Will Survive [Spanish Version] - Single;single;2009;;-1;1597421;11672851;"Gloria Fowles (n. Newark, Nueva Jersey, 7 de septiembre de 1943), de nombre artístico Gloria Gaynor, es una cantante de música disco y soul estadounidense. Tres de sus éxitos más conocidos son I Will Survive (1979), Never Can Say Goodbye (1974) y I Am What I Am (1983). Considerada una de las divas de la música disco de los 70 y 80.

Empieza su carrera con la banda Soul Satisfiers durante los 60. Su primer single se edita en 1965 bajo el título ""She'll Be Sorry/Let Me Go Baby"". <a href=""https://www.last.fm/music/Gloria+Gaynor"">Read more on Last.fm</a>";The Weather Girls, Amii Stewart, Village People, The Trammps, Thelma Houston
303;Gloria Gaynor;You're the First, the Last, My Everything;Gloria Gaynor;album;2015;Dance;113;1597421;11672851;"Gloria Fowles (n. Newark, Nueva Jersey, 7 de septiembre de 1943), de nombre artístico Gloria Gaynor, es una cantante de música disco y soul estadounidense. Tres de sus éxitos más conocidos son I Will Survive (1979), Never Can Say Goodbye (1974) y I Am What I Am (1983). Considerada una de las divas de la música disco de los 70 y 80.

Empieza su carrera con la banda Soul Satisfiers durante los 60. Su primer single se edita en 1965 bajo el título ""She'll Be Sorry/Let Me Go Baby"". <a href=""https://www.last.fm/music/Gloria+Gaynor"">Read more on Last.fm</a>";The Weather Girls, Amii Stewart, Village People, The Trammps, Thelma Houston
303;Gloria Gaynor;Joy Comes In The Morning;Testimony;album;2019;;-1;1597421;11672851;"Gloria Fowles (n. Newark, Nueva Jersey, 7 de septiembre de 1943), de nombre artístico Gloria Gaynor, es una cantante de música disco y soul estadounidense. Tres de sus éxitos más conocidos son I Will Survive (1979), Never Can Say Goodbye (1974) y I Am What I Am (1983). Considerada una de las divas de la música disco de los 70 y 80.

Empieza su carrera con la banda Soul Satisfiers durante los 60. Su primer single se edita en 1965 bajo el título ""She'll Be Sorry/Let Me Go Baby"". <a href=""https://www.last.fm/music/Gloria+Gaynor"">Read more on Last.fm</a>";The Weather Girls, Amii Stewart, Village People, The Trammps, Thelma Houston
303;Gloria Gaynor;I Will Survive (Eric Kupper Mix Extended);I Will Survive (The Eric Kupper Remixes);single;2020;Pop;132;1597421;11672851;"Gloria Fowles (n. Newark, Nueva Jersey, 7 de septiembre de 1943), de nombre artístico Gloria Gaynor, es una cantante de música disco y soul estadounidense. Tres de sus éxitos más conocidos son I Will Survive (1979), Never Can Say Goodbye (1974) y I Am What I Am (1983). Considerada una de las divas de la música disco de los 70 y 80.

Empieza su carrera con la banda Soul Satisfiers durante los 60. Su primer single se edita en 1965 bajo el título ""She'll Be Sorry/Let Me Go Baby"". <a href=""https://www.last.fm/music/Gloria+Gaynor"">Read more on Last.fm</a>";The Weather Girls, Amii Stewart, Village People, The Trammps, Thelma Houston
303;Gloria Gaynor;Man Of Peace;Testimony;colaboracion;2019;;-1;1597421;11672851;"Gloria Fowles (n. Newark, Nueva Jersey, 7 de septiembre de 1943), de nombre artístico Gloria Gaynor, es una cantante de música disco y soul estadounidense. Tres de sus éxitos más conocidos son I Will Survive (1979), Never Can Say Goodbye (1974) y I Am What I Am (1983). Considerada una de las divas de la música disco de los 70 y 80.

Empieza su carrera con la banda Soul Satisfiers durante los 60. Su primer single se edita en 1965 bajo el título ""She'll Be Sorry/Let Me Go Baby"". <a href=""https://www.last.fm/music/Gloria+Gaynor"">Read more on Last.fm</a>";The Weather Girls, Amii Stewart, Village People, The Trammps, Thelma Houston
303;Gloria Gaynor;Singin' Over Me;Testimony;colaboracion;2019;;-1;1597421;11672851;"Gloria Fowles (n. Newark, Nueva Jersey, 7 de septiembre de 1943), de nombre artístico Gloria Gaynor, es una cantante de música disco y soul estadounidense. Tres de sus éxitos más conocidos son I Will Survive (1979), Never Can Say Goodbye (1974) y I Am What I Am (1983). Considerada una de las divas de la música disco de los 70 y 80.

Empieza su carrera con la banda Soul Satisfiers durante los 60. Su primer single se edita en 1965 bajo el título ""She'll Be Sorry/Let Me Go Baby"". <a href=""https://www.last.fm/music/Gloria+Gaynor"">Read more on Last.fm</a>";The Weather Girls, Amii Stewart, Village People, The Trammps, Thelma Houston
2159;Pat Benatar;Love Is A Battlefield;The Very Best Of Pat Benatar;album;2019;Rock;152;1461269;16059887;"Patricia Mae Andrzejewski (Brooklyn, Nueva York, Estados Unidos; 10 de enero de 1953), conocida como Pat Benatar, es una cantante de Rock de Estados Unidos, quien tuvo numerosos éxitos durante la década de 1980s, tales como ""Heartbreaker"", ""I Need A Lover"", y ""You Better Run"", el segundo vídeo que fue transmitido en MTV tras el de The Buggles' Video Killed the Radio Star.

Patricia Mae Andrzejewski nacida de una familia Polaca-Irlandesa en Brooklyn, pero creció en Lindehurst, Nueva York, inicialmente estudió ópera como su madre. <a href=""https://www.last.fm/music/Pat+Benatar"">Read more on Last.fm</a>";Heart, Eddie Money, Loverboy, The J. Geils Band, Foreigner
2159;Pat Benatar;Hit Me With Your Best Shot;Crimes Of Passion;album;2000;Rock;152;1461269;16059887;"Patricia Mae Andrzejewski (Brooklyn, Nueva York, Estados Unidos; 10 de enero de 1953), conocida como Pat Benatar, es una cantante de Rock de Estados Unidos, quien tuvo numerosos éxitos durante la década de 1980s, tales como ""Heartbreaker"", ""I Need A Lover"", y ""You Better Run"", el segundo vídeo que fue transmitido en MTV tras el de The Buggles' Video Killed the Radio Star.

Patricia Mae Andrzejewski nacida de una familia Polaca-Irlandesa en Brooklyn, pero creció en Lindehurst, Nueva York, inicialmente estudió ópera como su madre. <a href=""https://www.last.fm/music/Pat+Benatar"">Read more on Last.fm</a>";Heart, Eddie Money, Loverboy, The J. Geils Band, Foreigner
2159;Pat Benatar;Heartbreaker;Ultimate Collection;album;2008;Rock;152;1461269;16059887;"Patricia Mae Andrzejewski (Brooklyn, Nueva York, Estados Unidos; 10 de enero de 1953), conocida como Pat Benatar, es una cantante de Rock de Estados Unidos, quien tuvo numerosos éxitos durante la década de 1980s, tales como ""Heartbreaker"", ""I Need A Lover"", y ""You Better Run"", el segundo vídeo que fue transmitido en MTV tras el de The Buggles' Video Killed the Radio Star.

Patricia Mae Andrzejewski nacida de una familia Polaca-Irlandesa en Brooklyn, pero creció en Lindehurst, Nueva York, inicialmente estudió ópera como su madre. <a href=""https://www.last.fm/music/Pat+Benatar"">Read more on Last.fm</a>";Heart, Eddie Money, Loverboy, The J. Geils Band, Foreigner
2159;Pat Benatar;We Belong;Premium Gold Collection;album;1998;Rock;152;1461269;16059887;"Patricia Mae Andrzejewski (Brooklyn, Nueva York, Estados Unidos; 10 de enero de 1953), conocida como Pat Benatar, es una cantante de Rock de Estados Unidos, quien tuvo numerosos éxitos durante la década de 1980s, tales como ""Heartbreaker"", ""I Need A Lover"", y ""You Better Run"", el segundo vídeo que fue transmitido en MTV tras el de The Buggles' Video Killed the Radio Star.

Patricia Mae Andrzejewski nacida de una familia Polaca-Irlandesa en Brooklyn, pero creció en Lindehurst, Nueva York, inicialmente estudió ópera como su madre. <a href=""https://www.last.fm/music/Pat+Benatar"">Read more on Last.fm</a>";Heart, Eddie Money, Loverboy, The J. Geils Band, Foreigner
2159;Pat Benatar;Love Is A Battlefield;Best Shots;album;2003;Rock;152;1461269;16059887;"Patricia Mae Andrzejewski (Brooklyn, Nueva York, Estados Unidos; 10 de enero de 1953), conocida como Pat Benatar, es una cantante de Rock de Estados Unidos, quien tuvo numerosos éxitos durante la década de 1980s, tales como ""Heartbreaker"", ""I Need A Lover"", y ""You Better Run"", el segundo vídeo que fue transmitido en MTV tras el de The Buggles' Video Killed the Radio Star.

Patricia Mae Andrzejewski nacida de una familia Polaca-Irlandesa en Brooklyn, pero creció en Lindehurst, Nueva York, inicialmente estudió ópera como su madre. <a href=""https://www.last.fm/music/Pat+Benatar"">Read more on Last.fm</a>";Heart, Eddie Money, Loverboy, The J. Geils Band, Foreigner
2159;Pat Benatar;Wuthering Heights;Crimes Of Passion;album;2000;Rock;152;1461269;16059887;"Patricia Mae Andrzejewski (Brooklyn, Nueva York, Estados Unidos; 10 de enero de 1953), conocida como Pat Benatar, es una cantante de Rock de Estados Unidos, quien tuvo numerosos éxitos durante la década de 1980s, tales como ""Heartbreaker"", ""I Need A Lover"", y ""You Better Run"", el segundo vídeo que fue transmitido en MTV tras el de The Buggles' Video Killed the Radio Star.

Patricia Mae Andrzejewski nacida de una familia Polaca-Irlandesa en Brooklyn, pero creció en Lindehurst, Nueva York, inicialmente estudió ópera como su madre. <a href=""https://www.last.fm/music/Pat+Benatar"">Read more on Last.fm</a>";Heart, Eddie Money, Loverboy, The J. Geils Band, Foreigner
2159;Pat Benatar;In The Heat Of The Night;In The Heat Of The Night;album;1984;Rock;152;1461269;16059887;"Patricia Mae Andrzejewski (Brooklyn, Nueva York, Estados Unidos; 10 de enero de 1953), conocida como Pat Benatar, es una cantante de Rock de Estados Unidos, quien tuvo numerosos éxitos durante la década de 1980s, tales como ""Heartbreaker"", ""I Need A Lover"", y ""You Better Run"", el segundo vídeo que fue transmitido en MTV tras el de The Buggles' Video Killed the Radio Star.

Patricia Mae Andrzejewski nacida de una familia Polaca-Irlandesa en Brooklyn, pero creció en Lindehurst, Nueva York, inicialmente estudió ópera como su madre. <a href=""https://www.last.fm/music/Pat+Benatar"">Read more on Last.fm</a>";Heart, Eddie Money, Loverboy, The J. Geils Band, Foreigner
2159;Pat Benatar;You Better Run;Crimes Of Passion;album;2000;Rock;152;1461269;16059887;"Patricia Mae Andrzejewski (Brooklyn, Nueva York, Estados Unidos; 10 de enero de 1953), conocida como Pat Benatar, es una cantante de Rock de Estados Unidos, quien tuvo numerosos éxitos durante la década de 1980s, tales como ""Heartbreaker"", ""I Need A Lover"", y ""You Better Run"", el segundo vídeo que fue transmitido en MTV tras el de The Buggles' Video Killed the Radio Star.

Patricia Mae Andrzejewski nacida de una familia Polaca-Irlandesa en Brooklyn, pero creció en Lindehurst, Nueva York, inicialmente estudió ópera como su madre. <a href=""https://www.last.fm/music/Pat+Benatar"">Read more on Last.fm</a>";Heart, Eddie Money, Loverboy, The J. Geils Band, Foreigner
2159;Pat Benatar;I Need A Lover;In The Heat Of The Night;album;1984;Rock;152;1461269;16059887;"Patricia Mae Andrzejewski (Brooklyn, Nueva York, Estados Unidos; 10 de enero de 1953), conocida como Pat Benatar, es una cantante de Rock de Estados Unidos, quien tuvo numerosos éxitos durante la década de 1980s, tales como ""Heartbreaker"", ""I Need A Lover"", y ""You Better Run"", el segundo vídeo que fue transmitido en MTV tras el de The Buggles' Video Killed the Radio Star.

Patricia Mae Andrzejewski nacida de una familia Polaca-Irlandesa en Brooklyn, pero creció en Lindehurst, Nueva York, inicialmente estudió ópera como su madre. <a href=""https://www.last.fm/music/Pat+Benatar"">Read more on Last.fm</a>";Heart, Eddie Money, Loverboy, The J. Geils Band, Foreigner
2159;Pat Benatar;Rated 'X';In The Heat Of The Night;album;1984;Rock;152;1461269;16059887;"Patricia Mae Andrzejewski (Brooklyn, Nueva York, Estados Unidos; 10 de enero de 1953), conocida como Pat Benatar, es una cantante de Rock de Estados Unidos, quien tuvo numerosos éxitos durante la década de 1980s, tales como ""Heartbreaker"", ""I Need A Lover"", y ""You Better Run"", el segundo vídeo que fue transmitido en MTV tras el de The Buggles' Video Killed the Radio Star.

Patricia Mae Andrzejewski nacida de una familia Polaca-Irlandesa en Brooklyn, pero creció en Lindehurst, Nueva York, inicialmente estudió ópera como su madre. <a href=""https://www.last.fm/music/Pat+Benatar"">Read more on Last.fm</a>";Heart, Eddie Money, Loverboy, The J. Geils Band, Foreigner
2159;Pat Benatar;Don't Let It Show;In The Heat Of The Night;album;1984;Rock;152;1461269;16059887;"Patricia Mae Andrzejewski (Brooklyn, Nueva York, Estados Unidos; 10 de enero de 1953), conocida como Pat Benatar, es una cantante de Rock de Estados Unidos, quien tuvo numerosos éxitos durante la década de 1980s, tales como ""Heartbreaker"", ""I Need A Lover"", y ""You Better Run"", el segundo vídeo que fue transmitido en MTV tras el de The Buggles' Video Killed the Radio Star.

Patricia Mae Andrzejewski nacida de una familia Polaca-Irlandesa en Brooklyn, pero creció en Lindehurst, Nueva York, inicialmente estudió ópera como su madre. <a href=""https://www.last.fm/music/Pat+Benatar"">Read more on Last.fm</a>";Heart, Eddie Money, Loverboy, The J. Geils Band, Foreigner
2159;Pat Benatar;Fire And Ice;The Very Best Of Pat Benatar;album;2019;Rock;152;1461269;16059887;"Patricia Mae Andrzejewski (Brooklyn, Nueva York, Estados Unidos; 10 de enero de 1953), conocida como Pat Benatar, es una cantante de Rock de Estados Unidos, quien tuvo numerosos éxitos durante la década de 1980s, tales como ""Heartbreaker"", ""I Need A Lover"", y ""You Better Run"", el segundo vídeo que fue transmitido en MTV tras el de The Buggles' Video Killed the Radio Star.

Patricia Mae Andrzejewski nacida de una familia Polaca-Irlandesa en Brooklyn, pero creció en Lindehurst, Nueva York, inicialmente estudió ópera como su madre. <a href=""https://www.last.fm/music/Pat+Benatar"">Read more on Last.fm</a>";Heart, Eddie Money, Loverboy, The J. Geils Band, Foreigner
2159;Pat Benatar;Promises In The Dark;Ultimate Collection;album;2008;Rock;152;1461269;16059887;"Patricia Mae Andrzejewski (Brooklyn, Nueva York, Estados Unidos; 10 de enero de 1953), conocida como Pat Benatar, es una cantante de Rock de Estados Unidos, quien tuvo numerosos éxitos durante la década de 1980s, tales como ""Heartbreaker"", ""I Need A Lover"", y ""You Better Run"", el segundo vídeo que fue transmitido en MTV tras el de The Buggles' Video Killed the Radio Star.

Patricia Mae Andrzejewski nacida de una familia Polaca-Irlandesa en Brooklyn, pero creció en Lindehurst, Nueva York, inicialmente estudió ópera como su madre. <a href=""https://www.last.fm/music/Pat+Benatar"">Read more on Last.fm</a>";Heart, Eddie Money, Loverboy, The J. Geils Band, Foreigner
2159;Pat Benatar;Prisoner Of Love;Crimes Of Passion;album;2000;Rock;152;1461269;16059887;"Patricia Mae Andrzejewski (Brooklyn, Nueva York, Estados Unidos; 10 de enero de 1953), conocida como Pat Benatar, es una cantante de Rock de Estados Unidos, quien tuvo numerosos éxitos durante la década de 1980s, tales como ""Heartbreaker"", ""I Need A Lover"", y ""You Better Run"", el segundo vídeo que fue transmitido en MTV tras el de The Buggles' Video Killed the Radio Star.

Patricia Mae Andrzejewski nacida de una familia Polaca-Irlandesa en Brooklyn, pero creció en Lindehurst, Nueva York, inicialmente estudió ópera como su madre. <a href=""https://www.last.fm/music/Pat+Benatar"">Read more on Last.fm</a>";Heart, Eddie Money, Loverboy, The J. Geils Band, Foreigner
2159;Pat Benatar;Treat Me Right (Single Version);Ultimate Collection;album;2008;Rock;152;1461269;16059887;"Patricia Mae Andrzejewski (Brooklyn, Nueva York, Estados Unidos; 10 de enero de 1953), conocida como Pat Benatar, es una cantante de Rock de Estados Unidos, quien tuvo numerosos éxitos durante la década de 1980s, tales como ""Heartbreaker"", ""I Need A Lover"", y ""You Better Run"", el segundo vídeo que fue transmitido en MTV tras el de The Buggles' Video Killed the Radio Star.

Patricia Mae Andrzejewski nacida de una familia Polaca-Irlandesa en Brooklyn, pero creció en Lindehurst, Nueva York, inicialmente estudió ópera como su madre. <a href=""https://www.last.fm/music/Pat+Benatar"">Read more on Last.fm</a>";Heart, Eddie Money, Loverboy, The J. Geils Band, Foreigner
2159;Pat Benatar;All Fired Up;Wide Awake In Dreamland;album;2010;Rock;152;1461269;16059887;"Patricia Mae Andrzejewski (Brooklyn, Nueva York, Estados Unidos; 10 de enero de 1953), conocida como Pat Benatar, es una cantante de Rock de Estados Unidos, quien tuvo numerosos éxitos durante la década de 1980s, tales como ""Heartbreaker"", ""I Need A Lover"", y ""You Better Run"", el segundo vídeo que fue transmitido en MTV tras el de The Buggles' Video Killed the Radio Star.

Patricia Mae Andrzejewski nacida de una familia Polaca-Irlandesa en Brooklyn, pero creció en Lindehurst, Nueva York, inicialmente estudió ópera como su madre. <a href=""https://www.last.fm/music/Pat+Benatar"">Read more on Last.fm</a>";Heart, Eddie Money, Loverboy, The J. Geils Band, Foreigner
2159;Pat Benatar;Invincible (Vocal Edit);Premium Gold Collection;album;1998;Rock;152;1461269;16059887;"Patricia Mae Andrzejewski (Brooklyn, Nueva York, Estados Unidos; 10 de enero de 1953), conocida como Pat Benatar, es una cantante de Rock de Estados Unidos, quien tuvo numerosos éxitos durante la década de 1980s, tales como ""Heartbreaker"", ""I Need A Lover"", y ""You Better Run"", el segundo vídeo que fue transmitido en MTV tras el de The Buggles' Video Killed the Radio Star.

Patricia Mae Andrzejewski nacida de una familia Polaca-Irlandesa en Brooklyn, pero creció en Lindehurst, Nueva York, inicialmente estudió ópera como su madre. <a href=""https://www.last.fm/music/Pat+Benatar"">Read more on Last.fm</a>";Heart, Eddie Money, Loverboy, The J. Geils Band, Foreigner
2159;Pat Benatar;Promises In The Dark;Precious Time;album;1984;Rock;152;1461269;16059887;"Patricia Mae Andrzejewski (Brooklyn, Nueva York, Estados Unidos; 10 de enero de 1953), conocida como Pat Benatar, es una cantante de Rock de Estados Unidos, quien tuvo numerosos éxitos durante la década de 1980s, tales como ""Heartbreaker"", ""I Need A Lover"", y ""You Better Run"", el segundo vídeo que fue transmitido en MTV tras el de The Buggles' Video Killed the Radio Star.

Patricia Mae Andrzejewski nacida de una familia Polaca-Irlandesa en Brooklyn, pero creció en Lindehurst, Nueva York, inicialmente estudió ópera como su madre. <a href=""https://www.last.fm/music/Pat+Benatar"">Read more on Last.fm</a>";Heart, Eddie Money, Loverboy, The J. Geils Band, Foreigner
2159;Pat Benatar;So Sincere;In The Heat Of The Night;album;1984;Rock;152;1461269;16059887;"Patricia Mae Andrzejewski (Brooklyn, Nueva York, Estados Unidos; 10 de enero de 1953), conocida como Pat Benatar, es una cantante de Rock de Estados Unidos, quien tuvo numerosos éxitos durante la década de 1980s, tales como ""Heartbreaker"", ""I Need A Lover"", y ""You Better Run"", el segundo vídeo que fue transmitido en MTV tras el de The Buggles' Video Killed the Radio Star.

Patricia Mae Andrzejewski nacida de una familia Polaca-Irlandesa en Brooklyn, pero creció en Lindehurst, Nueva York, inicialmente estudió ópera como su madre. <a href=""https://www.last.fm/music/Pat+Benatar"">Read more on Last.fm</a>";Heart, Eddie Money, Loverboy, The J. Geils Band, Foreigner
2159;Pat Benatar;All Fired Up (Single Version);Premium Gold Collection;album;1998;Rock;152;1461269;16059887;"Patricia Mae Andrzejewski (Brooklyn, Nueva York, Estados Unidos; 10 de enero de 1953), conocida como Pat Benatar, es una cantante de Rock de Estados Unidos, quien tuvo numerosos éxitos durante la década de 1980s, tales como ""Heartbreaker"", ""I Need A Lover"", y ""You Better Run"", el segundo vídeo que fue transmitido en MTV tras el de The Buggles' Video Killed the Radio Star.

Patricia Mae Andrzejewski nacida de una familia Polaca-Irlandesa en Brooklyn, pero creció en Lindehurst, Nueva York, inicialmente estudió ópera como su madre. <a href=""https://www.last.fm/music/Pat+Benatar"">Read more on Last.fm</a>";Heart, Eddie Money, Loverboy, The J. Geils Band, Foreigner
2159;Pat Benatar;My Clone Sleeps Alone;In The Heat Of The Night;album;1984;Rock;152;1461269;16059887;"Patricia Mae Andrzejewski (Brooklyn, Nueva York, Estados Unidos; 10 de enero de 1953), conocida como Pat Benatar, es una cantante de Rock de Estados Unidos, quien tuvo numerosos éxitos durante la década de 1980s, tales como ""Heartbreaker"", ""I Need A Lover"", y ""You Better Run"", el segundo vídeo que fue transmitido en MTV tras el de The Buggles' Video Killed the Radio Star.

Patricia Mae Andrzejewski nacida de una familia Polaca-Irlandesa en Brooklyn, pero creció en Lindehurst, Nueva York, inicialmente estudió ópera como su madre. <a href=""https://www.last.fm/music/Pat+Benatar"">Read more on Last.fm</a>";Heart, Eddie Money, Loverboy, The J. Geils Band, Foreigner
2159;Pat Benatar;Hell Is For Children;Best Shots;album;2003;Rock;152;1461269;16059887;"Patricia Mae Andrzejewski (Brooklyn, Nueva York, Estados Unidos; 10 de enero de 1953), conocida como Pat Benatar, es una cantante de Rock de Estados Unidos, quien tuvo numerosos éxitos durante la década de 1980s, tales como ""Heartbreaker"", ""I Need A Lover"", y ""You Better Run"", el segundo vídeo que fue transmitido en MTV tras el de The Buggles' Video Killed the Radio Star.

Patricia Mae Andrzejewski nacida de una familia Polaca-Irlandesa en Brooklyn, pero creció en Lindehurst, Nueva York, inicialmente estudió ópera como su madre. <a href=""https://www.last.fm/music/Pat+Benatar"">Read more on Last.fm</a>";Heart, Eddie Money, Loverboy, The J. Geils Band, Foreigner
2159;Pat Benatar;Precious Time;Ultimate Collection;album;2008;Rock;152;1461269;16059887;"Patricia Mae Andrzejewski (Brooklyn, Nueva York, Estados Unidos; 10 de enero de 1953), conocida como Pat Benatar, es una cantante de Rock de Estados Unidos, quien tuvo numerosos éxitos durante la década de 1980s, tales como ""Heartbreaker"", ""I Need A Lover"", y ""You Better Run"", el segundo vídeo que fue transmitido en MTV tras el de The Buggles' Video Killed the Radio Star.

Patricia Mae Andrzejewski nacida de una familia Polaca-Irlandesa en Brooklyn, pero creció en Lindehurst, Nueva York, inicialmente estudió ópera como su madre. <a href=""https://www.last.fm/music/Pat+Benatar"">Read more on Last.fm</a>";Heart, Eddie Money, Loverboy, The J. Geils Band, Foreigner
2159;Pat Benatar;If You Think You Know How To Love Me;In The Heat Of The Night;album;1984;Rock;152;1461269;16059887;"Patricia Mae Andrzejewski (Brooklyn, Nueva York, Estados Unidos; 10 de enero de 1953), conocida como Pat Benatar, es una cantante de Rock de Estados Unidos, quien tuvo numerosos éxitos durante la década de 1980s, tales como ""Heartbreaker"", ""I Need A Lover"", y ""You Better Run"", el segundo vídeo que fue transmitido en MTV tras el de The Buggles' Video Killed the Radio Star.

Patricia Mae Andrzejewski nacida de una familia Polaca-Irlandesa en Brooklyn, pero creció en Lindehurst, Nueva York, inicialmente estudió ópera como su madre. <a href=""https://www.last.fm/music/Pat+Benatar"">Read more on Last.fm</a>";Heart, Eddie Money, Loverboy, The J. Geils Band, Foreigner
2159;Pat Benatar;Just Like Me;Precious Time;album;1984;Rock;152;1461269;16059887;"Patricia Mae Andrzejewski (Brooklyn, Nueva York, Estados Unidos; 10 de enero de 1953), conocida como Pat Benatar, es una cantante de Rock de Estados Unidos, quien tuvo numerosos éxitos durante la década de 1980s, tales como ""Heartbreaker"", ""I Need A Lover"", y ""You Better Run"", el segundo vídeo que fue transmitido en MTV tras el de The Buggles' Video Killed the Radio Star.

Patricia Mae Andrzejewski nacida de una familia Polaca-Irlandesa en Brooklyn, pero creció en Lindehurst, Nueva York, inicialmente estudió ópera como su madre. <a href=""https://www.last.fm/music/Pat+Benatar"">Read more on Last.fm</a>";Heart, Eddie Money, Loverboy, The J. Geils Band, Foreigner
2159;Pat Benatar;I'm Gonna Follow You;Crimes Of Passion;album;2000;Rock;152;1461269;16059887;"Patricia Mae Andrzejewski (Brooklyn, Nueva York, Estados Unidos; 10 de enero de 1953), conocida como Pat Benatar, es una cantante de Rock de Estados Unidos, quien tuvo numerosos éxitos durante la década de 1980s, tales como ""Heartbreaker"", ""I Need A Lover"", y ""You Better Run"", el segundo vídeo que fue transmitido en MTV tras el de The Buggles' Video Killed the Radio Star.

Patricia Mae Andrzejewski nacida de una familia Polaca-Irlandesa en Brooklyn, pero creció en Lindehurst, Nueva York, inicialmente estudió ópera como su madre. <a href=""https://www.last.fm/music/Pat+Benatar"">Read more on Last.fm</a>";Heart, Eddie Money, Loverboy, The J. Geils Band, Foreigner
2159;Pat Benatar;No You Don't;In The Heat Of The Night;album;1984;Rock;152;1461269;16059887;"Patricia Mae Andrzejewski (Brooklyn, Nueva York, Estados Unidos; 10 de enero de 1953), conocida como Pat Benatar, es una cantante de Rock de Estados Unidos, quien tuvo numerosos éxitos durante la década de 1980s, tales como ""Heartbreaker"", ""I Need A Lover"", y ""You Better Run"", el segundo vídeo que fue transmitido en MTV tras el de The Buggles' Video Killed the Radio Star.

Patricia Mae Andrzejewski nacida de una familia Polaca-Irlandesa en Brooklyn, pero creció en Lindehurst, Nueva York, inicialmente estudió ópera como su madre. <a href=""https://www.last.fm/music/Pat+Benatar"">Read more on Last.fm</a>";Heart, Eddie Money, Loverboy, The J. Geils Band, Foreigner
2159;Pat Benatar;We Live For Love (Edit);Ultimate Collection;album;2008;Rock;152;1461269;16059887;"Patricia Mae Andrzejewski (Brooklyn, Nueva York, Estados Unidos; 10 de enero de 1953), conocida como Pat Benatar, es una cantante de Rock de Estados Unidos, quien tuvo numerosos éxitos durante la década de 1980s, tales como ""Heartbreaker"", ""I Need A Lover"", y ""You Better Run"", el segundo vídeo que fue transmitido en MTV tras el de The Buggles' Video Killed the Radio Star.

Patricia Mae Andrzejewski nacida de una familia Polaca-Irlandesa en Brooklyn, pero creció en Lindehurst, Nueva York, inicialmente estudió ópera como su madre. <a href=""https://www.last.fm/music/Pat+Benatar"">Read more on Last.fm</a>";Heart, Eddie Money, Loverboy, The J. Geils Band, Foreigner
2159;Pat Benatar;Shadows Of The Night;The Very Best Of Pat Benatar;album;2019;Rock;152;1461269;16059887;"Patricia Mae Andrzejewski (Brooklyn, Nueva York, Estados Unidos; 10 de enero de 1953), conocida como Pat Benatar, es una cantante de Rock de Estados Unidos, quien tuvo numerosos éxitos durante la década de 1980s, tales como ""Heartbreaker"", ""I Need A Lover"", y ""You Better Run"", el segundo vídeo que fue transmitido en MTV tras el de The Buggles' Video Killed the Radio Star.

Patricia Mae Andrzejewski nacida de una familia Polaca-Irlandesa en Brooklyn, pero creció en Lindehurst, Nueva York, inicialmente estudió ópera como su madre. <a href=""https://www.last.fm/music/Pat+Benatar"">Read more on Last.fm</a>";Heart, Eddie Money, Loverboy, The J. Geils Band, Foreigner
2159;Pat Benatar;We Live For Love;In The Heat Of The Night;album;1984;Rock;152;1461269;16059887;"Patricia Mae Andrzejewski (Brooklyn, Nueva York, Estados Unidos; 10 de enero de 1953), conocida como Pat Benatar, es una cantante de Rock de Estados Unidos, quien tuvo numerosos éxitos durante la década de 1980s, tales como ""Heartbreaker"", ""I Need A Lover"", y ""You Better Run"", el segundo vídeo que fue transmitido en MTV tras el de The Buggles' Video Killed the Radio Star.

Patricia Mae Andrzejewski nacida de una familia Polaca-Irlandesa en Brooklyn, pero creció en Lindehurst, Nueva York, inicialmente estudió ópera como su madre. <a href=""https://www.last.fm/music/Pat+Benatar"">Read more on Last.fm</a>";Heart, Eddie Money, Loverboy, The J. Geils Band, Foreigner
2159;Pat Benatar;Treat Me Right;Crimes Of Passion;album;2000;Rock;152;1461269;16059887;"Patricia Mae Andrzejewski (Brooklyn, Nueva York, Estados Unidos; 10 de enero de 1953), conocida como Pat Benatar, es una cantante de Rock de Estados Unidos, quien tuvo numerosos éxitos durante la década de 1980s, tales como ""Heartbreaker"", ""I Need A Lover"", y ""You Better Run"", el segundo vídeo que fue transmitido en MTV tras el de The Buggles' Video Killed the Radio Star.

Patricia Mae Andrzejewski nacida de una familia Polaca-Irlandesa en Brooklyn, pero creció en Lindehurst, Nueva York, inicialmente estudió ópera como su madre. <a href=""https://www.last.fm/music/Pat+Benatar"">Read more on Last.fm</a>";Heart, Eddie Money, Loverboy, The J. Geils Band, Foreigner
2159;Pat Benatar;It's A Tuff Life;Precious Time;album;1984;Rock;152;1461269;16059887;"Patricia Mae Andrzejewski (Brooklyn, Nueva York, Estados Unidos; 10 de enero de 1953), conocida como Pat Benatar, es una cantante de Rock de Estados Unidos, quien tuvo numerosos éxitos durante la década de 1980s, tales como ""Heartbreaker"", ""I Need A Lover"", y ""You Better Run"", el segundo vídeo que fue transmitido en MTV tras el de The Buggles' Video Killed the Radio Star.

Patricia Mae Andrzejewski nacida de una familia Polaca-Irlandesa en Brooklyn, pero creció en Lindehurst, Nueva York, inicialmente estudió ópera como su madre. <a href=""https://www.last.fm/music/Pat+Benatar"">Read more on Last.fm</a>";Heart, Eddie Money, Loverboy, The J. Geils Band, Foreigner
2159;Pat Benatar;Never Wanna Leave You;Crimes Of Passion;album;2000;Rock;152;1461269;16059887;"Patricia Mae Andrzejewski (Brooklyn, Nueva York, Estados Unidos; 10 de enero de 1953), conocida como Pat Benatar, es una cantante de Rock de Estados Unidos, quien tuvo numerosos éxitos durante la década de 1980s, tales como ""Heartbreaker"", ""I Need A Lover"", y ""You Better Run"", el segundo vídeo que fue transmitido en MTV tras el de The Buggles' Video Killed the Radio Star.

Patricia Mae Andrzejewski nacida de una familia Polaca-Irlandesa en Brooklyn, pero creció en Lindehurst, Nueva York, inicialmente estudió ópera como su madre. <a href=""https://www.last.fm/music/Pat+Benatar"">Read more on Last.fm</a>";Heart, Eddie Money, Loverboy, The J. Geils Band, Foreigner
2159;Pat Benatar;Shadows Of The Night;Best Shots;album;1989;Rock;152;1461269;16059887;"Patricia Mae Andrzejewski (Brooklyn, Nueva York, Estados Unidos; 10 de enero de 1953), conocida como Pat Benatar, es una cantante de Rock de Estados Unidos, quien tuvo numerosos éxitos durante la década de 1980s, tales como ""Heartbreaker"", ""I Need A Lover"", y ""You Better Run"", el segundo vídeo que fue transmitido en MTV tras el de The Buggles' Video Killed the Radio Star.

Patricia Mae Andrzejewski nacida de una familia Polaca-Irlandesa en Brooklyn, pero creció en Lindehurst, Nueva York, inicialmente estudió ópera como su madre. <a href=""https://www.last.fm/music/Pat+Benatar"">Read more on Last.fm</a>";Heart, Eddie Money, Loverboy, The J. Geils Band, Foreigner
2159;Pat Benatar;Little Paradise;Crimes Of Passion;album;2000;Rock;152;1461269;16059887;"Patricia Mae Andrzejewski (Brooklyn, Nueva York, Estados Unidos; 10 de enero de 1953), conocida como Pat Benatar, es una cantante de Rock de Estados Unidos, quien tuvo numerosos éxitos durante la década de 1980s, tales como ""Heartbreaker"", ""I Need A Lover"", y ""You Better Run"", el segundo vídeo que fue transmitido en MTV tras el de The Buggles' Video Killed the Radio Star.

Patricia Mae Andrzejewski nacida de una familia Polaca-Irlandesa en Brooklyn, pero creció en Lindehurst, Nueva York, inicialmente estudió ópera como su madre. <a href=""https://www.last.fm/music/Pat+Benatar"">Read more on Last.fm</a>";Heart, Eddie Money, Loverboy, The J. Geils Band, Foreigner
2159;Pat Benatar;Evil Genius;Precious Time;album;1984;Rock;152;1461269;16059887;"Patricia Mae Andrzejewski (Brooklyn, Nueva York, Estados Unidos; 10 de enero de 1953), conocida como Pat Benatar, es una cantante de Rock de Estados Unidos, quien tuvo numerosos éxitos durante la década de 1980s, tales como ""Heartbreaker"", ""I Need A Lover"", y ""You Better Run"", el segundo vídeo que fue transmitido en MTV tras el de The Buggles' Video Killed the Radio Star.

Patricia Mae Andrzejewski nacida de una familia Polaca-Irlandesa en Brooklyn, pero creció en Lindehurst, Nueva York, inicialmente estudió ópera como su madre. <a href=""https://www.last.fm/music/Pat+Benatar"">Read more on Last.fm</a>";Heart, Eddie Money, Loverboy, The J. Geils Band, Foreigner
2159;Pat Benatar;One Love (Song Of The Lion);Wide Awake In Dreamland;album;2010;Rock;152;1461269;16059887;"Patricia Mae Andrzejewski (Brooklyn, Nueva York, Estados Unidos; 10 de enero de 1953), conocida como Pat Benatar, es una cantante de Rock de Estados Unidos, quien tuvo numerosos éxitos durante la década de 1980s, tales como ""Heartbreaker"", ""I Need A Lover"", y ""You Better Run"", el segundo vídeo que fue transmitido en MTV tras el de The Buggles' Video Killed the Radio Star.

Patricia Mae Andrzejewski nacida de una familia Polaca-Irlandesa en Brooklyn, pero creció en Lindehurst, Nueva York, inicialmente estudió ópera como su madre. <a href=""https://www.last.fm/music/Pat+Benatar"">Read more on Last.fm</a>";Heart, Eddie Money, Loverboy, The J. Geils Band, Foreigner
2159;Pat Benatar;Hard To Believe;Precious Time;album;1984;Rock;152;1461269;16059887;"Patricia Mae Andrzejewski (Brooklyn, Nueva York, Estados Unidos; 10 de enero de 1953), conocida como Pat Benatar, es una cantante de Rock de Estados Unidos, quien tuvo numerosos éxitos durante la década de 1980s, tales como ""Heartbreaker"", ""I Need A Lover"", y ""You Better Run"", el segundo vídeo que fue transmitido en MTV tras el de The Buggles' Video Killed the Radio Star.

Patricia Mae Andrzejewski nacida de una familia Polaca-Irlandesa en Brooklyn, pero creció en Lindehurst, Nueva York, inicialmente estudió ópera como su madre. <a href=""https://www.last.fm/music/Pat+Benatar"">Read more on Last.fm</a>";Heart, Eddie Money, Loverboy, The J. Geils Band, Foreigner
2159;Pat Benatar;Heartbreaker (Live);Live In America;album;2008;Rock;152;1461269;16059887;"Patricia Mae Andrzejewski (Brooklyn, Nueva York, Estados Unidos; 10 de enero de 1953), conocida como Pat Benatar, es una cantante de Rock de Estados Unidos, quien tuvo numerosos éxitos durante la década de 1980s, tales como ""Heartbreaker"", ""I Need A Lover"", y ""You Better Run"", el segundo vídeo que fue transmitido en MTV tras el de The Buggles' Video Killed the Radio Star.

Patricia Mae Andrzejewski nacida de una familia Polaca-Irlandesa en Brooklyn, pero creció en Lindehurst, Nueva York, inicialmente estudió ópera como su madre. <a href=""https://www.last.fm/music/Pat+Benatar"">Read more on Last.fm</a>";Heart, Eddie Money, Loverboy, The J. Geils Band, Foreigner
2159;Pat Benatar;Temporary Heroes;Tropico;album;2010;Rock;152;1461269;16059887;"Patricia Mae Andrzejewski (Brooklyn, Nueva York, Estados Unidos; 10 de enero de 1953), conocida como Pat Benatar, es una cantante de Rock de Estados Unidos, quien tuvo numerosos éxitos durante la década de 1980s, tales como ""Heartbreaker"", ""I Need A Lover"", y ""You Better Run"", el segundo vídeo que fue transmitido en MTV tras el de The Buggles' Video Killed the Radio Star.

Patricia Mae Andrzejewski nacida de una familia Polaca-Irlandesa en Brooklyn, pero creció en Lindehurst, Nueva York, inicialmente estudió ópera como su madre. <a href=""https://www.last.fm/music/Pat+Benatar"">Read more on Last.fm</a>";Heart, Eddie Money, Loverboy, The J. Geils Band, Foreigner
2159;Pat Benatar;Somebody's Baby;The Very Best Of Pat Benatar;album;2019;Rock;152;1461269;16059887;"Patricia Mae Andrzejewski (Brooklyn, Nueva York, Estados Unidos; 10 de enero de 1953), conocida como Pat Benatar, es una cantante de Rock de Estados Unidos, quien tuvo numerosos éxitos durante la década de 1980s, tales como ""Heartbreaker"", ""I Need A Lover"", y ""You Better Run"", el segundo vídeo que fue transmitido en MTV tras el de The Buggles' Video Killed the Radio Star.

Patricia Mae Andrzejewski nacida de una familia Polaca-Irlandesa en Brooklyn, pero creció en Lindehurst, Nueva York, inicialmente estudió ópera como su madre. <a href=""https://www.last.fm/music/Pat+Benatar"">Read more on Last.fm</a>";Heart, Eddie Money, Loverboy, The J. Geils Band, Foreigner
144253;Debbie Harry;I Want That Man;Def, Dumb & Blonde;album;1989;Rock;152;75773;569531;" <a href=""https://www.last.fm/music/+noredirect/Debbie+Harry"">Read more on Last.fm</a>";
144253;Debbie Harry;Brite Side;Def, Dumb & Blonde;album;1989;Rock;152;75773;569531;" <a href=""https://www.last.fm/music/+noredirect/Debbie+Harry"">Read more on Last.fm</a>";
144253;Debbie Harry;French Kissin' in the USA;Rockbird;album;1986;Rock;152;75773;569531;" <a href=""https://www.last.fm/music/+noredirect/Debbie+Harry"">Read more on Last.fm</a>";
144253;Debbie Harry;Well Did You Evah!;Red Hot + Blue: A Tribute to Cole Porter;colaboracion;2020;Pop;132;75773;569531;" <a href=""https://www.last.fm/music/+noredirect/Debbie+Harry"">Read more on Last.fm</a>";
144253;Debbie Harry;Rush, Rush;Once More Into The Bleach;album;2003;Pop;132;75773;569531;" <a href=""https://www.last.fm/music/+noredirect/Debbie+Harry"">Read more on Last.fm</a>";
144253;Debbie Harry;Command & Obey (Plasmic Honey Remix Remastered);"Groove Thing (feat. Debbie Harry) ""Command & Obey"" Original Remixes";album;2014;Electro;106;75773;569531;" <a href=""https://www.last.fm/music/+noredirect/Debbie+Harry"">Read more on Last.fm</a>";
144253;Debbie Harry;Bike Boy;Def, Dumb & Blonde;album;1989;Rock;152;75773;569531;" <a href=""https://www.last.fm/music/+noredirect/Debbie+Harry"">Read more on Last.fm</a>";
144253;Debbie Harry;I Want You;Rockbird;album;1986;Rock;152;75773;569531;" <a href=""https://www.last.fm/music/+noredirect/Debbie+Harry"">Read more on Last.fm</a>";
144253;Debbie Harry;Dreaming (Live FM Broadcast Remastered) (FM Broadcast Wembley Stadium, London UK 13th July 1991 Remastered);Legendary FM Broadcasts - Wembley Stadium, London 13th July 1991;album;2016;Pop;132;75773;569531;" <a href=""https://www.last.fm/music/+noredirect/Debbie+Harry"">Read more on Last.fm</a>";
144253;Debbie Harry;I Want That Man (Live FM Broadcast Remastered) (FM Broadcast Wembley Stadium, London UK 13th July 1991 Remastered);Legendary FM Broadcasts - Wembley Stadium, London 13th July 1991;album;2016;Pop;132;75773;569531;" <a href=""https://www.last.fm/music/+noredirect/Debbie+Harry"">Read more on Last.fm</a>";
144253;Debbie Harry;Heart Of Glass (Live FM Broadcast Remastered) (FM Broadcast Wembley Stadium, London UK 13th July 1991 Remastered);Legendary FM Broadcasts - Wembley Stadium, London 13th July 1991;album;2016;Pop;132;75773;569531;" <a href=""https://www.last.fm/music/+noredirect/Debbie+Harry"">Read more on Last.fm</a>";
144253;Debbie Harry;I'm Always Touched By Your Presence Dear (Live FM Broadcast Remastered) (FM Broadcast Wembley Stadium, London UK 13th July 1991 Remastered);Legendary FM Broadcasts - Wembley Stadium, London 13th July 1991;album;2016;Pop;132;75773;569531;" <a href=""https://www.last.fm/music/+noredirect/Debbie+Harry"">Read more on Last.fm</a>";
144253;Debbie Harry;Hanging On The Telephone (Live FM Broadcast Remastered) (FM Broadcast Wembley Stadium, London UK 13th July 1991 Remastered);Legendary FM Broadcasts - Wembley Stadium, London 13th July 1991;album;2016;Pop;132;75773;569531;" <a href=""https://www.last.fm/music/+noredirect/Debbie+Harry"">Read more on Last.fm</a>";
144253;Debbie Harry;Brite Side (Live FM Broadcast Remastered) (FM Broadcast Wembley Stadium, London UK 13th July 1991 Remastered);Legendary FM Broadcasts - Wembley Stadium, London 13th July 1991;album;2016;Pop;132;75773;569531;" <a href=""https://www.last.fm/music/+noredirect/Debbie+Harry"">Read more on Last.fm</a>";
144253;Debbie Harry;French Kissing In The USA (Live FM Broadcast Remastered) (FM Broadcast Wembley Stadium, London UK 13th July 1991 Remastered);Legendary FM Broadcasts - Wembley Stadium, London 13th July 1991;album;2016;Pop;132;75773;569531;" <a href=""https://www.last.fm/music/+noredirect/Debbie+Harry"">Read more on Last.fm</a>";
144253;Debbie Harry;Call Me (Live FM Broadcast Remastered) (FM Broadcast Wembley Stadium, London UK 13th July 1991 Remastered);Legendary FM Broadcasts - Wembley Stadium, London 13th July 1991;album;2016;Pop;132;75773;569531;" <a href=""https://www.last.fm/music/+noredirect/Debbie+Harry"">Read more on Last.fm</a>";
144253;Debbie Harry;Atomic (Live FM Broadcast Remastered) (FM Broadcast Wembley Stadium, London UK 13th July 1991 Remastered);Legendary FM Broadcasts - Wembley Stadium, London 13th July 1991;album;2016;Pop;132;75773;569531;" <a href=""https://www.last.fm/music/+noredirect/Debbie+Harry"">Read more on Last.fm</a>";
1648173;Debbie Harry, LCD Soundsystem & Franz Ferdinand;Live Alone (Brennan Green Remix);Franz Ferdinand Covers EP Remixes 2;colaboracion;2012;Alternativo;85;;;;
1219700;Debbie Harry & Franz Ferdinand;Live Alone (dOP Remix);Franz Ferdinand Covers EP Remixes 2;colaboracion;2012;Alternativo;85;;;;
144253;Debbie Harry;Buckle Up;Rockbird;album;1986;Rock;152;75773;569531;" <a href=""https://www.last.fm/music/+noredirect/Debbie+Harry"">Read more on Last.fm</a>";
144253;Debbie Harry;Jump Jump;KooKoo;album;1981;Rock;152;75773;569531;" <a href=""https://www.last.fm/music/+noredirect/Debbie+Harry"">Read more on Last.fm</a>";
144253;Debbie Harry;The Jam Was Moving;KooKoo;album;1981;Rock;152;75773;569531;" <a href=""https://www.last.fm/music/+noredirect/Debbie+Harry"">Read more on Last.fm</a>";
144253;Debbie Harry;Chrome;KooKoo;album;1981;Rock;152;75773;569531;" <a href=""https://www.last.fm/music/+noredirect/Debbie+Harry"">Read more on Last.fm</a>";
144253;Debbie Harry;Surrender;KooKoo;album;1981;Rock;152;75773;569531;" <a href=""https://www.last.fm/music/+noredirect/Debbie+Harry"">Read more on Last.fm</a>";
144253;Debbie Harry;Inner City Spillover;KooKoo;album;1981;Rock;152;75773;569531;" <a href=""https://www.last.fm/music/+noredirect/Debbie+Harry"">Read more on Last.fm</a>";
144253;Debbie Harry;Backfired;KooKoo;album;1981;Rock;152;75773;569531;" <a href=""https://www.last.fm/music/+noredirect/Debbie+Harry"">Read more on Last.fm</a>";
220;Bonnie Tyler;Total Eclipse of the Heart;Heaven & Hell;album;1993;Pop;132;2100933;21852788;"Bonnie Tyler es una cantante galesa, nacida con el nombre de Gaynor Hopkins el 8 de junio de 1951 en Skewen, Neath.

Llegó al mundo en medio de una gran familia trabajadora de seis hijos; su padre trabajaba como minero mientras que su madre, una fan de la ópera, compartió su amor por la música con sus hijos. 

Cuando era adolescente, cantó con un grupo llamado Bobby Wayne And The Dixies, después del cual formó su propia banda, llamada Imagination. <a href=""https://www.last.fm/music/Bonnie+Tyler"">Read more on Last.fm</a>";Jennifer Rush, Laura Branigan, The Bangles, Cyndi Lauper, Belinda Carlisle
220;Bonnie Tyler;Holding Out for a Hero (Single Version);The Very Best of Bonnie Tyler;album;2009;Pop;132;2100933;21852788;"Bonnie Tyler es una cantante galesa, nacida con el nombre de Gaynor Hopkins el 8 de junio de 1951 en Skewen, Neath.

Llegó al mundo en medio de una gran familia trabajadora de seis hijos; su padre trabajaba como minero mientras que su madre, una fan de la ópera, compartió su amor por la música con sus hijos. 

Cuando era adolescente, cantó con un grupo llamado Bobby Wayne And The Dixies, después del cual formó su propia banda, llamada Imagination. <a href=""https://www.last.fm/music/Bonnie+Tyler"">Read more on Last.fm</a>";Jennifer Rush, Laura Branigan, The Bangles, Cyndi Lauper, Belinda Carlisle
220;Bonnie Tyler;"Holding Out for a Hero (From ""Footloose"" Soundtrack)";Secret Dreams and Forbidden Fire;album;1986;Pop;132;2100933;21852788;"Bonnie Tyler es una cantante galesa, nacida con el nombre de Gaynor Hopkins el 8 de junio de 1951 en Skewen, Neath.

Llegó al mundo en medio de una gran familia trabajadora de seis hijos; su padre trabajaba como minero mientras que su madre, una fan de la ópera, compartió su amor por la música con sus hijos. 

Cuando era adolescente, cantó con un grupo llamado Bobby Wayne And The Dixies, después del cual formó su propia banda, llamada Imagination. <a href=""https://www.last.fm/music/Bonnie+Tyler"">Read more on Last.fm</a>";Jennifer Rush, Laura Branigan, The Bangles, Cyndi Lauper, Belinda Carlisle
220;Bonnie Tyler;It's a Heartache;It's a Heartache;album;2026;Pop;132;2100933;21852788;"Bonnie Tyler es una cantante galesa, nacida con el nombre de Gaynor Hopkins el 8 de junio de 1951 en Skewen, Neath.

Llegó al mundo en medio de una gran familia trabajadora de seis hijos; su padre trabajaba como minero mientras que su madre, una fan de la ópera, compartió su amor por la música con sus hijos. 

Cuando era adolescente, cantó con un grupo llamado Bobby Wayne And The Dixies, después del cual formó su propia banda, llamada Imagination. <a href=""https://www.last.fm/music/Bonnie+Tyler"">Read more on Last.fm</a>";Jennifer Rush, Laura Branigan, The Bangles, Cyndi Lauper, Belinda Carlisle
220;Bonnie Tyler;Total Eclipse of the Heart;Faster Than the Speed of Night;album;1983;Pop;132;2100933;21852788;"Bonnie Tyler es una cantante galesa, nacida con el nombre de Gaynor Hopkins el 8 de junio de 1951 en Skewen, Neath.

Llegó al mundo en medio de una gran familia trabajadora de seis hijos; su padre trabajaba como minero mientras que su madre, una fan de la ópera, compartió su amor por la música con sus hijos. 

Cuando era adolescente, cantó con un grupo llamado Bobby Wayne And The Dixies, después del cual formó su propia banda, llamada Imagination. <a href=""https://www.last.fm/music/Bonnie+Tyler"">Read more on Last.fm</a>";Jennifer Rush, Laura Branigan, The Bangles, Cyndi Lauper, Belinda Carlisle
220;Bonnie Tyler;If You Were a Woman (And I Was a Man);The Very Best of Bonnie Tyler;album;2009;Pop;132;2100933;21852788;"Bonnie Tyler es una cantante galesa, nacida con el nombre de Gaynor Hopkins el 8 de junio de 1951 en Skewen, Neath.

Llegó al mundo en medio de una gran familia trabajadora de seis hijos; su padre trabajaba como minero mientras que su madre, una fan de la ópera, compartió su amor por la música con sus hijos. 

Cuando era adolescente, cantó con un grupo llamado Bobby Wayne And The Dixies, después del cual formó su propia banda, llamada Imagination. <a href=""https://www.last.fm/music/Bonnie+Tyler"">Read more on Last.fm</a>";Jennifer Rush, Laura Branigan, The Bangles, Cyndi Lauper, Belinda Carlisle
220;Bonnie Tyler;Si demain... (Turn round);Simply Believe;colaboracion;2004;Rock;152;2100933;21852788;"Bonnie Tyler es una cantante galesa, nacida con el nombre de Gaynor Hopkins el 8 de junio de 1951 en Skewen, Neath.

Llegó al mundo en medio de una gran familia trabajadora de seis hijos; su padre trabajaba como minero mientras que su madre, una fan de la ópera, compartió su amor por la música con sus hijos. 

Cuando era adolescente, cantó con un grupo llamado Bobby Wayne And The Dixies, después del cual formó su propia banda, llamada Imagination. <a href=""https://www.last.fm/music/Bonnie+Tyler"">Read more on Last.fm</a>";Jennifer Rush, Laura Branigan, The Bangles, Cyndi Lauper, Belinda Carlisle
220;Bonnie Tyler;Have You Ever Seen the Rain?;The Very Best of Bonnie Tyler;album;2009;Pop;132;2100933;21852788;"Bonnie Tyler es una cantante galesa, nacida con el nombre de Gaynor Hopkins el 8 de junio de 1951 en Skewen, Neath.

Llegó al mundo en medio de una gran familia trabajadora de seis hijos; su padre trabajaba como minero mientras que su madre, una fan de la ópera, compartió su amor por la música con sus hijos. 

Cuando era adolescente, cantó con un grupo llamado Bobby Wayne And The Dixies, después del cual formó su propia banda, llamada Imagination. <a href=""https://www.last.fm/music/Bonnie+Tyler"">Read more on Last.fm</a>";Jennifer Rush, Laura Branigan, The Bangles, Cyndi Lauper, Belinda Carlisle
220;Bonnie Tyler;Here Am I;Natural Force (Expanded Edition);album;2026;Pop;132;2100933;21852788;"Bonnie Tyler es una cantante galesa, nacida con el nombre de Gaynor Hopkins el 8 de junio de 1951 en Skewen, Neath.

Llegó al mundo en medio de una gran familia trabajadora de seis hijos; su padre trabajaba como minero mientras que su madre, una fan de la ópera, compartió su amor por la música con sus hijos. 

Cuando era adolescente, cantó con un grupo llamado Bobby Wayne And The Dixies, después del cual formó su propia banda, llamada Imagination. <a href=""https://www.last.fm/music/Bonnie+Tyler"">Read more on Last.fm</a>";Jennifer Rush, Laura Branigan, The Bangles, Cyndi Lauper, Belinda Carlisle
220;Bonnie Tyler;Total Eclipse of the Heart (Radio Version);The Very Best of Bonnie Tyler;album;2009;Pop;132;2100933;21852788;"Bonnie Tyler es una cantante galesa, nacida con el nombre de Gaynor Hopkins el 8 de junio de 1951 en Skewen, Neath.

Llegó al mundo en medio de una gran familia trabajadora de seis hijos; su padre trabajaba como minero mientras que su madre, una fan de la ópera, compartió su amor por la música con sus hijos. 

Cuando era adolescente, cantó con un grupo llamado Bobby Wayne And The Dixies, después del cual formó su propia banda, llamada Imagination. <a href=""https://www.last.fm/music/Bonnie+Tyler"">Read more on Last.fm</a>";Jennifer Rush, Laura Branigan, The Bangles, Cyndi Lauper, Belinda Carlisle
220;Bonnie Tyler;It's a Heartache;Bonnie;album;2017;Pop;132;2100933;21852788;"Bonnie Tyler es una cantante galesa, nacida con el nombre de Gaynor Hopkins el 8 de junio de 1951 en Skewen, Neath.

Llegó al mundo en medio de una gran familia trabajadora de seis hijos; su padre trabajaba como minero mientras que su madre, una fan de la ópera, compartió su amor por la música con sus hijos. 

Cuando era adolescente, cantó con un grupo llamado Bobby Wayne And The Dixies, después del cual formó su propia banda, llamada Imagination. <a href=""https://www.last.fm/music/Bonnie+Tyler"">Read more on Last.fm</a>";Jennifer Rush, Laura Branigan, The Bangles, Cyndi Lauper, Belinda Carlisle
220;Bonnie Tyler;Total Eclipse Of The Heart (Re-Recorded);Total Eclipse of the Heart;single;2011;Pop;132;2100933;21852788;"Bonnie Tyler es una cantante galesa, nacida con el nombre de Gaynor Hopkins el 8 de junio de 1951 en Skewen, Neath.

Llegó al mundo en medio de una gran familia trabajadora de seis hijos; su padre trabajaba como minero mientras que su madre, una fan de la ópera, compartió su amor por la música con sus hijos. 

Cuando era adolescente, cantó con un grupo llamado Bobby Wayne And The Dixies, después del cual formó su propia banda, llamada Imagination. <a href=""https://www.last.fm/music/Bonnie+Tyler"">Read more on Last.fm</a>";Jennifer Rush, Laura Branigan, The Bangles, Cyndi Lauper, Belinda Carlisle
220;Bonnie Tyler;Fools Lullaby;Angel Heart;album;1992;Pop;132;2100933;21852788;"Bonnie Tyler es una cantante galesa, nacida con el nombre de Gaynor Hopkins el 8 de junio de 1951 en Skewen, Neath.

Llegó al mundo en medio de una gran familia trabajadora de seis hijos; su padre trabajaba como minero mientras que su madre, una fan de la ópera, compartió su amor por la música con sus hijos. 

Cuando era adolescente, cantó con un grupo llamado Bobby Wayne And The Dixies, después del cual formó su propia banda, llamada Imagination. <a href=""https://www.last.fm/music/Bonnie+Tyler"">Read more on Last.fm</a>";Jennifer Rush, Laura Branigan, The Bangles, Cyndi Lauper, Belinda Carlisle
220;Bonnie Tyler;Against the Wind (Radio Mix);Greatest Hits;album;2002;Pop;132;2100933;21852788;"Bonnie Tyler es una cantante galesa, nacida con el nombre de Gaynor Hopkins el 8 de junio de 1951 en Skewen, Neath.

Llegó al mundo en medio de una gran familia trabajadora de seis hijos; su padre trabajaba como minero mientras que su madre, una fan de la ópera, compartió su amor por la música con sus hijos. 

Cuando era adolescente, cantó con un grupo llamado Bobby Wayne And The Dixies, después del cual formó su propia banda, llamada Imagination. <a href=""https://www.last.fm/music/Bonnie+Tyler"">Read more on Last.fm</a>";Jennifer Rush, Laura Branigan, The Bangles, Cyndi Lauper, Belinda Carlisle
220;Bonnie Tyler;Everybody Hurts;Heart Strings;album;2002;Pop;132;2100933;21852788;"Bonnie Tyler es una cantante galesa, nacida con el nombre de Gaynor Hopkins el 8 de junio de 1951 en Skewen, Neath.

Llegó al mundo en medio de una gran familia trabajadora de seis hijos; su padre trabajaba como minero mientras que su madre, una fan de la ópera, compartió su amor por la música con sus hijos. 

Cuando era adolescente, cantó con un grupo llamado Bobby Wayne And The Dixies, después del cual formó su propia banda, llamada Imagination. <a href=""https://www.last.fm/music/Bonnie+Tyler"">Read more on Last.fm</a>";Jennifer Rush, Laura Branigan, The Bangles, Cyndi Lauper, Belinda Carlisle
220;Bonnie Tyler;Lost In France;It's a Heartache;album;2026;Pop;132;2100933;21852788;"Bonnie Tyler es una cantante galesa, nacida con el nombre de Gaynor Hopkins el 8 de junio de 1951 en Skewen, Neath.

Llegó al mundo en medio de una gran familia trabajadora de seis hijos; su padre trabajaba como minero mientras que su madre, una fan de la ópera, compartió su amor por la música con sus hijos. 

Cuando era adolescente, cantó con un grupo llamado Bobby Wayne And The Dixies, después del cual formó su propia banda, llamada Imagination. <a href=""https://www.last.fm/music/Bonnie+Tyler"">Read more on Last.fm</a>";Jennifer Rush, Laura Branigan, The Bangles, Cyndi Lauper, Belinda Carlisle
220;Bonnie Tyler;Holding Out for a Hero (Club Mix);Club Epic - A Collection Of Classic Dance Mixes: Volume 4;album;1996;Dance;113;2100933;21852788;"Bonnie Tyler es una cantante galesa, nacida con el nombre de Gaynor Hopkins el 8 de junio de 1951 en Skewen, Neath.

Llegó al mundo en medio de una gran familia trabajadora de seis hijos; su padre trabajaba como minero mientras que su madre, una fan de la ópera, compartió su amor por la música con sus hijos. 

Cuando era adolescente, cantó con un grupo llamado Bobby Wayne And The Dixies, después del cual formó su propia banda, llamada Imagination. <a href=""https://www.last.fm/music/Bonnie+Tyler"">Read more on Last.fm</a>";Jennifer Rush, Laura Branigan, The Bangles, Cyndi Lauper, Belinda Carlisle
220;Bonnie Tyler;Loving You's a Dirty Job (But Somebody's Gotta Do It) (with Todd Rundgren);Heaven & Hell;colaboracion;1993;Pop;132;2100933;21852788;"Bonnie Tyler es una cantante galesa, nacida con el nombre de Gaynor Hopkins el 8 de junio de 1951 en Skewen, Neath.

Llegó al mundo en medio de una gran familia trabajadora de seis hijos; su padre trabajaba como minero mientras que su madre, una fan de la ópera, compartió su amor por la música con sus hijos. 

Cuando era adolescente, cantó con un grupo llamado Bobby Wayne And The Dixies, después del cual formó su propia banda, llamada Imagination. <a href=""https://www.last.fm/music/Bonnie+Tyler"">Read more on Last.fm</a>";Jennifer Rush, Laura Branigan, The Bangles, Cyndi Lauper, Belinda Carlisle
220;Bonnie Tyler;Faster Than the Speed of Night;Heaven & Hell;album;1993;Pop;132;2100933;21852788;"Bonnie Tyler es una cantante galesa, nacida con el nombre de Gaynor Hopkins el 8 de junio de 1951 en Skewen, Neath.

Llegó al mundo en medio de una gran familia trabajadora de seis hijos; su padre trabajaba como minero mientras que su madre, una fan de la ópera, compartió su amor por la música con sus hijos. 

Cuando era adolescente, cantó con un grupo llamado Bobby Wayne And The Dixies, después del cual formó su propia banda, llamada Imagination. <a href=""https://www.last.fm/music/Bonnie+Tyler"">Read more on Last.fm</a>";Jennifer Rush, Laura Branigan, The Bangles, Cyndi Lauper, Belinda Carlisle
220;Bonnie Tyler;Yes I Can;Yes I Can;single;2025;Pop;132;2100933;21852788;"Bonnie Tyler es una cantante galesa, nacida con el nombre de Gaynor Hopkins el 8 de junio de 1951 en Skewen, Neath.

Llegó al mundo en medio de una gran familia trabajadora de seis hijos; su padre trabajaba como minero mientras que su madre, una fan de la ópera, compartió su amor por la música con sus hijos. 

Cuando era adolescente, cantó con un grupo llamado Bobby Wayne And The Dixies, después del cual formó su propia banda, llamada Imagination. <a href=""https://www.last.fm/music/Bonnie+Tyler"">Read more on Last.fm</a>";Jennifer Rush, Laura Branigan, The Bangles, Cyndi Lauper, Belinda Carlisle
220;Bonnie Tyler;I Put a Spell on You;Playlist: The Best Of The EastWest Years;album;2016;Pop;132;2100933;21852788;"Bonnie Tyler es una cantante galesa, nacida con el nombre de Gaynor Hopkins el 8 de junio de 1951 en Skewen, Neath.

Llegó al mundo en medio de una gran familia trabajadora de seis hijos; su padre trabajaba como minero mientras que su madre, una fan de la ópera, compartió su amor por la música con sus hijos. 

Cuando era adolescente, cantó con un grupo llamado Bobby Wayne And The Dixies, después del cual formó su propia banda, llamada Imagination. <a href=""https://www.last.fm/music/Bonnie+Tyler"">Read more on Last.fm</a>";Jennifer Rush, Laura Branigan, The Bangles, Cyndi Lauper, Belinda Carlisle
220;Bonnie Tyler;God Gave Love to You (Extended Version);Angel Heart;album;1992;Pop;132;2100933;21852788;"Bonnie Tyler es una cantante galesa, nacida con el nombre de Gaynor Hopkins el 8 de junio de 1951 en Skewen, Neath.

Llegó al mundo en medio de una gran familia trabajadora de seis hijos; su padre trabajaba como minero mientras que su madre, una fan de la ópera, compartió su amor por la música con sus hijos. 

Cuando era adolescente, cantó con un grupo llamado Bobby Wayne And The Dixies, después del cual formó su propia banda, llamada Imagination. <a href=""https://www.last.fm/music/Bonnie+Tyler"">Read more on Last.fm</a>";Jennifer Rush, Laura Branigan, The Bangles, Cyndi Lauper, Belinda Carlisle
220;Bonnie Tyler;Believe in Me;Rocks and Honey;album;2020;Pop;132;2100933;21852788;"Bonnie Tyler es una cantante galesa, nacida con el nombre de Gaynor Hopkins el 8 de junio de 1951 en Skewen, Neath.

Llegó al mundo en medio de una gran familia trabajadora de seis hijos; su padre trabajaba como minero mientras que su madre, una fan de la ópera, compartió su amor por la música con sus hijos. 

Cuando era adolescente, cantó con un grupo llamado Bobby Wayne And The Dixies, después del cual formó su propia banda, llamada Imagination. <a href=""https://www.last.fm/music/Bonnie+Tyler"">Read more on Last.fm</a>";Jennifer Rush, Laura Branigan, The Bangles, Cyndi Lauper, Belinda Carlisle
220;Bonnie Tyler;A Whiter Shade of Pale;Goodbye to the Island (Expanded Edition);album;2026;Pop;132;2100933;21852788;"Bonnie Tyler es una cantante galesa, nacida con el nombre de Gaynor Hopkins el 8 de junio de 1951 en Skewen, Neath.

Llegó al mundo en medio de una gran familia trabajadora de seis hijos; su padre trabajaba como minero mientras que su madre, una fan de la ópera, compartió su amor por la música con sus hijos. 

Cuando era adolescente, cantó con un grupo llamado Bobby Wayne And The Dixies, después del cual formó su propia banda, llamada Imagination. <a href=""https://www.last.fm/music/Bonnie+Tyler"">Read more on Last.fm</a>";Jennifer Rush, Laura Branigan, The Bangles, Cyndi Lauper, Belinda Carlisle
220;Bonnie Tyler;One World One Home;One World One Home;single;2026;Pop;132;2100933;21852788;"Bonnie Tyler es una cantante galesa, nacida con el nombre de Gaynor Hopkins el 8 de junio de 1951 en Skewen, Neath.

Llegó al mundo en medio de una gran familia trabajadora de seis hijos; su padre trabajaba como minero mientras que su madre, una fan de la ópera, compartió su amor por la música con sus hijos. 

Cuando era adolescente, cantó con un grupo llamado Bobby Wayne And The Dixies, después del cual formó su propia banda, llamada Imagination. <a href=""https://www.last.fm/music/Bonnie+Tyler"">Read more on Last.fm</a>";Jennifer Rush, Laura Branigan, The Bangles, Cyndi Lauper, Belinda Carlisle
1564;Kim Wilde;Kids In America;Kim Wilde;album;1981;Pop;132;1094492;11015106;"Kim Wilde (Londres, 1960) es una cantante de pop británica que alcanzó la fama a inicios de 1980 con su éxito Kids in America, desde entonces versionada por diversos grupos y que aún sigue sonando en las radios con frecuencia.

Su carrera comenzó con un pop más cercano al punk y al new wave. Buena parte de sus canciones eran composiciones propias, en colaboración con su hermano. En los primeros 80, destaca su canción View from a bridge ('Vista desde un puente'), que mezcla romance e intriga como un cómic de detectives. <a href=""https://www.last.fm/music/Kim+Wilde"">Read more on Last.fm</a>";Bananarama, Samantha Fox, Belinda Carlisle, Five Star, Sandra
1564;Kim Wilde;You Keep Me Hangin On;Another Step;album;2013;Pop;132;1094492;11015106;"Kim Wilde (Londres, 1960) es una cantante de pop británica que alcanzó la fama a inicios de 1980 con su éxito Kids in America, desde entonces versionada por diversos grupos y que aún sigue sonando en las radios con frecuencia.

Su carrera comenzó con un pop más cercano al punk y al new wave. Buena parte de sus canciones eran composiciones propias, en colaboración con su hermano. En los primeros 80, destaca su canción View from a bridge ('Vista desde un puente'), que mezcla romance e intriga como un cómic de detectives. <a href=""https://www.last.fm/music/Kim+Wilde"">Read more on Last.fm</a>";Bananarama, Samantha Fox, Belinda Carlisle, Five Star, Sandra
1564;Kim Wilde;Cambodia;The Hits Collection;album;2006;Pop;132;1094492;11015106;"Kim Wilde (Londres, 1960) es una cantante de pop británica que alcanzó la fama a inicios de 1980 con su éxito Kids in America, desde entonces versionada por diversos grupos y que aún sigue sonando en las radios con frecuencia.

Su carrera comenzó con un pop más cercano al punk y al new wave. Buena parte de sus canciones eran composiciones propias, en colaboración con su hermano. En los primeros 80, destaca su canción View from a bridge ('Vista desde un puente'), que mezcla romance e intriga como un cómic de detectives. <a href=""https://www.last.fm/music/Kim+Wilde"">Read more on Last.fm</a>";Bananarama, Samantha Fox, Belinda Carlisle, Five Star, Sandra
1564;Kim Wilde;You Keep Me Hangin' On;shower concert time;album;2025;Pop;132;1094492;11015106;"Kim Wilde (Londres, 1960) es una cantante de pop británica que alcanzó la fama a inicios de 1980 con su éxito Kids in America, desde entonces versionada por diversos grupos y que aún sigue sonando en las radios con frecuencia.

Su carrera comenzó con un pop más cercano al punk y al new wave. Buena parte de sus canciones eran composiciones propias, en colaboración con su hermano. En los primeros 80, destaca su canción View from a bridge ('Vista desde un puente'), que mezcla romance e intriga como un cómic de detectives. <a href=""https://www.last.fm/music/Kim+Wilde"">Read more on Last.fm</a>";Bananarama, Samantha Fox, Belinda Carlisle, Five Star, Sandra
1564;Kim Wilde;You Came (Single Version);Close (Expanded Edition);album;2013;Pop;132;1094492;11015106;"Kim Wilde (Londres, 1960) es una cantante de pop británica que alcanzó la fama a inicios de 1980 con su éxito Kids in America, desde entonces versionada por diversos grupos y que aún sigue sonando en las radios con frecuencia.

Su carrera comenzó con un pop más cercano al punk y al new wave. Buena parte de sus canciones eran composiciones propias, en colaboración con su hermano. En los primeros 80, destaca su canción View from a bridge ('Vista desde un puente'), que mezcla romance e intriga como un cómic de detectives. <a href=""https://www.last.fm/music/Kim+Wilde"">Read more on Last.fm</a>";Bananarama, Samantha Fox, Belinda Carlisle, Five Star, Sandra
1564;Kim Wilde;Four Letter Word;Close (Expanded Edition);album;2013;Pop;132;1094492;11015106;"Kim Wilde (Londres, 1960) es una cantante de pop británica que alcanzó la fama a inicios de 1980 con su éxito Kids in America, desde entonces versionada por diversos grupos y que aún sigue sonando en las radios con frecuencia.

Su carrera comenzó con un pop más cercano al punk y al new wave. Buena parte de sus canciones eran composiciones propias, en colaboración con su hermano. En los primeros 80, destaca su canción View from a bridge ('Vista desde un puente'), que mezcla romance e intriga como un cómic de detectives. <a href=""https://www.last.fm/music/Kim+Wilde"">Read more on Last.fm</a>";Bananarama, Samantha Fox, Belinda Carlisle, Five Star, Sandra
1564;Kim Wilde;Never Trust A Stranger (Single Version);Close (Expanded Edition);album;2013;Pop;132;1094492;11015106;"Kim Wilde (Londres, 1960) es una cantante de pop británica que alcanzó la fama a inicios de 1980 con su éxito Kids in America, desde entonces versionada por diversos grupos y que aún sigue sonando en las radios con frecuencia.

Su carrera comenzó con un pop más cercano al punk y al new wave. Buena parte de sus canciones eran composiciones propias, en colaboración con su hermano. En los primeros 80, destaca su canción View from a bridge ('Vista desde un puente'), que mezcla romance e intriga como un cómic de detectives. <a href=""https://www.last.fm/music/Kim+Wilde"">Read more on Last.fm</a>";Bananarama, Samantha Fox, Belinda Carlisle, Five Star, Sandra
1564;Kim Wilde;Chequered Love;The Hits Collection;album;2006;Pop;132;1094492;11015106;"Kim Wilde (Londres, 1960) es una cantante de pop británica que alcanzó la fama a inicios de 1980 con su éxito Kids in America, desde entonces versionada por diversos grupos y que aún sigue sonando en las radios con frecuencia.

Su carrera comenzó con un pop más cercano al punk y al new wave. Buena parte de sus canciones eran composiciones propias, en colaboración con su hermano. En los primeros 80, destaca su canción View from a bridge ('Vista desde un puente'), que mezcla romance e intriga como un cómic de detectives. <a href=""https://www.last.fm/music/Kim+Wilde"">Read more on Last.fm</a>";Bananarama, Samantha Fox, Belinda Carlisle, Five Star, Sandra
1564;Kim Wilde;You Came;Close (Expanded Edition);album;2013;Pop;132;1094492;11015106;"Kim Wilde (Londres, 1960) es una cantante de pop británica que alcanzó la fama a inicios de 1980 con su éxito Kids in America, desde entonces versionada por diversos grupos y que aún sigue sonando en las radios con frecuencia.

Su carrera comenzó con un pop más cercano al punk y al new wave. Buena parte de sus canciones eran composiciones propias, en colaboración con su hermano. En los primeros 80, destaca su canción View from a bridge ('Vista desde un puente'), que mezcla romance e intriga como un cómic de detectives. <a href=""https://www.last.fm/music/Kim+Wilde"">Read more on Last.fm</a>";Bananarama, Samantha Fox, Belinda Carlisle, Five Star, Sandra
1564;Kim Wilde;Never Trust A Stranger (Single Version);Close;album;2020;Pop;132;1094492;11015106;"Kim Wilde (Londres, 1960) es una cantante de pop británica que alcanzó la fama a inicios de 1980 con su éxito Kids in America, desde entonces versionada por diversos grupos y que aún sigue sonando en las radios con frecuencia.

Su carrera comenzó con un pop más cercano al punk y al new wave. Buena parte de sus canciones eran composiciones propias, en colaboración con su hermano. En los primeros 80, destaca su canción View from a bridge ('Vista desde un puente'), que mezcla romance e intriga como un cómic de detectives. <a href=""https://www.last.fm/music/Kim+Wilde"">Read more on Last.fm</a>";Bananarama, Samantha Fox, Belinda Carlisle, Five Star, Sandra
1564;Kim Wilde;Love Blonde;Essential;album;2011;Pop;132;1094492;11015106;"Kim Wilde (Londres, 1960) es una cantante de pop británica que alcanzó la fama a inicios de 1980 con su éxito Kids in America, desde entonces versionada por diversos grupos y que aún sigue sonando en las radios con frecuencia.

Su carrera comenzó con un pop más cercano al punk y al new wave. Buena parte de sus canciones eran composiciones propias, en colaboración con su hermano. En los primeros 80, destaca su canción View from a bridge ('Vista desde un puente'), que mezcla romance e intriga como un cómic de detectives. <a href=""https://www.last.fm/music/Kim+Wilde"">Read more on Last.fm</a>";Bananarama, Samantha Fox, Belinda Carlisle, Five Star, Sandra
1564;Kim Wilde;Hey Mister Heartache;Close;album;2020;Pop;132;1094492;11015106;"Kim Wilde (Londres, 1960) es una cantante de pop británica que alcanzó la fama a inicios de 1980 con su éxito Kids in America, desde entonces versionada por diversos grupos y que aún sigue sonando en las radios con frecuencia.

Su carrera comenzó con un pop más cercano al punk y al new wave. Buena parte de sus canciones eran composiciones propias, en colaboración con su hermano. En los primeros 80, destaca su canción View from a bridge ('Vista desde un puente'), que mezcla romance e intriga como un cómic de detectives. <a href=""https://www.last.fm/music/Kim+Wilde"">Read more on Last.fm</a>";Bananarama, Samantha Fox, Belinda Carlisle, Five Star, Sandra
1564;Kim Wilde;Cambodia (Reprise);Select (Deluxe Edition);album;1982;Pop;132;1094492;11015106;"Kim Wilde (Londres, 1960) es una cantante de pop británica que alcanzó la fama a inicios de 1980 con su éxito Kids in America, desde entonces versionada por diversos grupos y que aún sigue sonando en las radios con frecuencia.

Su carrera comenzó con un pop más cercano al punk y al new wave. Buena parte de sus canciones eran composiciones propias, en colaboración con su hermano. En los primeros 80, destaca su canción View from a bridge ('Vista desde un puente'), que mezcla romance e intriga como un cómic de detectives. <a href=""https://www.last.fm/music/Kim+Wilde"">Read more on Last.fm</a>";Bananarama, Samantha Fox, Belinda Carlisle, Five Star, Sandra
1564;Kim Wilde;You'll Never Be So Wrong;Kim Wilde;album;1981;Pop;132;1094492;11015106;"Kim Wilde (Londres, 1960) es una cantante de pop británica que alcanzó la fama a inicios de 1980 con su éxito Kids in America, desde entonces versionada por diversos grupos y que aún sigue sonando en las radios con frecuencia.

Su carrera comenzó con un pop más cercano al punk y al new wave. Buena parte de sus canciones eran composiciones propias, en colaboración con su hermano. En los primeros 80, destaca su canción View from a bridge ('Vista desde un puente'), que mezcla romance e intriga como un cómic de detectives. <a href=""https://www.last.fm/music/Kim+Wilde"">Read more on Last.fm</a>";Bananarama, Samantha Fox, Belinda Carlisle, Five Star, Sandra
1564;Kim Wilde;Can't Get Enough (Of Your Love);Love Moves;album;2013;Pop;132;1094492;11015106;"Kim Wilde (Londres, 1960) es una cantante de pop británica que alcanzó la fama a inicios de 1980 con su éxito Kids in America, desde entonces versionada por diversos grupos y que aún sigue sonando en las radios con frecuencia.

Su carrera comenzó con un pop más cercano al punk y al new wave. Buena parte de sus canciones eran composiciones propias, en colaboración con su hermano. En los primeros 80, destaca su canción View from a bridge ('Vista desde un puente'), que mezcla romance e intriga como un cómic de detectives. <a href=""https://www.last.fm/music/Kim+Wilde"">Read more on Last.fm</a>";Bananarama, Samantha Fox, Belinda Carlisle, Five Star, Sandra
1564;Kim Wilde;"If I Can't Have You (7"" Edit)";If I Can't Have You;single;2019;Pop;132;1094492;11015106;"Kim Wilde (Londres, 1960) es una cantante de pop británica que alcanzó la fama a inicios de 1980 con su éxito Kids in America, desde entonces versionada por diversos grupos y que aún sigue sonando en las radios con frecuencia.

Su carrera comenzó con un pop más cercano al punk y al new wave. Buena parte de sus canciones eran composiciones propias, en colaboración con su hermano. En los primeros 80, destaca su canción View from a bridge ('Vista desde un puente'), que mezcla romance e intriga como un cómic de detectives. <a href=""https://www.last.fm/music/Kim+Wilde"">Read more on Last.fm</a>";Bananarama, Samantha Fox, Belinda Carlisle, Five Star, Sandra
1564;Kim Wilde;"Hey Mister Heartache (12"" Version)";Close (Expanded Edition);album;2013;Pop;132;1094492;11015106;"Kim Wilde (Londres, 1960) es una cantante de pop británica que alcanzó la fama a inicios de 1980 con su éxito Kids in America, desde entonces versionada por diversos grupos y que aún sigue sonando en las radios con frecuencia.

Su carrera comenzó con un pop más cercano al punk y al new wave. Buena parte de sus canciones eran composiciones propias, en colaboración con su hermano. En los primeros 80, destaca su canción View from a bridge ('Vista desde un puente'), que mezcla romance e intriga como un cómic de detectives. <a href=""https://www.last.fm/music/Kim+Wilde"">Read more on Last.fm</a>";Bananarama, Samantha Fox, Belinda Carlisle, Five Star, Sandra
1564;Kim Wilde;"Never Trust A Stranger (12"" Version)";Close (Expanded Edition);album;2013;Pop;132;1094492;11015106;"Kim Wilde (Londres, 1960) es una cantante de pop británica que alcanzó la fama a inicios de 1980 con su éxito Kids in America, desde entonces versionada por diversos grupos y que aún sigue sonando en las radios con frecuencia.

Su carrera comenzó con un pop más cercano al punk y al new wave. Buena parte de sus canciones eran composiciones propias, en colaboración con su hermano. En los primeros 80, destaca su canción View from a bridge ('Vista desde un puente'), que mezcla romance e intriga como un cómic de detectives. <a href=""https://www.last.fm/music/Kim+Wilde"">Read more on Last.fm</a>";Bananarama, Samantha Fox, Belinda Carlisle, Five Star, Sandra
1564;Kim Wilde;How Do You Want My Love;Another Step;album;2013;Pop;132;1094492;11015106;"Kim Wilde (Londres, 1960) es una cantante de pop británica que alcanzó la fama a inicios de 1980 con su éxito Kids in America, desde entonces versionada por diversos grupos y que aún sigue sonando en las radios con frecuencia.

Su carrera comenzó con un pop más cercano al punk y al new wave. Buena parte de sus canciones eran composiciones propias, en colaboración con su hermano. En los primeros 80, destaca su canción View from a bridge ('Vista desde un puente'), que mezcla romance e intriga como un cómic de detectives. <a href=""https://www.last.fm/music/Kim+Wilde"">Read more on Last.fm</a>";Bananarama, Samantha Fox, Belinda Carlisle, Five Star, Sandra
1564;Kim Wilde;You Keep Me Hangin' On (feat. Nena);Never Say Never;colaboracion;2014;Pop;132;1094492;11015106;"Kim Wilde (Londres, 1960) es una cantante de pop británica que alcanzó la fama a inicios de 1980 con su éxito Kids in America, desde entonces versionada por diversos grupos y que aún sigue sonando en las radios con frecuencia.

Su carrera comenzó con un pop más cercano al punk y al new wave. Buena parte de sus canciones eran composiciones propias, en colaboración con su hermano. En los primeros 80, destaca su canción View from a bridge ('Vista desde un puente'), que mezcla romance e intriga como un cómic de detectives. <a href=""https://www.last.fm/music/Kim+Wilde"">Read more on Last.fm</a>";Bananarama, Samantha Fox, Belinda Carlisle, Five Star, Sandra
1564;Kim Wilde;Brothers;Another Step;album;2013;Pop;132;1094492;11015106;"Kim Wilde (Londres, 1960) es una cantante de pop británica que alcanzó la fama a inicios de 1980 con su éxito Kids in America, desde entonces versionada por diversos grupos y que aún sigue sonando en las radios con frecuencia.

Su carrera comenzó con un pop más cercano al punk y al new wave. Buena parte de sus canciones eran composiciones propias, en colaboración con su hermano. En los primeros 80, destaca su canción View from a bridge ('Vista desde un puente'), que mezcla romance e intriga como un cómic de detectives. <a href=""https://www.last.fm/music/Kim+Wilde"">Read more on Last.fm</a>";Bananarama, Samantha Fox, Belinda Carlisle, Five Star, Sandra
1564;Kim Wilde;Love In The Natural Way;Close (Expanded Edition);album;2013;Pop;132;1094492;11015106;"Kim Wilde (Londres, 1960) es una cantante de pop británica que alcanzó la fama a inicios de 1980 con su éxito Kids in America, desde entonces versionada por diversos grupos y que aún sigue sonando en las radios con frecuencia.

Su carrera comenzó con un pop más cercano al punk y al new wave. Buena parte de sus canciones eran composiciones propias, en colaboración con su hermano. En los primeros 80, destaca su canción View from a bridge ('Vista desde un puente'), que mezcla romance e intriga como un cómic de detectives. <a href=""https://www.last.fm/music/Kim+Wilde"">Read more on Last.fm</a>";Bananarama, Samantha Fox, Belinda Carlisle, Five Star, Sandra
1564;Kim Wilde;Cambodia (Live in Paris);Aliens Live;album;2019;Pop;132;1094492;11015106;"Kim Wilde (Londres, 1960) es una cantante de pop británica que alcanzó la fama a inicios de 1980 con su éxito Kids in America, desde entonces versionada por diversos grupos y que aún sigue sonando en las radios con frecuencia.

Su carrera comenzó con un pop más cercano al punk y al new wave. Buena parte de sus canciones eran composiciones propias, en colaboración con su hermano. En los primeros 80, destaca su canción View from a bridge ('Vista desde un puente'), que mezcla romance e intriga como un cómic de detectives. <a href=""https://www.last.fm/music/Kim+Wilde"">Read more on Last.fm</a>";Bananarama, Samantha Fox, Belinda Carlisle, Five Star, Sandra
1564;Kim Wilde;She Hasn't Got Time For You;Another Step;album;2013;Pop;132;1094492;11015106;"Kim Wilde (Londres, 1960) es una cantante de pop británica que alcanzó la fama a inicios de 1980 con su éxito Kids in America, desde entonces versionada por diversos grupos y que aún sigue sonando en las radios con frecuencia.

Su carrera comenzó con un pop más cercano al punk y al new wave. Buena parte de sus canciones eran composiciones propias, en colaboración con su hermano. En los primeros 80, destaca su canción View from a bridge ('Vista desde un puente'), que mezcla romance e intriga como un cómic de detectives. <a href=""https://www.last.fm/music/Kim+Wilde"">Read more on Last.fm</a>";Bananarama, Samantha Fox, Belinda Carlisle, Five Star, Sandra
1564;Kim Wilde;Pop Don't Stop;Here Come the Aliens;album;2018;Pop;132;1094492;11015106;"Kim Wilde (Londres, 1960) es una cantante de pop británica que alcanzó la fama a inicios de 1980 con su éxito Kids in America, desde entonces versionada por diversos grupos y que aún sigue sonando en las radios con frecuencia.

Su carrera comenzó con un pop más cercano al punk y al new wave. Buena parte de sus canciones eran composiciones propias, en colaboración con su hermano. En los primeros 80, destaca su canción View from a bridge ('Vista desde un puente'), que mezcla romance e intriga como un cómic de detectives. <a href=""https://www.last.fm/music/Kim+Wilde"">Read more on Last.fm</a>";Bananarama, Samantha Fox, Belinda Carlisle, Five Star, Sandra
1564;Kim Wilde;Missing;Another Step;album;2013;Pop;132;1094492;11015106;"Kim Wilde (Londres, 1960) es una cantante de pop británica que alcanzó la fama a inicios de 1980 con su éxito Kids in America, desde entonces versionada por diversos grupos y que aún sigue sonando en las radios con frecuencia.

Su carrera comenzó con un pop más cercano al punk y al new wave. Buena parte de sus canciones eran composiciones propias, en colaboración con su hermano. En los primeros 80, destaca su canción View from a bridge ('Vista desde un puente'), que mezcla romance e intriga como un cómic de detectives. <a href=""https://www.last.fm/music/Kim+Wilde"">Read more on Last.fm</a>";Bananarama, Samantha Fox, Belinda Carlisle, Five Star, Sandra
1564;Kim Wilde;Addicted to You;Here Come the Aliens;album;2018;Pop;132;1094492;11015106;"Kim Wilde (Londres, 1960) es una cantante de pop británica que alcanzó la fama a inicios de 1980 con su éxito Kids in America, desde entonces versionada por diversos grupos y que aún sigue sonando en las radios con frecuencia.

Su carrera comenzó con un pop más cercano al punk y al new wave. Buena parte de sus canciones eran composiciones propias, en colaboración con su hermano. En los primeros 80, destaca su canción View from a bridge ('Vista desde un puente'), que mezcla romance e intriga como un cómic de detectives. <a href=""https://www.last.fm/music/Kim+Wilde"">Read more on Last.fm</a>";Bananarama, Samantha Fox, Belinda Carlisle, Five Star, Sandra
1564;Kim Wilde;Kandy Krush;Here Come the Aliens;album;2018;Pop;132;1094492;11015106;"Kim Wilde (Londres, 1960) es una cantante de pop británica que alcanzó la fama a inicios de 1980 con su éxito Kids in America, desde entonces versionada por diversos grupos y que aún sigue sonando en las radios con frecuencia.

Su carrera comenzó con un pop más cercano al punk y al new wave. Buena parte de sus canciones eran composiciones propias, en colaboración con su hermano. En los primeros 80, destaca su canción View from a bridge ('Vista desde un puente'), que mezcla romance e intriga como un cómic de detectives. <a href=""https://www.last.fm/music/Kim+Wilde"">Read more on Last.fm</a>";Bananarama, Samantha Fox, Belinda Carlisle, Five Star, Sandra
1564;Kim Wilde;Love Is Holy;Love Is;album;2019;Pop;132;1094492;11015106;"Kim Wilde (Londres, 1960) es una cantante de pop británica que alcanzó la fama a inicios de 1980 con su éxito Kids in America, desde entonces versionada por diversos grupos y que aún sigue sonando en las radios con frecuencia.

Su carrera comenzó con un pop más cercano al punk y al new wave. Buena parte de sus canciones eran composiciones propias, en colaboración con su hermano. En los primeros 80, destaca su canción View from a bridge ('Vista desde un puente'), que mezcla romance e intriga como un cómic de detectives. <a href=""https://www.last.fm/music/Kim+Wilde"">Read more on Last.fm</a>";Bananarama, Samantha Fox, Belinda Carlisle, Five Star, Sandra
1564;Kim Wilde;Birthday;Here Come the Aliens;album;2018;Pop;132;1094492;11015106;"Kim Wilde (Londres, 1960) es una cantante de pop británica que alcanzó la fama a inicios de 1980 con su éxito Kids in America, desde entonces versionada por diversos grupos y que aún sigue sonando en las radios con frecuencia.

Su carrera comenzó con un pop más cercano al punk y al new wave. Buena parte de sus canciones eran composiciones propias, en colaboración con su hermano. En los primeros 80, destaca su canción View from a bridge ('Vista desde un puente'), que mezcla romance e intriga como un cómic de detectives. <a href=""https://www.last.fm/music/Kim+Wilde"">Read more on Last.fm</a>";Bananarama, Samantha Fox, Belinda Carlisle, Five Star, Sandra
1564;Kim Wilde;Kids in America (feat. Charlotte Hatherley);Never Say Never;colaboracion;2014;Pop;132;1094492;11015106;"Kim Wilde (Londres, 1960) es una cantante de pop británica que alcanzó la fama a inicios de 1980 con su éxito Kids in America, desde entonces versionada por diversos grupos y que aún sigue sonando en las radios con frecuencia.

Su carrera comenzó con un pop más cercano al punk y al new wave. Buena parte de sus canciones eran composiciones propias, en colaboración con su hermano. En los primeros 80, destaca su canción View from a bridge ('Vista desde un puente'), que mezcla romance e intriga como un cómic de detectives. <a href=""https://www.last.fm/music/Kim+Wilde"">Read more on Last.fm</a>";Bananarama, Samantha Fox, Belinda Carlisle, Five Star, Sandra
1564;Kim Wilde;"You Came (Shep Pettibone 12"" Mix)";Close (Expanded Edition);colaboracion;2013;Pop;132;1094492;11015106;"Kim Wilde (Londres, 1960) es una cantante de pop británica que alcanzó la fama a inicios de 1980 con su éxito Kids in America, desde entonces versionada por diversos grupos y que aún sigue sonando en las radios con frecuencia.

Su carrera comenzó con un pop más cercano al punk y al new wave. Buena parte de sus canciones eran composiciones propias, en colaboración con su hermano. En los primeros 80, destaca su canción View from a bridge ('Vista desde un puente'), que mezcla romance e intriga como un cómic de detectives. <a href=""https://www.last.fm/music/Kim+Wilde"">Read more on Last.fm</a>";Bananarama, Samantha Fox, Belinda Carlisle, Five Star, Sandra
1564;Kim Wilde;Never Trust a Stranger (Live in Gateshead);Aliens Live;album;2019;Pop;132;1094492;11015106;"Kim Wilde (Londres, 1960) es una cantante de pop británica que alcanzó la fama a inicios de 1980 con su éxito Kids in America, desde entonces versionada por diversos grupos y que aún sigue sonando en las radios con frecuencia.

Su carrera comenzó con un pop más cercano al punk y al new wave. Buena parte de sus canciones eran composiciones propias, en colaboración con su hermano. En los primeros 80, destaca su canción View from a bridge ('Vista desde un puente'), que mezcla romance e intriga como un cómic de detectives. <a href=""https://www.last.fm/music/Kim+Wilde"">Read more on Last.fm</a>";Bananarama, Samantha Fox, Belinda Carlisle, Five Star, Sandra
1564;Kim Wilde;Cambodia (Matt Pop Extended Version);Select (2020 Expanded & Remastered Edition);colaboracion;1982;Pop;132;1094492;11015106;"Kim Wilde (Londres, 1960) es una cantante de pop británica que alcanzó la fama a inicios de 1980 con su éxito Kids in America, desde entonces versionada por diversos grupos y que aún sigue sonando en las radios con frecuencia.

Su carrera comenzó con un pop más cercano al punk y al new wave. Buena parte de sus canciones eran composiciones propias, en colaboración con su hermano. En los primeros 80, destaca su canción View from a bridge ('Vista desde un puente'), que mezcla romance e intriga como un cómic de detectives. <a href=""https://www.last.fm/music/Kim+Wilde"">Read more on Last.fm</a>";Bananarama, Samantha Fox, Belinda Carlisle, Five Star, Sandra
1564;Kim Wilde;Time;Love Moves;album;2013;Pop;132;1094492;11015106;"Kim Wilde (Londres, 1960) es una cantante de pop británica que alcanzó la fama a inicios de 1980 con su éxito Kids in America, desde entonces versionada por diversos grupos y que aún sigue sonando en las radios con frecuencia.

Su carrera comenzó con un pop más cercano al punk y al new wave. Buena parte de sus canciones eran composiciones propias, en colaboración con su hermano. En los primeros 80, destaca su canción View from a bridge ('Vista desde un puente'), que mezcla romance e intriga como un cómic de detectives. <a href=""https://www.last.fm/music/Kim+Wilde"">Read more on Last.fm</a>";Bananarama, Samantha Fox, Belinda Carlisle, Five Star, Sandra
1564;Kim Wilde;Water On Glass;The Hits Collection;album;2006;Pop;132;1094492;11015106;"Kim Wilde (Londres, 1960) es una cantante de pop británica que alcanzó la fama a inicios de 1980 con su éxito Kids in America, desde entonces versionada por diversos grupos y que aún sigue sonando en las radios con frecuencia.

Su carrera comenzó con un pop más cercano al punk y al new wave. Buena parte de sus canciones eran composiciones propias, en colaboración con su hermano. En los primeros 80, destaca su canción View from a bridge ('Vista desde un puente'), que mezcla romance e intriga como un cómic de detectives. <a href=""https://www.last.fm/music/Kim+Wilde"">Read more on Last.fm</a>";Bananarama, Samantha Fox, Belinda Carlisle, Five Star, Sandra
1564;Kim Wilde;Don't Say Nothing's Changed;Another Step;album;2013;Pop;132;1094492;11015106;"Kim Wilde (Londres, 1960) es una cantante de pop británica que alcanzó la fama a inicios de 1980 con su éxito Kids in America, desde entonces versionada por diversos grupos y que aún sigue sonando en las radios con frecuencia.

Su carrera comenzó con un pop más cercano al punk y al new wave. Buena parte de sus canciones eran composiciones propias, en colaboración con su hermano. En los primeros 80, destaca su canción View from a bridge ('Vista desde un puente'), que mezcla romance e intriga como un cómic de detectives. <a href=""https://www.last.fm/music/Kim+Wilde"">Read more on Last.fm</a>";Bananarama, Samantha Fox, Belinda Carlisle, Five Star, Sandra
1564;Kim Wilde;Stones And Bones;Closer;album;2025;Pop;132;1094492;11015106;"Kim Wilde (Londres, 1960) es una cantante de pop británica que alcanzó la fama a inicios de 1980 con su éxito Kids in America, desde entonces versionada por diversos grupos y que aún sigue sonando en las radios con frecuencia.

Su carrera comenzó con un pop más cercano al punk y al new wave. Buena parte de sus canciones eran composiciones propias, en colaboración con su hermano. En los primeros 80, destaca su canción View from a bridge ('Vista desde un puente'), que mezcla romance e intriga como un cómic de detectives. <a href=""https://www.last.fm/music/Kim+Wilde"">Read more on Last.fm</a>";Bananarama, Samantha Fox, Belinda Carlisle, Five Star, Sandra
1564;Kim Wilde;Sorrow Replaced (feat. Midge Ure);Closer;colaboracion;2025;Pop;132;1094492;11015106;"Kim Wilde (Londres, 1960) es una cantante de pop británica que alcanzó la fama a inicios de 1980 con su éxito Kids in America, desde entonces versionada por diversos grupos y que aún sigue sonando en las radios con frecuencia.

Su carrera comenzó con un pop más cercano al punk y al new wave. Buena parte de sus canciones eran composiciones propias, en colaboración con su hermano. En los primeros 80, destaca su canción View from a bridge ('Vista desde un puente'), que mezcla romance e intriga como un cómic de detectives. <a href=""https://www.last.fm/music/Kim+Wilde"">Read more on Last.fm</a>";Bananarama, Samantha Fox, Belinda Carlisle, Five Star, Sandra
1564;Kim Wilde;"Water On Glass (7"" Version)";Kim Wilde;album;1981;Pop;132;1094492;11015106;"Kim Wilde (Londres, 1960) es una cantante de pop británica que alcanzó la fama a inicios de 1980 con su éxito Kids in America, desde entonces versionada por diversos grupos y que aún sigue sonando en las radios con frecuencia.

Su carrera comenzó con un pop más cercano al punk y al new wave. Buena parte de sus canciones eran composiciones propias, en colaboración con su hermano. En los primeros 80, destaca su canción View from a bridge ('Vista desde un puente'), que mezcla romance e intriga como un cómic de detectives. <a href=""https://www.last.fm/music/Kim+Wilde"">Read more on Last.fm</a>";Bananarama, Samantha Fox, Belinda Carlisle, Five Star, Sandra
1564;Kim Wilde;Solstice;Here Come the Aliens;album;2018;Pop;132;1094492;11015106;"Kim Wilde (Londres, 1960) es una cantante de pop británica que alcanzó la fama a inicios de 1980 con su éxito Kids in America, desde entonces versionada por diversos grupos y que aún sigue sonando en las radios con frecuencia.

Su carrera comenzó con un pop más cercano al punk y al new wave. Buena parte de sus canciones eran composiciones propias, en colaboración con su hermano. En los primeros 80, destaca su canción View from a bridge ('Vista desde un puente'), que mezcla romance e intriga como un cómic de detectives. <a href=""https://www.last.fm/music/Kim+Wilde"">Read more on Last.fm</a>";Bananarama, Samantha Fox, Belinda Carlisle, Five Star, Sandra
1564;Kim Wilde;Lost Without You;Never Say Never;album;2014;Pop;132;1094492;11015106;"Kim Wilde (Londres, 1960) es una cantante de pop británica que alcanzó la fama a inicios de 1980 con su éxito Kids in America, desde entonces versionada por diversos grupos y que aún sigue sonando en las radios con frecuencia.

Su carrera comenzó con un pop más cercano al punk y al new wave. Buena parte de sus canciones eran composiciones propias, en colaboración con su hermano. En los primeros 80, destaca su canción View from a bridge ('Vista desde un puente'), que mezcla romance e intriga como un cómic de detectives. <a href=""https://www.last.fm/music/Kim+Wilde"">Read more on Last.fm</a>";Bananarama, Samantha Fox, Belinda Carlisle, Five Star, Sandra
1564;Kim Wilde;Say You Really Want Me;Another Step;album;2013;Pop;132;1094492;11015106;"Kim Wilde (Londres, 1960) es una cantante de pop británica que alcanzó la fama a inicios de 1980 con su éxito Kids in America, desde entonces versionada por diversos grupos y que aún sigue sonando en las radios con frecuencia.

Su carrera comenzó con un pop más cercano al punk y al new wave. Buena parte de sus canciones eran composiciones propias, en colaboración con su hermano. En los primeros 80, destaca su canción View from a bridge ('Vista desde un puente'), que mezcla romance e intriga como un cómic de detectives. <a href=""https://www.last.fm/music/Kim+Wilde"">Read more on Last.fm</a>";Bananarama, Samantha Fox, Belinda Carlisle, Five Star, Sandra
1564;Kim Wilde;Kids in America (Live in London);Aliens Live;album;2019;Pop;132;1094492;11015106;"Kim Wilde (Londres, 1960) es una cantante de pop británica que alcanzó la fama a inicios de 1980 con su éxito Kids in America, desde entonces versionada por diversos grupos y que aún sigue sonando en las radios con frecuencia.

Su carrera comenzó con un pop más cercano al punk y al new wave. Buena parte de sus canciones eran composiciones propias, en colaboración con su hermano. En los primeros 80, destaca su canción View from a bridge ('Vista desde un puente'), que mezcla romance e intriga como un cómic de detectives. <a href=""https://www.last.fm/music/Kim+Wilde"">Read more on Last.fm</a>";Bananarama, Samantha Fox, Belinda Carlisle, Five Star, Sandra
1564;Kim Wilde;Trail Of Destruction;Closer;album;2025;Pop;132;1094492;11015106;"Kim Wilde (Londres, 1960) es una cantante de pop británica que alcanzó la fama a inicios de 1980 con su éxito Kids in America, desde entonces versionada por diversos grupos y que aún sigue sonando en las radios con frecuencia.

Su carrera comenzó con un pop más cercano al punk y al new wave. Buena parte de sus canciones eran composiciones propias, en colaboración con su hermano. En los primeros 80, destaca su canción View from a bridge ('Vista desde un puente'), que mezcla romance e intriga como un cómic de detectives. <a href=""https://www.last.fm/music/Kim+Wilde"">Read more on Last.fm</a>";Bananarama, Samantha Fox, Belinda Carlisle, Five Star, Sandra
1564;Kim Wilde;Love's A No;Close (Expanded Edition);album;2013;Pop;132;1094492;11015106;"Kim Wilde (Londres, 1960) es una cantante de pop británica que alcanzó la fama a inicios de 1980 con su éxito Kids in America, desde entonces versionada por diversos grupos y que aún sigue sonando en las radios con frecuencia.

Su carrera comenzó con un pop más cercano al punk y al new wave. Buena parte de sus canciones eran composiciones propias, en colaboración con su hermano. En los primeros 80, destaca su canción View from a bridge ('Vista desde un puente'), que mezcla romance e intriga como un cómic de detectives. <a href=""https://www.last.fm/music/Kim+Wilde"">Read more on Last.fm</a>";Bananarama, Samantha Fox, Belinda Carlisle, Five Star, Sandra
1564;Kim Wilde;Hey Mister Heartache (Single Version);Close (Expanded Edition);album;2013;Pop;132;1094492;11015106;"Kim Wilde (Londres, 1960) es una cantante de pop británica que alcanzó la fama a inicios de 1980 con su éxito Kids in America, desde entonces versionada por diversos grupos y que aún sigue sonando en las radios con frecuencia.

Su carrera comenzó con un pop más cercano al punk y al new wave. Buena parte de sus canciones eran composiciones propias, en colaboración con su hermano. En los primeros 80, destaca su canción View from a bridge ('Vista desde un puente'), que mezcla romance e intriga como un cómic de detectives. <a href=""https://www.last.fm/music/Kim+Wilde"">Read more on Last.fm</a>";Bananarama, Samantha Fox, Belinda Carlisle, Five Star, Sandra
1564;Kim Wilde;Hourglass Human (feat. Scarlett Wilde);Closer;colaboracion;2025;Pop;132;1094492;11015106;"Kim Wilde (Londres, 1960) es una cantante de pop británica que alcanzó la fama a inicios de 1980 con su éxito Kids in America, desde entonces versionada por diversos grupos y que aún sigue sonando en las radios con frecuencia.

Su carrera comenzó con un pop más cercano al punk y al new wave. Buena parte de sus canciones eran composiciones propias, en colaboración con su hermano. En los primeros 80, destaca su canción View from a bridge ('Vista desde un puente'), que mezcla romance e intriga como un cómic de detectives. <a href=""https://www.last.fm/music/Kim+Wilde"">Read more on Last.fm</a>";Bananarama, Samantha Fox, Belinda Carlisle, Five Star, Sandra
1564;Kim Wilde;Stereo Shot;Here Come the Aliens;album;2018;Pop;132;1094492;11015106;"Kim Wilde (Londres, 1960) es una cantante de pop británica que alcanzó la fama a inicios de 1980 con su éxito Kids in America, desde entonces versionada por diversos grupos y que aún sigue sonando en las radios con frecuencia.

Su carrera comenzó con un pop más cercano al punk y al new wave. Buena parte de sus canciones eran composiciones propias, en colaboración con su hermano. En los primeros 80, destaca su canción View from a bridge ('Vista desde un puente'), que mezcla romance e intriga como un cómic de detectives. <a href=""https://www.last.fm/music/Kim+Wilde"">Read more on Last.fm</a>";Bananarama, Samantha Fox, Belinda Carlisle, Five Star, Sandra
1564;Kim Wilde;Stereo Shot (Live in London);Aliens Live;album;2019;Pop;132;1094492;11015106;"Kim Wilde (Londres, 1960) es una cantante de pop británica que alcanzó la fama a inicios de 1980 con su éxito Kids in America, desde entonces versionada por diversos grupos y que aún sigue sonando en las radios con frecuencia.

Su carrera comenzó con un pop más cercano al punk y al new wave. Buena parte de sus canciones eran composiciones propias, en colaboración con su hermano. En los primeros 80, destaca su canción View from a bridge ('Vista desde un puente'), que mezcla romance e intriga como un cómic de detectives. <a href=""https://www.last.fm/music/Kim+Wilde"">Read more on Last.fm</a>";Bananarama, Samantha Fox, Belinda Carlisle, Five Star, Sandra
6328;Belinda Carlisle;Heaven Is A Place On Earth;Heaven Is a Place on Earth;single;2026;Pop;132;1236202;13498400;"Dada a conocer en la banda de los 80 The Go-go's, precursora de The Bangles, Belinda dio el campanazo con su gran exito en solitario Heaven's a Place on Earth. Desgraciadamente, y a pesar de su calidad como cantante y de los temas editados (La Luna, Circle in the Sand, Leave a Light on Me, Mad About You,etc..) su productora no supo rentabilizar su carrera, y eso que la critica la comparaba como competidora de la propia Madonna, y con una mala campaña de marketing Belinda quedò relegada a ser conocida por un reducido publico. <a href=""https://www.last.fm/music/Belinda+Carlisle"">Read more on Last.fm</a>";Bananarama, Kim Wilde, Debbie Gibson, The Bangles, Laura Branigan
6328;Belinda Carlisle;Mad About You;Belinda;album;2019;Pop;132;1236202;13498400;"Dada a conocer en la banda de los 80 The Go-go's, precursora de The Bangles, Belinda dio el campanazo con su gran exito en solitario Heaven's a Place on Earth. Desgraciadamente, y a pesar de su calidad como cantante y de los temas editados (La Luna, Circle in the Sand, Leave a Light on Me, Mad About You,etc..) su productora no supo rentabilizar su carrera, y eso que la critica la comparaba como competidora de la propia Madonna, y con una mala campaña de marketing Belinda quedò relegada a ser conocida por un reducido publico. <a href=""https://www.last.fm/music/Belinda+Carlisle"">Read more on Last.fm</a>";Bananarama, Kim Wilde, Debbie Gibson, The Bangles, Laura Branigan
6328;Belinda Carlisle;Little Black Book;Live Your Life Be Free;album;2026;Pop;132;1236202;13498400;"Dada a conocer en la banda de los 80 The Go-go's, precursora de The Bangles, Belinda dio el campanazo con su gran exito en solitario Heaven's a Place on Earth. Desgraciadamente, y a pesar de su calidad como cantante y de los temas editados (La Luna, Circle in the Sand, Leave a Light on Me, Mad About You,etc..) su productora no supo rentabilizar su carrera, y eso que la critica la comparaba como competidora de la propia Madonna, y con una mala campaña de marketing Belinda quedò relegada a ser conocida por un reducido publico. <a href=""https://www.last.fm/music/Belinda+Carlisle"">Read more on Last.fm</a>";Bananarama, Kim Wilde, Debbie Gibson, The Bangles, Laura Branigan
6328;Belinda Carlisle;La Luna (7'' Version);The Very Best of Belinda Carlisle;album;2026;Pop;132;1236202;13498400;"Dada a conocer en la banda de los 80 The Go-go's, precursora de The Bangles, Belinda dio el campanazo con su gran exito en solitario Heaven's a Place on Earth. Desgraciadamente, y a pesar de su calidad como cantante y de los temas editados (La Luna, Circle in the Sand, Leave a Light on Me, Mad About You,etc..) su productora no supo rentabilizar su carrera, y eso que la critica la comparaba como competidora de la propia Madonna, y con una mala campaña de marketing Belinda quedò relegada a ser conocida por un reducido publico. <a href=""https://www.last.fm/music/Belinda+Carlisle"">Read more on Last.fm</a>";Bananarama, Kim Wilde, Debbie Gibson, The Bangles, Laura Branigan
6328;Belinda Carlisle;Circle In The Sand;Heaven on Earth (Deluxe Edition);album;2026;Pop;132;1236202;13498400;"Dada a conocer en la banda de los 80 The Go-go's, precursora de The Bangles, Belinda dio el campanazo con su gran exito en solitario Heaven's a Place on Earth. Desgraciadamente, y a pesar de su calidad como cantante y de los temas editados (La Luna, Circle in the Sand, Leave a Light on Me, Mad About You,etc..) su productora no supo rentabilizar su carrera, y eso que la critica la comparaba como competidora de la propia Madonna, y con una mala campaña de marketing Belinda quedò relegada a ser conocida por un reducido publico. <a href=""https://www.last.fm/music/Belinda+Carlisle"">Read more on Last.fm</a>";Bananarama, Kim Wilde, Debbie Gibson, The Bangles, Laura Branigan
6328;Belinda Carlisle;Always Breaking My Heart (Single Edit);Always Breaking My Heart;album;2026;Pop;132;1236202;13498400;"Dada a conocer en la banda de los 80 The Go-go's, precursora de The Bangles, Belinda dio el campanazo con su gran exito en solitario Heaven's a Place on Earth. Desgraciadamente, y a pesar de su calidad como cantante y de los temas editados (La Luna, Circle in the Sand, Leave a Light on Me, Mad About You,etc..) su productora no supo rentabilizar su carrera, y eso que la critica la comparaba como competidora de la propia Madonna, y con una mala campaña de marketing Belinda quedò relegada a ser conocida por un reducido publico. <a href=""https://www.last.fm/music/Belinda+Carlisle"">Read more on Last.fm</a>";Bananarama, Kim Wilde, Debbie Gibson, The Bangles, Laura Branigan
6328;Belinda Carlisle;Love Walks In;Always Breaking My Heart;album;2026;Pop;132;1236202;13498400;"Dada a conocer en la banda de los 80 The Go-go's, precursora de The Bangles, Belinda dio el campanazo con su gran exito en solitario Heaven's a Place on Earth. Desgraciadamente, y a pesar de su calidad como cantante y de los temas editados (La Luna, Circle in the Sand, Leave a Light on Me, Mad About You,etc..) su productora no supo rentabilizar su carrera, y eso que la critica la comparaba como competidora de la propia Madonna, y con una mala campaña de marketing Belinda quedò relegada a ser conocida por un reducido publico. <a href=""https://www.last.fm/music/Belinda+Carlisle"">Read more on Last.fm</a>";Bananarama, Kim Wilde, Debbie Gibson, The Bangles, Laura Branigan
6328;Belinda Carlisle;The Ballad Of Lucy Jordan;Always Breaking My Heart;album;2026;Pop;132;1236202;13498400;"Dada a conocer en la banda de los 80 The Go-go's, precursora de The Bangles, Belinda dio el campanazo con su gran exito en solitario Heaven's a Place on Earth. Desgraciadamente, y a pesar de su calidad como cantante y de los temas editados (La Luna, Circle in the Sand, Leave a Light on Me, Mad About You,etc..) su productora no supo rentabilizar su carrera, y eso que la critica la comparaba como competidora de la propia Madonna, y con una mala campaña de marketing Belinda quedò relegada a ser conocida por un reducido publico. <a href=""https://www.last.fm/music/Belinda+Carlisle"">Read more on Last.fm</a>";Bananarama, Kim Wilde, Debbie Gibson, The Bangles, Laura Branigan
6328;Belinda Carlisle;Remember September (JPO Club Pipes);Always Breaking My Heart;colaboracion;2026;Pop;132;1236202;13498400;"Dada a conocer en la banda de los 80 The Go-go's, precursora de The Bangles, Belinda dio el campanazo con su gran exito en solitario Heaven's a Place on Earth. Desgraciadamente, y a pesar de su calidad como cantante y de los temas editados (La Luna, Circle in the Sand, Leave a Light on Me, Mad About You,etc..) su productora no supo rentabilizar su carrera, y eso que la critica la comparaba como competidora de la propia Madonna, y con una mala campaña de marketing Belinda quedò relegada a ser conocida por un reducido publico. <a href=""https://www.last.fm/music/Belinda+Carlisle"">Read more on Last.fm</a>";Bananarama, Kim Wilde, Debbie Gibson, The Bangles, Laura Branigan
6328;Belinda Carlisle;Remember September (Beam's Club Mix);Always Breaking My Heart;colaboracion;2026;Pop;132;1236202;13498400;"Dada a conocer en la banda de los 80 The Go-go's, precursora de The Bangles, Belinda dio el campanazo con su gran exito en solitario Heaven's a Place on Earth. Desgraciadamente, y a pesar de su calidad como cantante y de los temas editados (La Luna, Circle in the Sand, Leave a Light on Me, Mad About You,etc..) su productora no supo rentabilizar su carrera, y eso que la critica la comparaba como competidora de la propia Madonna, y con una mala campaña de marketing Belinda quedò relegada a ser conocida por un reducido publico. <a href=""https://www.last.fm/music/Belinda+Carlisle"">Read more on Last.fm</a>";Bananarama, Kim Wilde, Debbie Gibson, The Bangles, Laura Branigan
6328;Belinda Carlisle;Remember September (Beam's Vocal Mix);Always Breaking My Heart;colaboracion;2026;Pop;132;1236202;13498400;"Dada a conocer en la banda de los 80 The Go-go's, precursora de The Bangles, Belinda dio el campanazo con su gran exito en solitario Heaven's a Place on Earth. Desgraciadamente, y a pesar de su calidad como cantante y de los temas editados (La Luna, Circle in the Sand, Leave a Light on Me, Mad About You,etc..) su productora no supo rentabilizar su carrera, y eso que la critica la comparaba como competidora de la propia Madonna, y con una mala campaña de marketing Belinda quedò relegada a ser conocida por un reducido publico. <a href=""https://www.last.fm/music/Belinda+Carlisle"">Read more on Last.fm</a>";Bananarama, Kim Wilde, Debbie Gibson, The Bangles, Laura Branigan
6328;Belinda Carlisle;California;California;album;2026;Pop;132;1236202;13498400;"Dada a conocer en la banda de los 80 The Go-go's, precursora de The Bangles, Belinda dio el campanazo con su gran exito en solitario Heaven's a Place on Earth. Desgraciadamente, y a pesar de su calidad como cantante y de los temas editados (La Luna, Circle in the Sand, Leave a Light on Me, Mad About You,etc..) su productora no supo rentabilizar su carrera, y eso que la critica la comparaba como competidora de la propia Madonna, y con una mala campaña de marketing Belinda quedò relegada a ser conocida por un reducido publico. <a href=""https://www.last.fm/music/Belinda+Carlisle"">Read more on Last.fm</a>";Bananarama, Kim Wilde, Debbie Gibson, The Bangles, Laura Branigan
6328;Belinda Carlisle;Leave A Light On (Live);California;album;2026;Pop;132;1236202;13498400;"Dada a conocer en la banda de los 80 The Go-go's, precursora de The Bangles, Belinda dio el campanazo con su gran exito en solitario Heaven's a Place on Earth. Desgraciadamente, y a pesar de su calidad como cantante y de los temas editados (La Luna, Circle in the Sand, Leave a Light on Me, Mad About You,etc..) su productora no supo rentabilizar su carrera, y eso que la critica la comparaba como competidora de la propia Madonna, y con una mala campaña de marketing Belinda quedò relegada a ser conocida por un reducido publico. <a href=""https://www.last.fm/music/Belinda+Carlisle"">Read more on Last.fm</a>";Bananarama, Kim Wilde, Debbie Gibson, The Bangles, Laura Branigan
6328;Belinda Carlisle;Live Your Life Be Free (Live);California;album;2026;Pop;132;1236202;13498400;"Dada a conocer en la banda de los 80 The Go-go's, precursora de The Bangles, Belinda dio el campanazo con su gran exito en solitario Heaven's a Place on Earth. Desgraciadamente, y a pesar de su calidad como cantante y de los temas editados (La Luna, Circle in the Sand, Leave a Light on Me, Mad About You,etc..) su productora no supo rentabilizar su carrera, y eso que la critica la comparaba como competidora de la propia Madonna, y con una mala campaña de marketing Belinda quedò relegada a ser conocida por un reducido publico. <a href=""https://www.last.fm/music/Belinda+Carlisle"">Read more on Last.fm</a>";Bananarama, Kim Wilde, Debbie Gibson, The Bangles, Laura Branigan
6328;Belinda Carlisle;Heaven Is A Place On Earth (Live);California;album;2026;Pop;132;1236202;13498400;"Dada a conocer en la banda de los 80 The Go-go's, precursora de The Bangles, Belinda dio el campanazo con su gran exito en solitario Heaven's a Place on Earth. Desgraciadamente, y a pesar de su calidad como cantante y de los temas editados (La Luna, Circle in the Sand, Leave a Light on Me, Mad About You,etc..) su productora no supo rentabilizar su carrera, y eso que la critica la comparaba como competidora de la propia Madonna, y con una mala campaña de marketing Belinda quedò relegada a ser conocida por un reducido publico. <a href=""https://www.last.fm/music/Belinda+Carlisle"">Read more on Last.fm</a>";Bananarama, Kim Wilde, Debbie Gibson, The Bangles, Laura Branigan
6328;Belinda Carlisle;Big Scary Animal (Live);California;album;2026;Pop;132;1236202;13498400;"Dada a conocer en la banda de los 80 The Go-go's, precursora de The Bangles, Belinda dio el campanazo con su gran exito en solitario Heaven's a Place on Earth. Desgraciadamente, y a pesar de su calidad como cantante y de los temas editados (La Luna, Circle in the Sand, Leave a Light on Me, Mad About You,etc..) su productora no supo rentabilizar su carrera, y eso que la critica la comparaba como competidora de la propia Madonna, y con una mala campaña de marketing Belinda quedò relegada a ser conocida por un reducido publico. <a href=""https://www.last.fm/music/Belinda+Carlisle"">Read more on Last.fm</a>";Bananarama, Kim Wilde, Debbie Gibson, The Bangles, Laura Branigan
6328;Belinda Carlisle;I Get Weak (Live);California;album;2026;Pop;132;1236202;13498400;"Dada a conocer en la banda de los 80 The Go-go's, precursora de The Bangles, Belinda dio el campanazo con su gran exito en solitario Heaven's a Place on Earth. Desgraciadamente, y a pesar de su calidad como cantante y de los temas editados (La Luna, Circle in the Sand, Leave a Light on Me, Mad About You,etc..) su productora no supo rentabilizar su carrera, y eso que la critica la comparaba como competidora de la propia Madonna, y con una mala campaña de marketing Belinda quedò relegada a ser conocida por un reducido publico. <a href=""https://www.last.fm/music/Belinda+Carlisle"">Read more on Last.fm</a>";Bananarama, Kim Wilde, Debbie Gibson, The Bangles, Laura Branigan
6328;Belinda Carlisle;In Too Deep (Live);California;album;2026;Pop;132;1236202;13498400;"Dada a conocer en la banda de los 80 The Go-go's, precursora de The Bangles, Belinda dio el campanazo con su gran exito en solitario Heaven's a Place on Earth. Desgraciadamente, y a pesar de su calidad como cantante y de los temas editados (La Luna, Circle in the Sand, Leave a Light on Me, Mad About You,etc..) su productora no supo rentabilizar su carrera, y eso que la critica la comparaba como competidora de la propia Madonna, y con una mala campaña de marketing Belinda quedò relegada a ser conocida por un reducido publico. <a href=""https://www.last.fm/music/Belinda+Carlisle"">Read more on Last.fm</a>";Bananarama, Kim Wilde, Debbie Gibson, The Bangles, Laura Branigan
6328;Belinda Carlisle;In Too Deep (Single Edit);In Too Deep;single;2026;Pop;132;1236202;13498400;"Dada a conocer en la banda de los 80 The Go-go's, precursora de The Bangles, Belinda dio el campanazo con su gran exito en solitario Heaven's a Place on Earth. Desgraciadamente, y a pesar de su calidad como cantante y de los temas editados (La Luna, Circle in the Sand, Leave a Light on Me, Mad About You,etc..) su productora no supo rentabilizar su carrera, y eso que la critica la comparaba como competidora de la propia Madonna, y con una mala campaña de marketing Belinda quedò relegada a ser conocida por un reducido publico. <a href=""https://www.last.fm/music/Belinda+Carlisle"">Read more on Last.fm</a>";Bananarama, Kim Wilde, Debbie Gibson, The Bangles, Laura Branigan
6328;Belinda Carlisle;I See No Ships;In Too Deep;single;2026;Pop;132;1236202;13498400;"Dada a conocer en la banda de los 80 The Go-go's, precursora de The Bangles, Belinda dio el campanazo con su gran exito en solitario Heaven's a Place on Earth. Desgraciadamente, y a pesar de su calidad como cantante y de los temas editados (La Luna, Circle in the Sand, Leave a Light on Me, Mad About You,etc..) su productora no supo rentabilizar su carrera, y eso que la critica la comparaba como competidora de la propia Madonna, y con una mala campaña de marketing Belinda quedò relegada a ser conocida por un reducido publico. <a href=""https://www.last.fm/music/Belinda+Carlisle"">Read more on Last.fm</a>";Bananarama, Kim Wilde, Debbie Gibson, The Bangles, Laura Branigan
6328;Belinda Carlisle;Jealous Guy;In Too Deep;single;2026;Pop;132;1236202;13498400;"Dada a conocer en la banda de los 80 The Go-go's, precursora de The Bangles, Belinda dio el campanazo con su gran exito en solitario Heaven's a Place on Earth. Desgraciadamente, y a pesar de su calidad como cantante y de los temas editados (La Luna, Circle in the Sand, Leave a Light on Me, Mad About You,etc..) su productora no supo rentabilizar su carrera, y eso que la critica la comparaba como competidora de la propia Madonna, y con una mala campaña de marketing Belinda quedò relegada a ser conocida por un reducido publico. <a href=""https://www.last.fm/music/Belinda+Carlisle"">Read more on Last.fm</a>";Bananarama, Kim Wilde, Debbie Gibson, The Bangles, Laura Branigan
6328;Belinda Carlisle;Love In The Key Of C;Love In The Key Of C;album;2026;Pop;132;1236202;13498400;"Dada a conocer en la banda de los 80 The Go-go's, precursora de The Bangles, Belinda dio el campanazo con su gran exito en solitario Heaven's a Place on Earth. Desgraciadamente, y a pesar de su calidad como cantante y de los temas editados (La Luna, Circle in the Sand, Leave a Light on Me, Mad About You,etc..) su productora no supo rentabilizar su carrera, y eso que la critica la comparaba como competidora de la propia Madonna, y con una mala campaña de marketing Belinda quedò relegada a ser conocida por un reducido publico. <a href=""https://www.last.fm/music/Belinda+Carlisle"">Read more on Last.fm</a>";Bananarama, Kim Wilde, Debbie Gibson, The Bangles, Laura Branigan
6328;Belinda Carlisle;Kneel At Your Feet;Love In The Key Of C;album;2026;Pop;132;1236202;13498400;"Dada a conocer en la banda de los 80 The Go-go's, precursora de The Bangles, Belinda dio el campanazo con su gran exito en solitario Heaven's a Place on Earth. Desgraciadamente, y a pesar de su calidad como cantante y de los temas editados (La Luna, Circle in the Sand, Leave a Light on Me, Mad About You,etc..) su productora no supo rentabilizar su carrera, y eso que la critica la comparaba como competidora de la propia Madonna, y con una mala campaña de marketing Belinda quedò relegada a ser conocida por un reducido publico. <a href=""https://www.last.fm/music/Belinda+Carlisle"">Read more on Last.fm</a>";Bananarama, Kim Wilde, Debbie Gibson, The Bangles, Laura Branigan
6328;Belinda Carlisle;In Too Deep (Acoustic Version);Love In The Key Of C;album;2026;Pop;132;1236202;13498400;"Dada a conocer en la banda de los 80 The Go-go's, precursora de The Bangles, Belinda dio el campanazo con su gran exito en solitario Heaven's a Place on Earth. Desgraciadamente, y a pesar de su calidad como cantante y de los temas editados (La Luna, Circle in the Sand, Leave a Light on Me, Mad About You,etc..) su productora no supo rentabilizar su carrera, y eso que la critica la comparaba como competidora de la propia Madonna, y con una mala campaña de marketing Belinda quedò relegada a ser conocida por un reducido publico. <a href=""https://www.last.fm/music/Belinda+Carlisle"">Read more on Last.fm</a>";Bananarama, Kim Wilde, Debbie Gibson, The Bangles, Laura Branigan
6328;Belinda Carlisle;Circle In The Sand (Accoustic Version);Love In The Key Of C;album;2026;Pop;132;1236202;13498400;"Dada a conocer en la banda de los 80 The Go-go's, precursora de The Bangles, Belinda dio el campanazo con su gran exito en solitario Heaven's a Place on Earth. Desgraciadamente, y a pesar de su calidad como cantante y de los temas editados (La Luna, Circle in the Sand, Leave a Light on Me, Mad About You,etc..) su productora no supo rentabilizar su carrera, y eso que la critica la comparaba como competidora de la propia Madonna, y con una mala campaña de marketing Belinda quedò relegada a ser conocida por un reducido publico. <a href=""https://www.last.fm/music/Belinda+Carlisle"">Read more on Last.fm</a>";Bananarama, Kim Wilde, Debbie Gibson, The Bangles, Laura Branigan
6328;Belinda Carlisle;Everybody's Talkin';Once Upon a Time in California;album;2025;Pop;132;1236202;13498400;"Dada a conocer en la banda de los 80 The Go-go's, precursora de The Bangles, Belinda dio el campanazo con su gran exito en solitario Heaven's a Place on Earth. Desgraciadamente, y a pesar de su calidad como cantante y de los temas editados (La Luna, Circle in the Sand, Leave a Light on Me, Mad About You,etc..) su productora no supo rentabilizar su carrera, y eso que la critica la comparaba como competidora de la propia Madonna, y con una mala campaña de marketing Belinda quedò relegada a ser conocida por un reducido publico. <a href=""https://www.last.fm/music/Belinda+Carlisle"">Read more on Last.fm</a>";Bananarama, Kim Wilde, Debbie Gibson, The Bangles, Laura Branigan
6328;Belinda Carlisle;Nobody Owns Me;Heaven on Earth (Deluxe Edition);album;2026;Pop;132;1236202;13498400;"Dada a conocer en la banda de los 80 The Go-go's, precursora de The Bangles, Belinda dio el campanazo con su gran exito en solitario Heaven's a Place on Earth. Desgraciadamente, y a pesar de su calidad como cantante y de los temas editados (La Luna, Circle in the Sand, Leave a Light on Me, Mad About You,etc..) su productora no supo rentabilizar su carrera, y eso que la critica la comparaba como competidora de la propia Madonna, y con una mala campaña de marketing Belinda quedò relegada a ser conocida por un reducido publico. <a href=""https://www.last.fm/music/Belinda+Carlisle"">Read more on Last.fm</a>";Bananarama, Kim Wilde, Debbie Gibson, The Bangles, Laura Branigan
6328;Belinda Carlisle;Circle In The Sand (7'' Version);Circle in the Sand;ep;2026;Pop;132;1236202;13498400;"Dada a conocer en la banda de los 80 The Go-go's, precursora de The Bangles, Belinda dio el campanazo con su gran exito en solitario Heaven's a Place on Earth. Desgraciadamente, y a pesar de su calidad como cantante y de los temas editados (La Luna, Circle in the Sand, Leave a Light on Me, Mad About You,etc..) su productora no supo rentabilizar su carrera, y eso que la critica la comparaba como competidora de la propia Madonna, y con una mala campaña de marketing Belinda quedò relegada a ser conocida por un reducido publico. <a href=""https://www.last.fm/music/Belinda+Carlisle"">Read more on Last.fm</a>";Bananarama, Kim Wilde, Debbie Gibson, The Bangles, Laura Branigan
6328;Belinda Carlisle;Leave A Light On;Runaway Horses;album;2026;Pop;132;1236202;13498400;"Dada a conocer en la banda de los 80 The Go-go's, precursora de The Bangles, Belinda dio el campanazo con su gran exito en solitario Heaven's a Place on Earth. Desgraciadamente, y a pesar de su calidad como cantante y de los temas editados (La Luna, Circle in the Sand, Leave a Light on Me, Mad About You,etc..) su productora no supo rentabilizar su carrera, y eso que la critica la comparaba como competidora de la propia Madonna, y con una mala campaña de marketing Belinda quedò relegada a ser conocida por un reducido publico. <a href=""https://www.last.fm/music/Belinda+Carlisle"">Read more on Last.fm</a>";Bananarama, Kim Wilde, Debbie Gibson, The Bangles, Laura Branigan
6328;Belinda Carlisle;Big Big Love;Kismet;ep;2026;Pop;132;1236202;13498400;"Dada a conocer en la banda de los 80 The Go-go's, precursora de The Bangles, Belinda dio el campanazo con su gran exito en solitario Heaven's a Place on Earth. Desgraciadamente, y a pesar de su calidad como cantante y de los temas editados (La Luna, Circle in the Sand, Leave a Light on Me, Mad About You,etc..) su productora no supo rentabilizar su carrera, y eso que la critica la comparaba como competidora de la propia Madonna, y con una mala campaña de marketing Belinda quedò relegada a ser conocida por un reducido publico. <a href=""https://www.last.fm/music/Belinda+Carlisle"">Read more on Last.fm</a>";Bananarama, Kim Wilde, Debbie Gibson, The Bangles, Laura Branigan
6328;Belinda Carlisle;Ne Me Quitte Pas;Voila;album;2007;Pop;132;1236202;13498400;"Dada a conocer en la banda de los 80 The Go-go's, precursora de The Bangles, Belinda dio el campanazo con su gran exito en solitario Heaven's a Place on Earth. Desgraciadamente, y a pesar de su calidad como cantante y de los temas editados (La Luna, Circle in the Sand, Leave a Light on Me, Mad About You,etc..) su productora no supo rentabilizar su carrera, y eso que la critica la comparaba como competidora de la propia Madonna, y con una mala campaña de marketing Belinda quedò relegada a ser conocida por un reducido publico. <a href=""https://www.last.fm/music/Belinda+Carlisle"">Read more on Last.fm</a>";Bananarama, Kim Wilde, Debbie Gibson, The Bangles, Laura Branigan
6328;Belinda Carlisle;Get Together;Once Upon a Time in California;album;2025;Pop;132;1236202;13498400;"Dada a conocer en la banda de los 80 The Go-go's, precursora de The Bangles, Belinda dio el campanazo con su gran exito en solitario Heaven's a Place on Earth. Desgraciadamente, y a pesar de su calidad como cantante y de los temas editados (La Luna, Circle in the Sand, Leave a Light on Me, Mad About You,etc..) su productora no supo rentabilizar su carrera, y eso que la critica la comparaba como competidora de la propia Madonna, y con una mala campaña de marketing Belinda quedò relegada a ser conocida por un reducido publico. <a href=""https://www.last.fm/music/Belinda+Carlisle"">Read more on Last.fm</a>";Bananarama, Kim Wilde, Debbie Gibson, The Bangles, Laura Branigan
6328;Belinda Carlisle;Half The World;Half the World;ep;2026;Pop;132;1236202;13498400;"Dada a conocer en la banda de los 80 The Go-go's, precursora de The Bangles, Belinda dio el campanazo con su gran exito en solitario Heaven's a Place on Earth. Desgraciadamente, y a pesar de su calidad como cantante y de los temas editados (La Luna, Circle in the Sand, Leave a Light on Me, Mad About You,etc..) su productora no supo rentabilizar su carrera, y eso que la critica la comparaba como competidora de la propia Madonna, y con una mala campaña de marketing Belinda quedò relegada a ser conocida por un reducido publico. <a href=""https://www.last.fm/music/Belinda+Carlisle"">Read more on Last.fm</a>";Bananarama, Kim Wilde, Debbie Gibson, The Bangles, Laura Branigan
6328;Belinda Carlisle;Runaway Horses (Single Edit);The Very Best of Belinda Carlisle;album;2026;Pop;132;1236202;13498400;"Dada a conocer en la banda de los 80 The Go-go's, precursora de The Bangles, Belinda dio el campanazo con su gran exito en solitario Heaven's a Place on Earth. Desgraciadamente, y a pesar de su calidad como cantante y de los temas editados (La Luna, Circle in the Sand, Leave a Light on Me, Mad About You,etc..) su productora no supo rentabilizar su carrera, y eso que la critica la comparaba como competidora de la propia Madonna, y con una mala campaña de marketing Belinda quedò relegada a ser conocida por un reducido publico. <a href=""https://www.last.fm/music/Belinda+Carlisle"">Read more on Last.fm</a>";Bananarama, Kim Wilde, Debbie Gibson, The Bangles, Laura Branigan
6328;Belinda Carlisle;Superstar;Once Upon a Time in California;album;2025;Pop;132;1236202;13498400;"Dada a conocer en la banda de los 80 The Go-go's, precursora de The Bangles, Belinda dio el campanazo con su gran exito en solitario Heaven's a Place on Earth. Desgraciadamente, y a pesar de su calidad como cantante y de los temas editados (La Luna, Circle in the Sand, Leave a Light on Me, Mad About You,etc..) su productora no supo rentabilizar su carrera, y eso que la critica la comparaba como competidora de la propia Madonna, y con una mala campaña de marketing Belinda quedò relegada a ser conocida por un reducido publico. <a href=""https://www.last.fm/music/Belinda+Carlisle"">Read more on Last.fm</a>";Bananarama, Kim Wilde, Debbie Gibson, The Bangles, Laura Branigan
6328;Belinda Carlisle;If You Could Read My Mind;Once Upon a Time in California;album;2025;Pop;132;1236202;13498400;"Dada a conocer en la banda de los 80 The Go-go's, precursora de The Bangles, Belinda dio el campanazo con su gran exito en solitario Heaven's a Place on Earth. Desgraciadamente, y a pesar de su calidad como cantante y de los temas editados (La Luna, Circle in the Sand, Leave a Light on Me, Mad About You,etc..) su productora no supo rentabilizar su carrera, y eso que la critica la comparaba como competidora de la propia Madonna, y con una mala campaña de marketing Belinda quedò relegada a ser conocida por un reducido publico. <a href=""https://www.last.fm/music/Belinda+Carlisle"">Read more on Last.fm</a>";Bananarama, Kim Wilde, Debbie Gibson, The Bangles, Laura Branigan
6328;Belinda Carlisle;I Get Weak;Heaven on Earth (Deluxe Edition);album;2026;Pop;132;1236202;13498400;"Dada a conocer en la banda de los 80 The Go-go's, precursora de The Bangles, Belinda dio el campanazo con su gran exito en solitario Heaven's a Place on Earth. Desgraciadamente, y a pesar de su calidad como cantante y de los temas editados (La Luna, Circle in the Sand, Leave a Light on Me, Mad About You,etc..) su productora no supo rentabilizar su carrera, y eso que la critica la comparaba como competidora de la propia Madonna, y con una mala campaña de marketing Belinda quedò relegada a ser conocida por un reducido publico. <a href=""https://www.last.fm/music/Belinda+Carlisle"">Read more on Last.fm</a>";Bananarama, Kim Wilde, Debbie Gibson, The Bangles, Laura Branigan
6328;Belinda Carlisle;The Air That I Breathe;Once Upon a Time in California;album;2025;Pop;132;1236202;13498400;"Dada a conocer en la banda de los 80 The Go-go's, precursora de The Bangles, Belinda dio el campanazo con su gran exito en solitario Heaven's a Place on Earth. Desgraciadamente, y a pesar de su calidad como cantante y de los temas editados (La Luna, Circle in the Sand, Leave a Light on Me, Mad About You,etc..) su productora no supo rentabilizar su carrera, y eso que la critica la comparaba como competidora de la propia Madonna, y con una mala campaña de marketing Belinda quedò relegada a ser conocida por un reducido publico. <a href=""https://www.last.fm/music/Belinda+Carlisle"">Read more on Last.fm</a>";Bananarama, Kim Wilde, Debbie Gibson, The Bangles, Laura Branigan
6328;Belinda Carlisle;Reflections of My Life;Once Upon a Time in California;album;2025;Pop;132;1236202;13498400;"Dada a conocer en la banda de los 80 The Go-go's, precursora de The Bangles, Belinda dio el campanazo con su gran exito en solitario Heaven's a Place on Earth. Desgraciadamente, y a pesar de su calidad como cantante y de los temas editados (La Luna, Circle in the Sand, Leave a Light on Me, Mad About You,etc..) su productora no supo rentabilizar su carrera, y eso que la critica la comparaba como competidora de la propia Madonna, y con una mala campaña de marketing Belinda quedò relegada a ser conocida por un reducido publico. <a href=""https://www.last.fm/music/Belinda+Carlisle"">Read more on Last.fm</a>";Bananarama, Kim Wilde, Debbie Gibson, The Bangles, Laura Branigan
6328;Belinda Carlisle;Have You Ever Seen the Rain;Have You Ever Seen the Rain;single;2015;Pop;132;1236202;13498400;"Dada a conocer en la banda de los 80 The Go-go's, precursora de The Bangles, Belinda dio el campanazo con su gran exito en solitario Heaven's a Place on Earth. Desgraciadamente, y a pesar de su calidad como cantante y de los temas editados (La Luna, Circle in the Sand, Leave a Light on Me, Mad About You,etc..) su productora no supo rentabilizar su carrera, y eso que la critica la comparaba como competidora de la propia Madonna, y con una mala campaña de marketing Belinda quedò relegada a ser conocida por un reducido publico. <a href=""https://www.last.fm/music/Belinda+Carlisle"">Read more on Last.fm</a>";Bananarama, Kim Wilde, Debbie Gibson, The Bangles, Laura Branigan
6328;Belinda Carlisle;(We Want) The Same Thing;The Very Best of Belinda Carlisle;album;2026;Pop;132;1236202;13498400;"Dada a conocer en la banda de los 80 The Go-go's, precursora de The Bangles, Belinda dio el campanazo con su gran exito en solitario Heaven's a Place on Earth. Desgraciadamente, y a pesar de su calidad como cantante y de los temas editados (La Luna, Circle in the Sand, Leave a Light on Me, Mad About You,etc..) su productora no supo rentabilizar su carrera, y eso que la critica la comparaba como competidora de la propia Madonna, y con una mala campaña de marketing Belinda quedò relegada a ser conocida por un reducido publico. <a href=""https://www.last.fm/music/Belinda+Carlisle"">Read more on Last.fm</a>";Bananarama, Kim Wilde, Debbie Gibson, The Bangles, Laura Branigan
6328;Belinda Carlisle;Leave A Light On (Radio Version);Leave a Light On;single;2026;Pop;132;1236202;13498400;"Dada a conocer en la banda de los 80 The Go-go's, precursora de The Bangles, Belinda dio el campanazo con su gran exito en solitario Heaven's a Place on Earth. Desgraciadamente, y a pesar de su calidad como cantante y de los temas editados (La Luna, Circle in the Sand, Leave a Light on Me, Mad About You,etc..) su productora no supo rentabilizar su carrera, y eso que la critica la comparaba como competidora de la propia Madonna, y con una mala campaña de marketing Belinda quedò relegada a ser conocida por un reducido publico. <a href=""https://www.last.fm/music/Belinda+Carlisle"">Read more on Last.fm</a>";Bananarama, Kim Wilde, Debbie Gibson, The Bangles, Laura Branigan
6328;Belinda Carlisle;Circle in the Sand;Circle in the Sand;colaboracion;2026;Pop;132;1236202;13498400;"Dada a conocer en la banda de los 80 The Go-go's, precursora de The Bangles, Belinda dio el campanazo con su gran exito en solitario Heaven's a Place on Earth. Desgraciadamente, y a pesar de su calidad como cantante y de los temas editados (La Luna, Circle in the Sand, Leave a Light on Me, Mad About You,etc..) su productora no supo rentabilizar su carrera, y eso que la critica la comparaba como competidora de la propia Madonna, y con una mala campaña de marketing Belinda quedò relegada a ser conocida por un reducido publico. <a href=""https://www.last.fm/music/Belinda+Carlisle"">Read more on Last.fm</a>";Bananarama, Kim Wilde, Debbie Gibson, The Bangles, Laura Branigan
6328;Belinda Carlisle;Heaven Is a Place on Earth;Heaven on Earth (Deluxe Edition);colaboracion;2026;Pop;132;1236202;13498400;"Dada a conocer en la banda de los 80 The Go-go's, precursora de The Bangles, Belinda dio el campanazo con su gran exito en solitario Heaven's a Place on Earth. Desgraciadamente, y a pesar de su calidad como cantante y de los temas editados (La Luna, Circle in the Sand, Leave a Light on Me, Mad About You,etc..) su productora no supo rentabilizar su carrera, y eso que la critica la comparaba como competidora de la propia Madonna, y con una mala campaña de marketing Belinda quedò relegada a ser conocida por un reducido publico. <a href=""https://www.last.fm/music/Belinda+Carlisle"">Read more on Last.fm</a>";Bananarama, Kim Wilde, Debbie Gibson, The Bangles, Laura Branigan
6328;Belinda Carlisle;Vision Of You;Runaway Horses;album;2026;Pop;132;1236202;13498400;"Dada a conocer en la banda de los 80 The Go-go's, precursora de The Bangles, Belinda dio el campanazo con su gran exito en solitario Heaven's a Place on Earth. Desgraciadamente, y a pesar de su calidad como cantante y de los temas editados (La Luna, Circle in the Sand, Leave a Light on Me, Mad About You,etc..) su productora no supo rentabilizar su carrera, y eso que la critica la comparaba como competidora de la propia Madonna, y con una mala campaña de marketing Belinda quedò relegada a ser conocida por un reducido publico. <a href=""https://www.last.fm/music/Belinda+Carlisle"">Read more on Last.fm</a>";Bananarama, Kim Wilde, Debbie Gibson, The Bangles, Laura Branigan
6328;Belinda Carlisle;Heaven Is a Place on Earth (Acoustic);Wilder Shores;album;2026;;-1;1236202;13498400;"Dada a conocer en la banda de los 80 The Go-go's, precursora de The Bangles, Belinda dio el campanazo con su gran exito en solitario Heaven's a Place on Earth. Desgraciadamente, y a pesar de su calidad como cantante y de los temas editados (La Luna, Circle in the Sand, Leave a Light on Me, Mad About You,etc..) su productora no supo rentabilizar su carrera, y eso que la critica la comparaba como competidora de la propia Madonna, y con una mala campaña de marketing Belinda quedò relegada a ser conocida por un reducido publico. <a href=""https://www.last.fm/music/Belinda+Carlisle"">Read more on Last.fm</a>";Bananarama, Kim Wilde, Debbie Gibson, The Bangles, Laura Branigan
6328;Belinda Carlisle;Time in a Bottle;Once Upon a Time in California;album;2025;Pop;132;1236202;13498400;"Dada a conocer en la banda de los 80 The Go-go's, precursora de The Bangles, Belinda dio el campanazo con su gran exito en solitario Heaven's a Place on Earth. Desgraciadamente, y a pesar de su calidad como cantante y de los temas editados (La Luna, Circle in the Sand, Leave a Light on Me, Mad About You,etc..) su productora no supo rentabilizar su carrera, y eso que la critica la comparaba como competidora de la propia Madonna, y con una mala campaña de marketing Belinda quedò relegada a ser conocida por un reducido publico. <a href=""https://www.last.fm/music/Belinda+Carlisle"">Read more on Last.fm</a>";Bananarama, Kim Wilde, Debbie Gibson, The Bangles, Laura Branigan
6328;Belinda Carlisle;Anyone Who Had a Heart;Once Upon a Time in California;album;2025;Pop;132;1236202;13498400;"Dada a conocer en la banda de los 80 The Go-go's, precursora de The Bangles, Belinda dio el campanazo con su gran exito en solitario Heaven's a Place on Earth. Desgraciadamente, y a pesar de su calidad como cantante y de los temas editados (La Luna, Circle in the Sand, Leave a Light on Me, Mad About You,etc..) su productora no supo rentabilizar su carrera, y eso que la critica la comparaba como competidora de la propia Madonna, y con una mala campaña de marketing Belinda quedò relegada a ser conocida por un reducido publico. <a href=""https://www.last.fm/music/Belinda+Carlisle"">Read more on Last.fm</a>";Bananarama, Kim Wilde, Debbie Gibson, The Bangles, Laura Branigan
6328;Belinda Carlisle;(We Want) the Same Thing (Extended Summer Remix);We Want the Same Thing;colaboracion;2026;Pop;132;1236202;13498400;"Dada a conocer en la banda de los 80 The Go-go's, precursora de The Bangles, Belinda dio el campanazo con su gran exito en solitario Heaven's a Place on Earth. Desgraciadamente, y a pesar de su calidad como cantante y de los temas editados (La Luna, Circle in the Sand, Leave a Light on Me, Mad About You,etc..) su productora no supo rentabilizar su carrera, y eso que la critica la comparaba como competidora de la propia Madonna, y con una mala campaña de marketing Belinda quedò relegada a ser conocida por un reducido publico. <a href=""https://www.last.fm/music/Belinda+Carlisle"">Read more on Last.fm</a>";Bananarama, Kim Wilde, Debbie Gibson, The Bangles, Laura Branigan
4370;Anita Baker;Sweet Love;Rapture;album;1986;Pop;132;555647;5847603;"Anita Baker (Toledo, Ohio, 26 de enero de 1958), cantante estadounidense de soul. Influida por el rhythm and blues, el jazz, el gospel y el pop tradicional, Baker, poseedora de una voz propia de una alto, es una cantante especializada en un soul adulto y romántico.

Aunque nacida en Toledo, creció como persona y musicalmente en Detroit, donde aprendió a cantar escuchando, entre otras, a cantantes de jazz como Sarah Vaughan, Nancy Wilson y Ella Fitzgerald. <a href=""https://www.last.fm/music/Anita+Baker"">Read more on Last.fm</a>";Phyllis Hyman, Miki Howard, Freddie Jackson, Chanté Moore, Luther Vandross
4370;Anita Baker;Giving You the Best That I Got (Single Version);The Best of Anita Baker;album;2002;R&B;165;555647;5847603;"Anita Baker (Toledo, Ohio, 26 de enero de 1958), cantante estadounidense de soul. Influida por el rhythm and blues, el jazz, el gospel y el pop tradicional, Baker, poseedora de una voz propia de una alto, es una cantante especializada en un soul adulto y romántico.

Aunque nacida en Toledo, creció como persona y musicalmente en Detroit, donde aprendió a cantar escuchando, entre otras, a cantantes de jazz como Sarah Vaughan, Nancy Wilson y Ella Fitzgerald. <a href=""https://www.last.fm/music/Anita+Baker"">Read more on Last.fm</a>";Phyllis Hyman, Miki Howard, Freddie Jackson, Chanté Moore, Luther Vandross
4370;Anita Baker;Body and Soul (Radio Edit);The Best of Anita Baker;album;2002;R&B;165;555647;5847603;"Anita Baker (Toledo, Ohio, 26 de enero de 1958), cantante estadounidense de soul. Influida por el rhythm and blues, el jazz, el gospel y el pop tradicional, Baker, poseedora de una voz propia de una alto, es una cantante especializada en un soul adulto y romántico.

Aunque nacida en Toledo, creció como persona y musicalmente en Detroit, donde aprendió a cantar escuchando, entre otras, a cantantes de jazz como Sarah Vaughan, Nancy Wilson y Ella Fitzgerald. <a href=""https://www.last.fm/music/Anita+Baker"">Read more on Last.fm</a>";Phyllis Hyman, Miki Howard, Freddie Jackson, Chanté Moore, Luther Vandross
4370;Anita Baker;Caught Up in the Rapture (Single Version);The Best of Anita Baker;album;2002;R&B;165;555647;5847603;"Anita Baker (Toledo, Ohio, 26 de enero de 1958), cantante estadounidense de soul. Influida por el rhythm and blues, el jazz, el gospel y el pop tradicional, Baker, poseedora de una voz propia de una alto, es una cantante especializada en un soul adulto y romántico.

Aunque nacida en Toledo, creció como persona y musicalmente en Detroit, donde aprendió a cantar escuchando, entre otras, a cantantes de jazz como Sarah Vaughan, Nancy Wilson y Ella Fitzgerald. <a href=""https://www.last.fm/music/Anita+Baker"">Read more on Last.fm</a>";Phyllis Hyman, Miki Howard, Freddie Jackson, Chanté Moore, Luther Vandross
4370;Anita Baker;Will You Be Mine;The Songstress;album;1991;Pop;132;555647;5847603;"Anita Baker (Toledo, Ohio, 26 de enero de 1958), cantante estadounidense de soul. Influida por el rhythm and blues, el jazz, el gospel y el pop tradicional, Baker, poseedora de una voz propia de una alto, es una cantante especializada en un soul adulto y romántico.

Aunque nacida en Toledo, creció como persona y musicalmente en Detroit, donde aprendió a cantar escuchando, entre otras, a cantantes de jazz como Sarah Vaughan, Nancy Wilson y Ella Fitzgerald. <a href=""https://www.last.fm/music/Anita+Baker"">Read more on Last.fm</a>";Phyllis Hyman, Miki Howard, Freddie Jackson, Chanté Moore, Luther Vandross
4370;Anita Baker;My Funny Valentine;Rhythm of Love;album;1994;Pop;132;555647;5847603;"Anita Baker (Toledo, Ohio, 26 de enero de 1958), cantante estadounidense de soul. Influida por el rhythm and blues, el jazz, el gospel y el pop tradicional, Baker, poseedora de una voz propia de una alto, es una cantante especializada en un soul adulto y romántico.

Aunque nacida en Toledo, creció como persona y musicalmente en Detroit, donde aprendió a cantar escuchando, entre otras, a cantantes de jazz como Sarah Vaughan, Nancy Wilson y Ella Fitzgerald. <a href=""https://www.last.fm/music/Anita+Baker"">Read more on Last.fm</a>";Phyllis Hyman, Miki Howard, Freddie Jackson, Chanté Moore, Luther Vandross
4370;Anita Baker;Fairy Tales;The Best of Anita Baker;album;2002;R&B;165;555647;5847603;"Anita Baker (Toledo, Ohio, 26 de enero de 1958), cantante estadounidense de soul. Influida por el rhythm and blues, el jazz, el gospel y el pop tradicional, Baker, poseedora de una voz propia de una alto, es una cantante especializada en un soul adulto y romántico.

Aunque nacida en Toledo, creció como persona y musicalmente en Detroit, donde aprendió a cantar escuchando, entre otras, a cantantes de jazz como Sarah Vaughan, Nancy Wilson y Ella Fitzgerald. <a href=""https://www.last.fm/music/Anita+Baker"">Read more on Last.fm</a>";Phyllis Hyman, Miki Howard, Freddie Jackson, Chanté Moore, Luther Vandross
4370;Anita Baker;You're the Best Thing Yet;The Best of Anita Baker;album;2002;R&B;165;555647;5847603;"Anita Baker (Toledo, Ohio, 26 de enero de 1958), cantante estadounidense de soul. Influida por el rhythm and blues, el jazz, el gospel y el pop tradicional, Baker, poseedora de una voz propia de una alto, es una cantante especializada en un soul adulto y romántico.

Aunque nacida en Toledo, creció como persona y musicalmente en Detroit, donde aprendió a cantar escuchando, entre otras, a cantantes de jazz como Sarah Vaughan, Nancy Wilson y Ella Fitzgerald. <a href=""https://www.last.fm/music/Anita+Baker"">Read more on Last.fm</a>";Phyllis Hyman, Miki Howard, Freddie Jackson, Chanté Moore, Luther Vandross
4370;Anita Baker;Been so Long;Rapture;album;1986;Pop;132;555647;5847603;"Anita Baker (Toledo, Ohio, 26 de enero de 1958), cantante estadounidense de soul. Influida por el rhythm and blues, el jazz, el gospel y el pop tradicional, Baker, poseedora de una voz propia de una alto, es una cantante especializada en un soul adulto y romántico.

Aunque nacida en Toledo, creció como persona y musicalmente en Detroit, donde aprendió a cantar escuchando, entre otras, a cantantes de jazz como Sarah Vaughan, Nancy Wilson y Ella Fitzgerald. <a href=""https://www.last.fm/music/Anita+Baker"">Read more on Last.fm</a>";Phyllis Hyman, Miki Howard, Freddie Jackson, Chanté Moore, Luther Vandross
4370;Anita Baker;Priceless;Giving You the Best That I Got;album;2008;Pop;132;555647;5847603;"Anita Baker (Toledo, Ohio, 26 de enero de 1958), cantante estadounidense de soul. Influida por el rhythm and blues, el jazz, el gospel y el pop tradicional, Baker, poseedora de una voz propia de una alto, es una cantante especializada en un soul adulto y romántico.

Aunque nacida en Toledo, creció como persona y musicalmente en Detroit, donde aprendió a cantar escuchando, entre otras, a cantantes de jazz como Sarah Vaughan, Nancy Wilson y Ella Fitzgerald. <a href=""https://www.last.fm/music/Anita+Baker"">Read more on Last.fm</a>";Phyllis Hyman, Miki Howard, Freddie Jackson, Chanté Moore, Luther Vandross
4370;Anita Baker;Giving You the Best That I Got;Giving You the Best That I Got;album;2008;Pop;132;555647;5847603;"Anita Baker (Toledo, Ohio, 26 de enero de 1958), cantante estadounidense de soul. Influida por el rhythm and blues, el jazz, el gospel y el pop tradicional, Baker, poseedora de una voz propia de una alto, es una cantante especializada en un soul adulto y romántico.

Aunque nacida en Toledo, creció como persona y musicalmente en Detroit, donde aprendió a cantar escuchando, entre otras, a cantantes de jazz como Sarah Vaughan, Nancy Wilson y Ella Fitzgerald. <a href=""https://www.last.fm/music/Anita+Baker"">Read more on Last.fm</a>";Phyllis Hyman, Miki Howard, Freddie Jackson, Chanté Moore, Luther Vandross
4370;Anita Baker;Whatever It Takes;Compositions;album;1990;Pop;132;555647;5847603;"Anita Baker (Toledo, Ohio, 26 de enero de 1958), cantante estadounidense de soul. Influida por el rhythm and blues, el jazz, el gospel y el pop tradicional, Baker, poseedora de una voz propia de una alto, es una cantante especializada en un soul adulto y romántico.

Aunque nacida en Toledo, creció como persona y musicalmente en Detroit, donde aprendió a cantar escuchando, entre otras, a cantantes de jazz como Sarah Vaughan, Nancy Wilson y Ella Fitzgerald. <a href=""https://www.last.fm/music/Anita+Baker"">Read more on Last.fm</a>";Phyllis Hyman, Miki Howard, Freddie Jackson, Chanté Moore, Luther Vandross
4370;Anita Baker;Talk to Me (Single Version #2);The Best of Anita Baker;album;2002;R&B;165;555647;5847603;"Anita Baker (Toledo, Ohio, 26 de enero de 1958), cantante estadounidense de soul. Influida por el rhythm and blues, el jazz, el gospel y el pop tradicional, Baker, poseedora de una voz propia de una alto, es una cantante especializada en un soul adulto y romántico.

Aunque nacida en Toledo, creció como persona y musicalmente en Detroit, donde aprendió a cantar escuchando, entre otras, a cantantes de jazz como Sarah Vaughan, Nancy Wilson y Ella Fitzgerald. <a href=""https://www.last.fm/music/Anita+Baker"">Read more on Last.fm</a>";Phyllis Hyman, Miki Howard, Freddie Jackson, Chanté Moore, Luther Vandross
4370;Anita Baker;No More Tears;The Best of Anita Baker;album;2002;R&B;165;555647;5847603;"Anita Baker (Toledo, Ohio, 26 de enero de 1958), cantante estadounidense de soul. Influida por el rhythm and blues, el jazz, el gospel y el pop tradicional, Baker, poseedora de una voz propia de una alto, es una cantante especializada en un soul adulto y romántico.

Aunque nacida en Toledo, creció como persona y musicalmente en Detroit, donde aprendió a cantar escuchando, entre otras, a cantantes de jazz como Sarah Vaughan, Nancy Wilson y Ella Fitzgerald. <a href=""https://www.last.fm/music/Anita+Baker"">Read more on Last.fm</a>";Phyllis Hyman, Miki Howard, Freddie Jackson, Chanté Moore, Luther Vandross
4370;Anita Baker;Just Because (Single Version #2);The Best of Anita Baker;album;2002;R&B;165;555647;5847603;"Anita Baker (Toledo, Ohio, 26 de enero de 1958), cantante estadounidense de soul. Influida por el rhythm and blues, el jazz, el gospel y el pop tradicional, Baker, poseedora de una voz propia de una alto, es una cantante especializada en un soul adulto y romántico.

Aunque nacida en Toledo, creció como persona y musicalmente en Detroit, donde aprendió a cantar escuchando, entre otras, a cantantes de jazz como Sarah Vaughan, Nancy Wilson y Ella Fitzgerald. <a href=""https://www.last.fm/music/Anita+Baker"">Read more on Last.fm</a>";Phyllis Hyman, Miki Howard, Freddie Jackson, Chanté Moore, Luther Vandross
4370;Anita Baker;You Bring Me Joy;Rapture;album;1986;Pop;132;555647;5847603;"Anita Baker (Toledo, Ohio, 26 de enero de 1958), cantante estadounidense de soul. Influida por el rhythm and blues, el jazz, el gospel y el pop tradicional, Baker, poseedora de una voz propia de una alto, es una cantante especializada en un soul adulto y romántico.

Aunque nacida en Toledo, creció como persona y musicalmente en Detroit, donde aprendió a cantar escuchando, entre otras, a cantantes de jazz como Sarah Vaughan, Nancy Wilson y Ella Fitzgerald. <a href=""https://www.last.fm/music/Anita+Baker"">Read more on Last.fm</a>";Phyllis Hyman, Miki Howard, Freddie Jackson, Chanté Moore, Luther Vandross
4370;Anita Baker;Fairy Tales;Compositions;album;1990;Pop;132;555647;5847603;"Anita Baker (Toledo, Ohio, 26 de enero de 1958), cantante estadounidense de soul. Influida por el rhythm and blues, el jazz, el gospel y el pop tradicional, Baker, poseedora de una voz propia de una alto, es una cantante especializada en un soul adulto y romántico.

Aunque nacida en Toledo, creció como persona y musicalmente en Detroit, donde aprendió a cantar escuchando, entre otras, a cantantes de jazz como Sarah Vaughan, Nancy Wilson y Ella Fitzgerald. <a href=""https://www.last.fm/music/Anita+Baker"">Read more on Last.fm</a>";Phyllis Hyman, Miki Howard, Freddie Jackson, Chanté Moore, Luther Vandross
4370;Anita Baker;Perfect Love Affair;Compositions;album;1990;Pop;132;555647;5847603;"Anita Baker (Toledo, Ohio, 26 de enero de 1958), cantante estadounidense de soul. Influida por el rhythm and blues, el jazz, el gospel y el pop tradicional, Baker, poseedora de una voz propia de una alto, es una cantante especializada en un soul adulto y romántico.

Aunque nacida en Toledo, creció como persona y musicalmente en Detroit, donde aprendió a cantar escuchando, entre otras, a cantantes de jazz como Sarah Vaughan, Nancy Wilson y Ella Fitzgerald. <a href=""https://www.last.fm/music/Anita+Baker"">Read more on Last.fm</a>";Phyllis Hyman, Miki Howard, Freddie Jackson, Chanté Moore, Luther Vandross
4370;Anita Baker;No One in the World;The Best of Anita Baker;album;2002;R&B;165;555647;5847603;"Anita Baker (Toledo, Ohio, 26 de enero de 1958), cantante estadounidense de soul. Influida por el rhythm and blues, el jazz, el gospel y el pop tradicional, Baker, poseedora de una voz propia de una alto, es una cantante especializada en un soul adulto y romántico.

Aunque nacida en Toledo, creció como persona y musicalmente en Detroit, donde aprendió a cantar escuchando, entre otras, a cantantes de jazz como Sarah Vaughan, Nancy Wilson y Ella Fitzgerald. <a href=""https://www.last.fm/music/Anita+Baker"">Read more on Last.fm</a>";Phyllis Hyman, Miki Howard, Freddie Jackson, Chanté Moore, Luther Vandross
4370;Anita Baker;Lead Me into Love;Giving You the Best That I Got;album;2008;Pop;132;555647;5847603;"Anita Baker (Toledo, Ohio, 26 de enero de 1958), cantante estadounidense de soul. Influida por el rhythm and blues, el jazz, el gospel y el pop tradicional, Baker, poseedora de una voz propia de una alto, es una cantante especializada en un soul adulto y romántico.

Aunque nacida en Toledo, creció como persona y musicalmente en Detroit, donde aprendió a cantar escuchando, entre otras, a cantantes de jazz como Sarah Vaughan, Nancy Wilson y Ella Fitzgerald. <a href=""https://www.last.fm/music/Anita+Baker"">Read more on Last.fm</a>";Phyllis Hyman, Miki Howard, Freddie Jackson, Chanté Moore, Luther Vandross
4370;Anita Baker;Lonely;Compositions;album;1990;Pop;132;555647;5847603;"Anita Baker (Toledo, Ohio, 26 de enero de 1958), cantante estadounidense de soul. Influida por el rhythm and blues, el jazz, el gospel y el pop tradicional, Baker, poseedora de una voz propia de una alto, es una cantante especializada en un soul adulto y romántico.

Aunque nacida en Toledo, creció como persona y musicalmente en Detroit, donde aprendió a cantar escuchando, entre otras, a cantantes de jazz como Sarah Vaughan, Nancy Wilson y Ella Fitzgerald. <a href=""https://www.last.fm/music/Anita+Baker"">Read more on Last.fm</a>";Phyllis Hyman, Miki Howard, Freddie Jackson, Chanté Moore, Luther Vandross
4370;Anita Baker;Rules;Giving You the Best That I Got;album;2008;Pop;132;555647;5847603;"Anita Baker (Toledo, Ohio, 26 de enero de 1958), cantante estadounidense de soul. Influida por el rhythm and blues, el jazz, el gospel y el pop tradicional, Baker, poseedora de una voz propia de una alto, es una cantante especializada en un soul adulto y romántico.

Aunque nacida en Toledo, creció como persona y musicalmente en Detroit, donde aprendió a cantar escuchando, entre otras, a cantantes de jazz como Sarah Vaughan, Nancy Wilson y Ella Fitzgerald. <a href=""https://www.last.fm/music/Anita+Baker"">Read more on Last.fm</a>";Phyllis Hyman, Miki Howard, Freddie Jackson, Chanté Moore, Luther Vandross
4370;Anita Baker;Same Ole Love (365 Days a Week);Rapture;album;1986;Pop;132;555647;5847603;"Anita Baker (Toledo, Ohio, 26 de enero de 1958), cantante estadounidense de soul. Influida por el rhythm and blues, el jazz, el gospel y el pop tradicional, Baker, poseedora de una voz propia de una alto, es una cantante especializada en un soul adulto y romántico.

Aunque nacida en Toledo, creció como persona y musicalmente en Detroit, donde aprendió a cantar escuchando, entre otras, a cantantes de jazz como Sarah Vaughan, Nancy Wilson y Ella Fitzgerald. <a href=""https://www.last.fm/music/Anita+Baker"">Read more on Last.fm</a>";Phyllis Hyman, Miki Howard, Freddie Jackson, Chanté Moore, Luther Vandross
4370;Anita Baker;Feel the Need;The Songstress;album;1991;Pop;132;555647;5847603;"Anita Baker (Toledo, Ohio, 26 de enero de 1958), cantante estadounidense de soul. Influida por el rhythm and blues, el jazz, el gospel y el pop tradicional, Baker, poseedora de una voz propia de una alto, es una cantante especializada en un soul adulto y romántico.

Aunque nacida en Toledo, creció como persona y musicalmente en Detroit, donde aprendió a cantar escuchando, entre otras, a cantantes de jazz como Sarah Vaughan, Nancy Wilson y Ella Fitzgerald. <a href=""https://www.last.fm/music/Anita+Baker"">Read more on Last.fm</a>";Phyllis Hyman, Miki Howard, Freddie Jackson, Chanté Moore, Luther Vandross
4370;Anita Baker;Angel (Single Version #2);The Best of Anita Baker;album;2002;R&B;165;555647;5847603;"Anita Baker (Toledo, Ohio, 26 de enero de 1958), cantante estadounidense de soul. Influida por el rhythm and blues, el jazz, el gospel y el pop tradicional, Baker, poseedora de una voz propia de una alto, es una cantante especializada en un soul adulto y romántico.

Aunque nacida en Toledo, creció como persona y musicalmente en Detroit, donde aprendió a cantar escuchando, entre otras, a cantantes de jazz como Sarah Vaughan, Nancy Wilson y Ella Fitzgerald. <a href=""https://www.last.fm/music/Anita+Baker"">Read more on Last.fm</a>";Phyllis Hyman, Miki Howard, Freddie Jackson, Chanté Moore, Luther Vandross
4370;Anita Baker;Just Because;Giving You the Best That I Got;album;2008;Pop;132;555647;5847603;"Anita Baker (Toledo, Ohio, 26 de enero de 1958), cantante estadounidense de soul. Influida por el rhythm and blues, el jazz, el gospel y el pop tradicional, Baker, poseedora de una voz propia de una alto, es una cantante especializada en un soul adulto y romántico.

Aunque nacida en Toledo, creció como persona y musicalmente en Detroit, donde aprendió a cantar escuchando, entre otras, a cantantes de jazz como Sarah Vaughan, Nancy Wilson y Ella Fitzgerald. <a href=""https://www.last.fm/music/Anita+Baker"">Read more on Last.fm</a>";Phyllis Hyman, Miki Howard, Freddie Jackson, Chanté Moore, Luther Vandross
4370;Anita Baker;You Belong to Me;Giving You the Best That I Got;album;2008;Pop;132;555647;5847603;"Anita Baker (Toledo, Ohio, 26 de enero de 1958), cantante estadounidense de soul. Influida por el rhythm and blues, el jazz, el gospel y el pop tradicional, Baker, poseedora de una voz propia de una alto, es una cantante especializada en un soul adulto y romántico.

Aunque nacida en Toledo, creció como persona y musicalmente en Detroit, donde aprendió a cantar escuchando, entre otras, a cantantes de jazz como Sarah Vaughan, Nancy Wilson y Ella Fitzgerald. <a href=""https://www.last.fm/music/Anita+Baker"">Read more on Last.fm</a>";Phyllis Hyman, Miki Howard, Freddie Jackson, Chanté Moore, Luther Vandross
4370;Anita Baker;Lead Me into Love (Single Version);The Best of Anita Baker;album;2002;R&B;165;555647;5847603;"Anita Baker (Toledo, Ohio, 26 de enero de 1958), cantante estadounidense de soul. Influida por el rhythm and blues, el jazz, el gospel y el pop tradicional, Baker, poseedora de una voz propia de una alto, es una cantante especializada en un soul adulto y romántico.

Aunque nacida en Toledo, creció como persona y musicalmente en Detroit, donde aprendió a cantar escuchando, entre otras, a cantantes de jazz como Sarah Vaughan, Nancy Wilson y Ella Fitzgerald. <a href=""https://www.last.fm/music/Anita+Baker"">Read more on Last.fm</a>";Phyllis Hyman, Miki Howard, Freddie Jackson, Chanté Moore, Luther Vandross
4370;Anita Baker;Good Love;The Best of Anita Baker;album;2002;R&B;165;555647;5847603;"Anita Baker (Toledo, Ohio, 26 de enero de 1958), cantante estadounidense de soul. Influida por el rhythm and blues, el jazz, el gospel y el pop tradicional, Baker, poseedora de una voz propia de una alto, es una cantante especializada en un soul adulto y romántico.

Aunque nacida en Toledo, creció como persona y musicalmente en Detroit, donde aprendió a cantar escuchando, entre otras, a cantantes de jazz como Sarah Vaughan, Nancy Wilson y Ella Fitzgerald. <a href=""https://www.last.fm/music/Anita+Baker"">Read more on Last.fm</a>";Phyllis Hyman, Miki Howard, Freddie Jackson, Chanté Moore, Luther Vandross
4370;Anita Baker;When You Love Someone;Forget Paris - The Original Motion Picture Soundtrack;colaboracion;1995;Películas/Juegos;173;555647;5847603;"Anita Baker (Toledo, Ohio, 26 de enero de 1958), cantante estadounidense de soul. Influida por el rhythm and blues, el jazz, el gospel y el pop tradicional, Baker, poseedora de una voz propia de una alto, es una cantante especializada en un soul adulto y romántico.

Aunque nacida en Toledo, creció como persona y musicalmente en Detroit, donde aprendió a cantar escuchando, entre otras, a cantantes de jazz como Sarah Vaughan, Nancy Wilson y Ella Fitzgerald. <a href=""https://www.last.fm/music/Anita+Baker"">Read more on Last.fm</a>";Phyllis Hyman, Miki Howard, Freddie Jackson, Chanté Moore, Luther Vandross
4370;Anita Baker;Mystery;Rapture;album;1986;Pop;132;555647;5847603;"Anita Baker (Toledo, Ohio, 26 de enero de 1958), cantante estadounidense de soul. Influida por el rhythm and blues, el jazz, el gospel y el pop tradicional, Baker, poseedora de una voz propia de una alto, es una cantante especializada en un soul adulto y romántico.

Aunque nacida en Toledo, creció como persona y musicalmente en Detroit, donde aprendió a cantar escuchando, entre otras, a cantantes de jazz como Sarah Vaughan, Nancy Wilson y Ella Fitzgerald. <a href=""https://www.last.fm/music/Anita+Baker"">Read more on Last.fm</a>";Phyllis Hyman, Miki Howard, Freddie Jackson, Chanté Moore, Luther Vandross
4370;Anita Baker;Angel;The Songstress;album;1991;Pop;132;555647;5847603;"Anita Baker (Toledo, Ohio, 26 de enero de 1958), cantante estadounidense de soul. Influida por el rhythm and blues, el jazz, el gospel y el pop tradicional, Baker, poseedora de una voz propia de una alto, es una cantante especializada en un soul adulto y romántico.

Aunque nacida en Toledo, creció como persona y musicalmente en Detroit, donde aprendió a cantar escuchando, entre otras, a cantantes de jazz como Sarah Vaughan, Nancy Wilson y Ella Fitzgerald. <a href=""https://www.last.fm/music/Anita+Baker"">Read more on Last.fm</a>";Phyllis Hyman, Miki Howard, Freddie Jackson, Chanté Moore, Luther Vandross
4370;Anita Baker;You Belong to Me;Music From And Inspired By The Motion Picture Tyler Perry's Why Did I Get Married?;album;2007;Pop;132;555647;5847603;"Anita Baker (Toledo, Ohio, 26 de enero de 1958), cantante estadounidense de soul. Influida por el rhythm and blues, el jazz, el gospel y el pop tradicional, Baker, poseedora de una voz propia de una alto, es una cantante especializada en un soul adulto y romántico.

Aunque nacida en Toledo, creció como persona y musicalmente en Detroit, donde aprendió a cantar escuchando, entre otras, a cantantes de jazz como Sarah Vaughan, Nancy Wilson y Ella Fitzgerald. <a href=""https://www.last.fm/music/Anita+Baker"">Read more on Last.fm</a>";Phyllis Hyman, Miki Howard, Freddie Jackson, Chanté Moore, Luther Vandross
4370;Anita Baker;Body and Soul;Rhythm of Love;album;1994;Pop;132;555647;5847603;"Anita Baker (Toledo, Ohio, 26 de enero de 1958), cantante estadounidense de soul. Influida por el rhythm and blues, el jazz, el gospel y el pop tradicional, Baker, poseedora de una voz propia de una alto, es una cantante especializada en un soul adulto y romántico.

Aunque nacida en Toledo, creció como persona y musicalmente en Detroit, donde aprendió a cantar escuchando, entre otras, a cantantes de jazz como Sarah Vaughan, Nancy Wilson y Ella Fitzgerald. <a href=""https://www.last.fm/music/Anita+Baker"">Read more on Last.fm</a>";Phyllis Hyman, Miki Howard, Freddie Jackson, Chanté Moore, Luther Vandross
4370;Anita Baker;I Apologize (Single Version);The Best of Anita Baker;album;2002;R&B;165;555647;5847603;"Anita Baker (Toledo, Ohio, 26 de enero de 1958), cantante estadounidense de soul. Influida por el rhythm and blues, el jazz, el gospel y el pop tradicional, Baker, poseedora de una voz propia de una alto, es una cantante especializada en un soul adulto y romántico.

Aunque nacida en Toledo, creció como persona y musicalmente en Detroit, donde aprendió a cantar escuchando, entre otras, a cantantes de jazz como Sarah Vaughan, Nancy Wilson y Ella Fitzgerald. <a href=""https://www.last.fm/music/Anita+Baker"">Read more on Last.fm</a>";Phyllis Hyman, Miki Howard, Freddie Jackson, Chanté Moore, Luther Vandross
4370;Anita Baker;Lately;Welcome To The Quiet Storm;album;2023;R&B;165;555647;5847603;"Anita Baker (Toledo, Ohio, 26 de enero de 1958), cantante estadounidense de soul. Influida por el rhythm and blues, el jazz, el gospel y el pop tradicional, Baker, poseedora de una voz propia de una alto, es una cantante especializada en un soul adulto y romántico.

Aunque nacida en Toledo, creció como persona y musicalmente en Detroit, donde aprendió a cantar escuchando, entre otras, a cantantes de jazz como Sarah Vaughan, Nancy Wilson y Ella Fitzgerald. <a href=""https://www.last.fm/music/Anita+Baker"">Read more on Last.fm</a>";Phyllis Hyman, Miki Howard, Freddie Jackson, Chanté Moore, Luther Vandross
4370;Anita Baker;Rhythm of Love;Rhythm of Love;album;1994;Pop;132;555647;5847603;"Anita Baker (Toledo, Ohio, 26 de enero de 1958), cantante estadounidense de soul. Influida por el rhythm and blues, el jazz, el gospel y el pop tradicional, Baker, poseedora de una voz propia de una alto, es una cantante especializada en un soul adulto y romántico.

Aunque nacida en Toledo, creció como persona y musicalmente en Detroit, donde aprendió a cantar escuchando, entre otras, a cantantes de jazz como Sarah Vaughan, Nancy Wilson y Ella Fitzgerald. <a href=""https://www.last.fm/music/Anita+Baker"">Read more on Last.fm</a>";Phyllis Hyman, Miki Howard, Freddie Jackson, Chanté Moore, Luther Vandross
4370;Anita Baker;Same Ole Love (365 Days a Year) (45 Version);Same Ole Love (365 Days a Year) / Same Ole Love (365 Days a Year) [Live];single;2010;R&B;165;555647;5847603;"Anita Baker (Toledo, Ohio, 26 de enero de 1958), cantante estadounidense de soul. Influida por el rhythm and blues, el jazz, el gospel y el pop tradicional, Baker, poseedora de una voz propia de una alto, es una cantante especializada en un soul adulto y romántico.

Aunque nacida en Toledo, creció como persona y musicalmente en Detroit, donde aprendió a cantar escuchando, entre otras, a cantantes de jazz como Sarah Vaughan, Nancy Wilson y Ella Fitzgerald. <a href=""https://www.last.fm/music/Anita+Baker"">Read more on Last.fm</a>";Phyllis Hyman, Miki Howard, Freddie Jackson, Chanté Moore, Luther Vandross
4370;Anita Baker;It's Been You;Rhythm of Love;album;1994;Pop;132;555647;5847603;"Anita Baker (Toledo, Ohio, 26 de enero de 1958), cantante estadounidense de soul. Influida por el rhythm and blues, el jazz, el gospel y el pop tradicional, Baker, poseedora de una voz propia de una alto, es una cantante especializada en un soul adulto y romántico.

Aunque nacida en Toledo, creció como persona y musicalmente en Detroit, donde aprendió a cantar escuchando, entre otras, a cantantes de jazz como Sarah Vaughan, Nancy Wilson y Ella Fitzgerald. <a href=""https://www.last.fm/music/Anita+Baker"">Read more on Last.fm</a>";Phyllis Hyman, Miki Howard, Freddie Jackson, Chanté Moore, Luther Vandross
4370;Anita Baker;Good Enough;Giving You the Best That I Got;album;2008;Pop;132;555647;5847603;"Anita Baker (Toledo, Ohio, 26 de enero de 1958), cantante estadounidense de soul. Influida por el rhythm and blues, el jazz, el gospel y el pop tradicional, Baker, poseedora de una voz propia de una alto, es una cantante especializada en un soul adulto y romántico.

Aunque nacida en Toledo, creció como persona y musicalmente en Detroit, donde aprendió a cantar escuchando, entre otras, a cantantes de jazz como Sarah Vaughan, Nancy Wilson y Ella Fitzgerald. <a href=""https://www.last.fm/music/Anita+Baker"">Read more on Last.fm</a>";Phyllis Hyman, Miki Howard, Freddie Jackson, Chanté Moore, Luther Vandross
4370;Anita Baker;I Apologize;Rhythm of Love;album;1994;Pop;132;555647;5847603;"Anita Baker (Toledo, Ohio, 26 de enero de 1958), cantante estadounidense de soul. Influida por el rhythm and blues, el jazz, el gospel y el pop tradicional, Baker, poseedora de una voz propia de una alto, es una cantante especializada en un soul adulto y romántico.

Aunque nacida en Toledo, creció como persona y musicalmente en Detroit, donde aprendió a cantar escuchando, entre otras, a cantantes de jazz como Sarah Vaughan, Nancy Wilson y Ella Fitzgerald. <a href=""https://www.last.fm/music/Anita+Baker"">Read more on Last.fm</a>";Phyllis Hyman, Miki Howard, Freddie Jackson, Chanté Moore, Luther Vandross
4370;Anita Baker;Watch Your Step;Rapture;album;1986;Pop;132;555647;5847603;"Anita Baker (Toledo, Ohio, 26 de enero de 1958), cantante estadounidense de soul. Influida por el rhythm and blues, el jazz, el gospel y el pop tradicional, Baker, poseedora de una voz propia de una alto, es una cantante especializada en un soul adulto y romántico.

Aunque nacida en Toledo, creció como persona y musicalmente en Detroit, donde aprendió a cantar escuchando, entre otras, a cantantes de jazz como Sarah Vaughan, Nancy Wilson y Ella Fitzgerald. <a href=""https://www.last.fm/music/Anita+Baker"">Read more on Last.fm</a>";Phyllis Hyman, Miki Howard, Freddie Jackson, Chanté Moore, Luther Vandross
4370;Anita Baker;The Look of Love;Rhythm of Love;album;1994;Pop;132;555647;5847603;"Anita Baker (Toledo, Ohio, 26 de enero de 1958), cantante estadounidense de soul. Influida por el rhythm and blues, el jazz, el gospel y el pop tradicional, Baker, poseedora de una voz propia de una alto, es una cantante especializada en un soul adulto y romántico.

Aunque nacida en Toledo, creció como persona y musicalmente en Detroit, donde aprendió a cantar escuchando, entre otras, a cantantes de jazz como Sarah Vaughan, Nancy Wilson y Ella Fitzgerald. <a href=""https://www.last.fm/music/Anita+Baker"">Read more on Last.fm</a>";Phyllis Hyman, Miki Howard, Freddie Jackson, Chanté Moore, Luther Vandross
4370;Anita Baker;Baby;Rhythm of Love;album;1994;Pop;132;555647;5847603;"Anita Baker (Toledo, Ohio, 26 de enero de 1958), cantante estadounidense de soul. Influida por el rhythm and blues, el jazz, el gospel y el pop tradicional, Baker, poseedora de una voz propia de una alto, es una cantante especializada en un soul adulto y romántico.

Aunque nacida en Toledo, creció como persona y musicalmente en Detroit, donde aprendió a cantar escuchando, entre otras, a cantantes de jazz como Sarah Vaughan, Nancy Wilson y Ella Fitzgerald. <a href=""https://www.last.fm/music/Anita+Baker"">Read more on Last.fm</a>";Phyllis Hyman, Miki Howard, Freddie Jackson, Chanté Moore, Luther Vandross
236989501;Anita Baker;Caught Up In The Rapture (Live);Love Fly Free (Live);album;2023;R&B;165;555647;5847603;"Anita Baker (Toledo, Ohio, 26 de enero de 1958), cantante estadounidense de soul. Influida por el rhythm and blues, el jazz, el gospel y el pop tradicional, Baker, poseedora de una voz propia de una alto, es una cantante especializada en un soul adulto y romántico.

Aunque nacida en Toledo, creció como persona y musicalmente en Detroit, donde aprendió a cantar escuchando, entre otras, a cantantes de jazz como Sarah Vaughan, Nancy Wilson y Ella Fitzgerald. <a href=""https://www.last.fm/music/Anita+Baker"">Read more on Last.fm</a>";Phyllis Hyman, Miki Howard, Freddie Jackson, Chanté Moore, Luther Vandross
236989501;Anita Baker;Anita Talks, Pt. I (Live);Love Fly Free (Live);album;2023;R&B;165;555647;5847603;"Anita Baker (Toledo, Ohio, 26 de enero de 1958), cantante estadounidense de soul. Influida por el rhythm and blues, el jazz, el gospel y el pop tradicional, Baker, poseedora de una voz propia de una alto, es una cantante especializada en un soul adulto y romántico.

Aunque nacida en Toledo, creció como persona y musicalmente en Detroit, donde aprendió a cantar escuchando, entre otras, a cantantes de jazz como Sarah Vaughan, Nancy Wilson y Ella Fitzgerald. <a href=""https://www.last.fm/music/Anita+Baker"">Read more on Last.fm</a>";Phyllis Hyman, Miki Howard, Freddie Jackson, Chanté Moore, Luther Vandross
236989501;Anita Baker;Will You Be Mine (Live);Love Fly Free (Live);album;2023;R&B;165;555647;5847603;"Anita Baker (Toledo, Ohio, 26 de enero de 1958), cantante estadounidense de soul. Influida por el rhythm and blues, el jazz, el gospel y el pop tradicional, Baker, poseedora de una voz propia de una alto, es una cantante especializada en un soul adulto y romántico.

Aunque nacida en Toledo, creció como persona y musicalmente en Detroit, donde aprendió a cantar escuchando, entre otras, a cantantes de jazz como Sarah Vaughan, Nancy Wilson y Ella Fitzgerald. <a href=""https://www.last.fm/music/Anita+Baker"">Read more on Last.fm</a>";Phyllis Hyman, Miki Howard, Freddie Jackson, Chanté Moore, Luther Vandross
983;Patti LaBelle;On My Own;Winner In You;album;2005;R&B;165;452412;3409392;"Patti LaBelle nació en Filadelfia, el 24 de Mayo de 1944, con el nombre de Patricia Holt. Creció cantando en el coro de una iglesia local hasta que, con 16 años, formó el grupo The Ordettes, junto a su amiga Cindy Birdsong. Un año depués, el grupo se llamó The Blue Belles, sumó a las vocalistas Nona Hendryx y Sarah Dash y, con la producción de Bobby Martin, colocó el tema 'I sold my heart to the junkman' en el Top 20 de R&B. En 1965, renombrado como Patti LaBelle & The Bluebelles y reconvertido en trío <a href=""https://www.last.fm/music/Patti+LaBelle"">Read more on Last.fm</a>";Stephanie Mills, Phyllis Hyman, Anita Baker, Luther Vandross, Deniece Williams
983;Patti LaBelle;Lady Marmalade;Best Of Patti Labelle;album;1987;R&B;165;452412;3409392;"Patti LaBelle nació en Filadelfia, el 24 de Mayo de 1944, con el nombre de Patricia Holt. Creció cantando en el coro de una iglesia local hasta que, con 16 años, formó el grupo The Ordettes, junto a su amiga Cindy Birdsong. Un año depués, el grupo se llamó The Blue Belles, sumó a las vocalistas Nona Hendryx y Sarah Dash y, con la producción de Bobby Martin, colocó el tema 'I sold my heart to the junkman' en el Top 20 de R&B. En 1965, renombrado como Patti LaBelle & The Bluebelles y reconvertido en trío <a href=""https://www.last.fm/music/Patti+LaBelle"">Read more on Last.fm</a>";Stephanie Mills, Phyllis Hyman, Anita Baker, Luther Vandross, Deniece Williams
983;Patti LaBelle;Ain't No Way (Album Version);Patti LaBelle: Classic Moments;colaboracion;2005;R&B;165;452412;3409392;"Patti LaBelle nació en Filadelfia, el 24 de Mayo de 1944, con el nombre de Patricia Holt. Creció cantando en el coro de una iglesia local hasta que, con 16 años, formó el grupo The Ordettes, junto a su amiga Cindy Birdsong. Un año depués, el grupo se llamó The Blue Belles, sumó a las vocalistas Nona Hendryx y Sarah Dash y, con la producción de Bobby Martin, colocó el tema 'I sold my heart to the junkman' en el Top 20 de R&B. En 1965, renombrado como Patti LaBelle & The Bluebelles y reconvertido en trío <a href=""https://www.last.fm/music/Patti+LaBelle"">Read more on Last.fm</a>";Stephanie Mills, Phyllis Hyman, Anita Baker, Luther Vandross, Deniece Williams
983;Patti LaBelle;"Stir It Up (From ""Beverly Hills Cop"" Soundtrack)";Classic Patti Labelle - The Universal Masters Collection;album;2001;Pop;132;452412;3409392;"Patti LaBelle nació en Filadelfia, el 24 de Mayo de 1944, con el nombre de Patricia Holt. Creció cantando en el coro de una iglesia local hasta que, con 16 años, formó el grupo The Ordettes, junto a su amiga Cindy Birdsong. Un año depués, el grupo se llamó The Blue Belles, sumó a las vocalistas Nona Hendryx y Sarah Dash y, con la producción de Bobby Martin, colocó el tema 'I sold my heart to the junkman' en el Top 20 de R&B. En 1965, renombrado como Patti LaBelle & The Bluebelles y reconvertido en trío <a href=""https://www.last.fm/music/Patti+LaBelle"">Read more on Last.fm</a>";Stephanie Mills, Phyllis Hyman, Anita Baker, Luther Vandross, Deniece Williams
983;Patti LaBelle;New Attitude;'80s Soul #1's;album;2007;;-1;452412;3409392;"Patti LaBelle nació en Filadelfia, el 24 de Mayo de 1944, con el nombre de Patricia Holt. Creció cantando en el coro de una iglesia local hasta que, con 16 años, formó el grupo The Ordettes, junto a su amiga Cindy Birdsong. Un año depués, el grupo se llamó The Blue Belles, sumó a las vocalistas Nona Hendryx y Sarah Dash y, con la producción de Bobby Martin, colocó el tema 'I sold my heart to the junkman' en el Top 20 de R&B. En 1965, renombrado como Patti LaBelle & The Bluebelles y reconvertido en trío <a href=""https://www.last.fm/music/Patti+LaBelle"">Read more on Last.fm</a>";Stephanie Mills, Phyllis Hyman, Anita Baker, Luther Vandross, Deniece Williams
983;Patti LaBelle;I Can Cook;Bel Hommage;album;2017;Jazz;129;452412;3409392;"Patti LaBelle nació en Filadelfia, el 24 de Mayo de 1944, con el nombre de Patricia Holt. Creció cantando en el coro de una iglesia local hasta que, con 16 años, formó el grupo The Ordettes, junto a su amiga Cindy Birdsong. Un año depués, el grupo se llamó The Blue Belles, sumó a las vocalistas Nona Hendryx y Sarah Dash y, con la producción de Bobby Martin, colocó el tema 'I sold my heart to the junkman' en el Top 20 de R&B. En 1965, renombrado como Patti LaBelle & The Bluebelles y reconvertido en trío <a href=""https://www.last.fm/music/Patti+LaBelle"">Read more on Last.fm</a>";Stephanie Mills, Phyllis Hyman, Anita Baker, Luther Vandross, Deniece Williams
983;Patti LaBelle;New Attitude (Remix);Classic Patti Labelle - The Universal Masters Collection;colaboracion;2001;Pop;132;452412;3409392;"Patti LaBelle nació en Filadelfia, el 24 de Mayo de 1944, con el nombre de Patricia Holt. Creció cantando en el coro de una iglesia local hasta que, con 16 años, formó el grupo The Ordettes, junto a su amiga Cindy Birdsong. Un año depués, el grupo se llamó The Blue Belles, sumó a las vocalistas Nona Hendryx y Sarah Dash y, con la producción de Bobby Martin, colocó el tema 'I sold my heart to the junkman' en el Top 20 de R&B. En 1965, renombrado como Patti LaBelle & The Bluebelles y reconvertido en trío <a href=""https://www.last.fm/music/Patti+LaBelle"">Read more on Last.fm</a>";Stephanie Mills, Phyllis Hyman, Anita Baker, Luther Vandross, Deniece Williams
983;Patti LaBelle;Imagine (Live at John F. Kennedy Stadium, 13th July 1985);Patti Labelle at Live Aid (Live at John F. Kennedy Stadium, 13th July 1985);single;2021;Pop;132;452412;3409392;"Patti LaBelle nació en Filadelfia, el 24 de Mayo de 1944, con el nombre de Patricia Holt. Creció cantando en el coro de una iglesia local hasta que, con 16 años, formó el grupo The Ordettes, junto a su amiga Cindy Birdsong. Un año depués, el grupo se llamó The Blue Belles, sumó a las vocalistas Nona Hendryx y Sarah Dash y, con la producción de Bobby Martin, colocó el tema 'I sold my heart to the junkman' en el Top 20 de R&B. En 1965, renombrado como Patti LaBelle & The Bluebelles y reconvertido en trío <a href=""https://www.last.fm/music/Patti+LaBelle"">Read more on Last.fm</a>";Stephanie Mills, Phyllis Hyman, Anita Baker, Luther Vandross, Deniece Williams
983;Patti LaBelle;Love, Need And Want You;The Essential Patti LaBelle;album;2008;R&B;165;452412;3409392;"Patti LaBelle nació en Filadelfia, el 24 de Mayo de 1944, con el nombre de Patricia Holt. Creció cantando en el coro de una iglesia local hasta que, con 16 años, formó el grupo The Ordettes, junto a su amiga Cindy Birdsong. Un año depués, el grupo se llamó The Blue Belles, sumó a las vocalistas Nona Hendryx y Sarah Dash y, con la producción de Bobby Martin, colocó el tema 'I sold my heart to the junkman' en el Top 20 de R&B. En 1965, renombrado como Patti LaBelle & The Bluebelles y reconvertido en trío <a href=""https://www.last.fm/music/Patti+LaBelle"">Read more on Last.fm</a>";Stephanie Mills, Phyllis Hyman, Anita Baker, Luther Vandross, Deniece Williams
983;Patti LaBelle;If Only You Knew;The Essential Patti LaBelle;album;2008;R&B;165;452412;3409392;"Patti LaBelle nació en Filadelfia, el 24 de Mayo de 1944, con el nombre de Patricia Holt. Creció cantando en el coro de una iglesia local hasta que, con 16 años, formó el grupo The Ordettes, junto a su amiga Cindy Birdsong. Un año depués, el grupo se llamó The Blue Belles, sumó a las vocalistas Nona Hendryx y Sarah Dash y, con la producción de Bobby Martin, colocó el tema 'I sold my heart to the junkman' en el Top 20 de R&B. En 1965, renombrado como Patti LaBelle & The Bluebelles y reconvertido en trío <a href=""https://www.last.fm/music/Patti+LaBelle"">Read more on Last.fm</a>";Stephanie Mills, Phyllis Hyman, Anita Baker, Luther Vandross, Deniece Williams
983;Patti LaBelle;Groovy Kind of Love;Over The Rainbow;colaboracion;2005;R&B;165;452412;3409392;"Patti LaBelle nació en Filadelfia, el 24 de Mayo de 1944, con el nombre de Patricia Holt. Creció cantando en el coro de una iglesia local hasta que, con 16 años, formó el grupo The Ordettes, junto a su amiga Cindy Birdsong. Un año depués, el grupo se llamó The Blue Belles, sumó a las vocalistas Nona Hendryx y Sarah Dash y, con la producción de Bobby Martin, colocó el tema 'I sold my heart to the junkman' en el Top 20 de R&B. En 1965, renombrado como Patti LaBelle & The Bluebelles y reconvertido en trío <a href=""https://www.last.fm/music/Patti+LaBelle"">Read more on Last.fm</a>";Stephanie Mills, Phyllis Hyman, Anita Baker, Luther Vandross, Deniece Williams
983;Patti LaBelle;The Spirit's In It;The Essential Patti LaBelle;album;2008;R&B;165;452412;3409392;"Patti LaBelle nació en Filadelfia, el 24 de Mayo de 1944, con el nombre de Patricia Holt. Creció cantando en el coro de una iglesia local hasta que, con 16 años, formó el grupo The Ordettes, junto a su amiga Cindy Birdsong. Un año depués, el grupo se llamó The Blue Belles, sumó a las vocalistas Nona Hendryx y Sarah Dash y, con la producción de Bobby Martin, colocó el tema 'I sold my heart to the junkman' en el Top 20 de R&B. En 1965, renombrado como Patti LaBelle & The Bluebelles y reconvertido en trío <a href=""https://www.last.fm/music/Patti+LaBelle"">Read more on Last.fm</a>";Stephanie Mills, Phyllis Hyman, Anita Baker, Luther Vandross, Deniece Williams
983;Patti LaBelle;You Are My Friend;Best Of Patti Labelle;album;1987;R&B;165;452412;3409392;"Patti LaBelle nació en Filadelfia, el 24 de Mayo de 1944, con el nombre de Patricia Holt. Creció cantando en el coro de una iglesia local hasta que, con 16 años, formó el grupo The Ordettes, junto a su amiga Cindy Birdsong. Un año depués, el grupo se llamó The Blue Belles, sumó a las vocalistas Nona Hendryx y Sarah Dash y, con la producción de Bobby Martin, colocó el tema 'I sold my heart to the junkman' en el Top 20 de R&B. En 1965, renombrado como Patti LaBelle & The Bluebelles y reconvertido en trío <a href=""https://www.last.fm/music/Patti+LaBelle"">Read more on Last.fm</a>";Stephanie Mills, Phyllis Hyman, Anita Baker, Luther Vandross, Deniece Williams
983;Patti LaBelle;New Attitude;80's Drive - R&B -;album;2023;R&B;165;452412;3409392;"Patti LaBelle nació en Filadelfia, el 24 de Mayo de 1944, con el nombre de Patricia Holt. Creció cantando en el coro de una iglesia local hasta que, con 16 años, formó el grupo The Ordettes, junto a su amiga Cindy Birdsong. Un año depués, el grupo se llamó The Blue Belles, sumó a las vocalistas Nona Hendryx y Sarah Dash y, con la producción de Bobby Martin, colocó el tema 'I sold my heart to the junkman' en el Top 20 de R&B. En 1965, renombrado como Patti LaBelle & The Bluebelles y reconvertido en trío <a href=""https://www.last.fm/music/Patti+LaBelle"">Read more on Last.fm</a>";Stephanie Mills, Phyllis Hyman, Anita Baker, Luther Vandross, Deniece Williams
983;Patti LaBelle;Come What May;Best Of Patti Labelle;album;1987;R&B;165;452412;3409392;"Patti LaBelle nació en Filadelfia, el 24 de Mayo de 1944, con el nombre de Patricia Holt. Creció cantando en el coro de una iglesia local hasta que, con 16 años, formó el grupo The Ordettes, junto a su amiga Cindy Birdsong. Un año depués, el grupo se llamó The Blue Belles, sumó a las vocalistas Nona Hendryx y Sarah Dash y, con la producción de Bobby Martin, colocó el tema 'I sold my heart to the junkman' en el Top 20 de R&B. En 1965, renombrado como Patti LaBelle & The Bluebelles y reconvertido en trío <a href=""https://www.last.fm/music/Patti+LaBelle"">Read more on Last.fm</a>";Stephanie Mills, Phyllis Hyman, Anita Baker, Luther Vandross, Deniece Williams
983;Patti LaBelle;The Right Kinda Lover;Gems;album;2007;R&B;165;452412;3409392;"Patti LaBelle nació en Filadelfia, el 24 de Mayo de 1944, con el nombre de Patricia Holt. Creció cantando en el coro de una iglesia local hasta que, con 16 años, formó el grupo The Ordettes, junto a su amiga Cindy Birdsong. Un año depués, el grupo se llamó The Blue Belles, sumó a las vocalistas Nona Hendryx y Sarah Dash y, con la producción de Bobby Martin, colocó el tema 'I sold my heart to the junkman' en el Top 20 de R&B. En 1965, renombrado como Patti LaBelle & The Bluebelles y reconvertido en trío <a href=""https://www.last.fm/music/Patti+LaBelle"">Read more on Last.fm</a>";Stephanie Mills, Phyllis Hyman, Anita Baker, Luther Vandross, Deniece Williams
983;Patti LaBelle;When Am I Gonna Find True Love;I'm In Love Again;album;2000;Pop;132;452412;3409392;"Patti LaBelle nació en Filadelfia, el 24 de Mayo de 1944, con el nombre de Patricia Holt. Creció cantando en el coro de una iglesia local hasta que, con 16 años, formó el grupo The Ordettes, junto a su amiga Cindy Birdsong. Un año depués, el grupo se llamó The Blue Belles, sumó a las vocalistas Nona Hendryx y Sarah Dash y, con la producción de Bobby Martin, colocó el tema 'I sold my heart to the junkman' en el Top 20 de R&B. En 1965, renombrado como Patti LaBelle & The Bluebelles y reconvertido en trío <a href=""https://www.last.fm/music/Patti+LaBelle"">Read more on Last.fm</a>";Stephanie Mills, Phyllis Hyman, Anita Baker, Luther Vandross, Deniece Williams
983;Patti LaBelle;If You Asked Me To;Licence To Kill (Original Motion Picture Soundtrack);album;2012;Películas/Juegos;173;452412;3409392;"Patti LaBelle nació en Filadelfia, el 24 de Mayo de 1944, con el nombre de Patricia Holt. Creció cantando en el coro de una iglesia local hasta que, con 16 años, formó el grupo The Ordettes, junto a su amiga Cindy Birdsong. Un año depués, el grupo se llamó The Blue Belles, sumó a las vocalistas Nona Hendryx y Sarah Dash y, con la producción de Bobby Martin, colocó el tema 'I sold my heart to the junkman' en el Top 20 de R&B. En 1965, renombrado como Patti LaBelle & The Bluebelles y reconvertido en trío <a href=""https://www.last.fm/music/Patti+LaBelle"">Read more on Last.fm</a>";Stephanie Mills, Phyllis Hyman, Anita Baker, Luther Vandross, Deniece Williams
983;Patti LaBelle;Release;Released (Expanded Edition);album;1980;R&B;165;452412;3409392;"Patti LaBelle nació en Filadelfia, el 24 de Mayo de 1944, con el nombre de Patricia Holt. Creció cantando en el coro de una iglesia local hasta que, con 16 años, formó el grupo The Ordettes, junto a su amiga Cindy Birdsong. Un año depués, el grupo se llamó The Blue Belles, sumó a las vocalistas Nona Hendryx y Sarah Dash y, con la producción de Bobby Martin, colocó el tema 'I sold my heart to the junkman' en el Top 20 de R&B. En 1965, renombrado como Patti LaBelle & The Bluebelles y reconvertido en trío <a href=""https://www.last.fm/music/Patti+LaBelle"">Read more on Last.fm</a>";Stephanie Mills, Phyllis Hyman, Anita Baker, Luther Vandross, Deniece Williams
983;Patti LaBelle;It's Alright With Me;Best Of Patti Labelle;album;1987;R&B;165;452412;3409392;"Patti LaBelle nació en Filadelfia, el 24 de Mayo de 1944, con el nombre de Patricia Holt. Creció cantando en el coro de una iglesia local hasta que, con 16 años, formó el grupo The Ordettes, junto a su amiga Cindy Birdsong. Un año depués, el grupo se llamó The Blue Belles, sumó a las vocalistas Nona Hendryx y Sarah Dash y, con la producción de Bobby Martin, colocó el tema 'I sold my heart to the junkman' en el Top 20 de R&B. En 1965, renombrado como Patti LaBelle & The Bluebelles y reconvertido en trío <a href=""https://www.last.fm/music/Patti+LaBelle"">Read more on Last.fm</a>";Stephanie Mills, Phyllis Hyman, Anita Baker, Luther Vandross, Deniece Williams
983;Patti LaBelle;Oh, People;Classic Patti Labelle - The Universal Masters Collection;album;2001;Pop;132;452412;3409392;"Patti LaBelle nació en Filadelfia, el 24 de Mayo de 1944, con el nombre de Patricia Holt. Creció cantando en el coro de una iglesia local hasta que, con 16 años, formó el grupo The Ordettes, junto a su amiga Cindy Birdsong. Un año depués, el grupo se llamó The Blue Belles, sumó a las vocalistas Nona Hendryx y Sarah Dash y, con la producción de Bobby Martin, colocó el tema 'I sold my heart to the junkman' en el Top 20 de R&B. En 1965, renombrado como Patti LaBelle & The Bluebelles y reconvertido en trío <a href=""https://www.last.fm/music/Patti+LaBelle"">Read more on Last.fm</a>";Stephanie Mills, Phyllis Hyman, Anita Baker, Luther Vandross, Deniece Williams
983;Patti LaBelle;New Day;Timeless Journey;album;2007;R&B;165;452412;3409392;"Patti LaBelle nació en Filadelfia, el 24 de Mayo de 1944, con el nombre de Patricia Holt. Creció cantando en el coro de una iglesia local hasta que, con 16 años, formó el grupo The Ordettes, junto a su amiga Cindy Birdsong. Un año depués, el grupo se llamó The Blue Belles, sumó a las vocalistas Nona Hendryx y Sarah Dash y, con la producción de Bobby Martin, colocó el tema 'I sold my heart to the junkman' en el Top 20 de R&B. En 1965, renombrado como Patti LaBelle & The Bluebelles y reconvertido en trío <a href=""https://www.last.fm/music/Patti+LaBelle"">Read more on Last.fm</a>";Stephanie Mills, Phyllis Hyman, Anita Baker, Luther Vandross, Deniece Williams
983;Patti LaBelle;All This Love (Album Version);Gems;album;2007;R&B;165;452412;3409392;"Patti LaBelle nació en Filadelfia, el 24 de Mayo de 1944, con el nombre de Patricia Holt. Creció cantando en el coro de una iglesia local hasta que, con 16 años, formó el grupo The Ordettes, junto a su amiga Cindy Birdsong. Un año depués, el grupo se llamó The Blue Belles, sumó a las vocalistas Nona Hendryx y Sarah Dash y, con la producción de Bobby Martin, colocó el tema 'I sold my heart to the junkman' en el Top 20 de R&B. En 1965, renombrado como Patti LaBelle & The Bluebelles y reconvertido en trío <a href=""https://www.last.fm/music/Patti+LaBelle"">Read more on Last.fm</a>";Stephanie Mills, Phyllis Hyman, Anita Baker, Luther Vandross, Deniece Williams
983;Patti LaBelle;Come As You Are (Album Version);Gems;album;2007;R&B;165;452412;3409392;"Patti LaBelle nació en Filadelfia, el 24 de Mayo de 1944, con el nombre de Patricia Holt. Creció cantando en el coro de una iglesia local hasta que, con 16 años, formó el grupo The Ordettes, junto a su amiga Cindy Birdsong. Un año depués, el grupo se llamó The Blue Belles, sumó a las vocalistas Nona Hendryx y Sarah Dash y, con la producción de Bobby Martin, colocó el tema 'I sold my heart to the junkman' en el Top 20 de R&B. En 1965, renombrado como Patti LaBelle & The Bluebelles y reconvertido en trío <a href=""https://www.last.fm/music/Patti+LaBelle"">Read more on Last.fm</a>";Stephanie Mills, Phyllis Hyman, Anita Baker, Luther Vandross, Deniece Williams
983;Patti LaBelle;The Jazz in You;Bel Hommage;album;2017;Jazz;129;452412;3409392;"Patti LaBelle nació en Filadelfia, el 24 de Mayo de 1944, con el nombre de Patricia Holt. Creció cantando en el coro de una iglesia local hasta que, con 16 años, formó el grupo The Ordettes, junto a su amiga Cindy Birdsong. Un año depués, el grupo se llamó The Blue Belles, sumó a las vocalistas Nona Hendryx y Sarah Dash y, con la producción de Bobby Martin, colocó el tema 'I sold my heart to the junkman' en el Top 20 de R&B. En 1965, renombrado como Patti LaBelle & The Bluebelles y reconvertido en trío <a href=""https://www.last.fm/music/Patti+LaBelle"">Read more on Last.fm</a>";Stephanie Mills, Phyllis Hyman, Anita Baker, Luther Vandross, Deniece Williams
983;Patti LaBelle;Over The Rainbow;The Essential Patti LaBelle;album;2008;R&B;165;452412;3409392;"Patti LaBelle nació en Filadelfia, el 24 de Mayo de 1944, con el nombre de Patricia Holt. Creció cantando en el coro de una iglesia local hasta que, con 16 años, formó el grupo The Ordettes, junto a su amiga Cindy Birdsong. Un año depués, el grupo se llamó The Blue Belles, sumó a las vocalistas Nona Hendryx y Sarah Dash y, con la producción de Bobby Martin, colocó el tema 'I sold my heart to the junkman' en el Top 20 de R&B. En 1965, renombrado como Patti LaBelle & The Bluebelles y reconvertido en trío <a href=""https://www.last.fm/music/Patti+LaBelle"">Read more on Last.fm</a>";Stephanie Mills, Phyllis Hyman, Anita Baker, Luther Vandross, Deniece Williams
983;Patti LaBelle;Funky Music;Patti Labelle (Expanded Edition);album;1977;R&B;165;452412;3409392;"Patti LaBelle nació en Filadelfia, el 24 de Mayo de 1944, con el nombre de Patricia Holt. Creció cantando en el coro de una iglesia local hasta que, con 16 años, formó el grupo The Ordettes, junto a su amiga Cindy Birdsong. Un año depués, el grupo se llamó The Blue Belles, sumó a las vocalistas Nona Hendryx y Sarah Dash y, con la producción de Bobby Martin, colocó el tema 'I sold my heart to the junkman' en el Top 20 de R&B. En 1965, renombrado como Patti LaBelle & The Bluebelles y reconvertido en trío <a href=""https://www.last.fm/music/Patti+LaBelle"">Read more on Last.fm</a>";Stephanie Mills, Phyllis Hyman, Anita Baker, Luther Vandross, Deniece Williams
983;Patti LaBelle;If You Don't Know Me By Now;Patti;album;1985;R&B;165;452412;3409392;"Patti LaBelle nació en Filadelfia, el 24 de Mayo de 1944, con el nombre de Patricia Holt. Creció cantando en el coro de una iglesia local hasta que, con 16 años, formó el grupo The Ordettes, junto a su amiga Cindy Birdsong. Un año depués, el grupo se llamó The Blue Belles, sumó a las vocalistas Nona Hendryx y Sarah Dash y, con la producción de Bobby Martin, colocó el tema 'I sold my heart to the junkman' en el Top 20 de R&B. En 1965, renombrado como Patti LaBelle & The Bluebelles y reconvertido en trío <a href=""https://www.last.fm/music/Patti+LaBelle"">Read more on Last.fm</a>";Stephanie Mills, Phyllis Hyman, Anita Baker, Luther Vandross, Deniece Williams
983;Patti LaBelle;I Think About You;Love Songs;album;2001;R&B;165;452412;3409392;"Patti LaBelle nació en Filadelfia, el 24 de Mayo de 1944, con el nombre de Patricia Holt. Creció cantando en el coro de una iglesia local hasta que, con 16 años, formó el grupo The Ordettes, junto a su amiga Cindy Birdsong. Un año depués, el grupo se llamó The Blue Belles, sumó a las vocalistas Nona Hendryx y Sarah Dash y, con la producción de Bobby Martin, colocó el tema 'I sold my heart to the junkman' en el Top 20 de R&B. En 1965, renombrado como Patti LaBelle & The Bluebelles y reconvertido en trío <a href=""https://www.last.fm/music/Patti+LaBelle"">Read more on Last.fm</a>";Stephanie Mills, Phyllis Hyman, Anita Baker, Luther Vandross, Deniece Williams
983;Patti LaBelle;Sleep With Me Tonight (Album Version);Winner In You;album;2005;R&B;165;452412;3409392;"Patti LaBelle nació en Filadelfia, el 24 de Mayo de 1944, con el nombre de Patricia Holt. Creció cantando en el coro de una iglesia local hasta que, con 16 años, formó el grupo The Ordettes, junto a su amiga Cindy Birdsong. Un año depués, el grupo se llamó The Blue Belles, sumó a las vocalistas Nona Hendryx y Sarah Dash y, con la producción de Bobby Martin, colocó el tema 'I sold my heart to the junkman' en el Top 20 de R&B. En 1965, renombrado como Patti LaBelle & The Bluebelles y reconvertido en trío <a href=""https://www.last.fm/music/Patti+LaBelle"">Read more on Last.fm</a>";Stephanie Mills, Phyllis Hyman, Anita Baker, Luther Vandross, Deniece Williams
983;Patti LaBelle;Yo Mister;Be Yourself;colaboracion;2008;R&B;165;452412;3409392;"Patti LaBelle nació en Filadelfia, el 24 de Mayo de 1944, con el nombre de Patricia Holt. Creció cantando en el coro de una iglesia local hasta que, con 16 años, formó el grupo The Ordettes, junto a su amiga Cindy Birdsong. Un año depués, el grupo se llamó The Blue Belles, sumó a las vocalistas Nona Hendryx y Sarah Dash y, con la producción de Bobby Martin, colocó el tema 'I sold my heart to the junkman' en el Top 20 de R&B. En 1965, renombrado como Patti LaBelle & The Bluebelles y reconvertido en trío <a href=""https://www.last.fm/music/Patti+LaBelle"">Read more on Last.fm</a>";Stephanie Mills, Phyllis Hyman, Anita Baker, Luther Vandross, Deniece Williams
983;Patti LaBelle;Over the Rainbow;Over The Rainbow;colaboracion;2005;R&B;165;452412;3409392;"Patti LaBelle nació en Filadelfia, el 24 de Mayo de 1944, con el nombre de Patricia Holt. Creció cantando en el coro de una iglesia local hasta que, con 16 años, formó el grupo The Ordettes, junto a su amiga Cindy Birdsong. Un año depués, el grupo se llamó The Blue Belles, sumó a las vocalistas Nona Hendryx y Sarah Dash y, con la producción de Bobby Martin, colocó el tema 'I sold my heart to the junkman' en el Top 20 de R&B. En 1965, renombrado como Patti LaBelle & The Bluebelles y reconvertido en trío <a href=""https://www.last.fm/music/Patti+LaBelle"">Read more on Last.fm</a>";Stephanie Mills, Phyllis Hyman, Anita Baker, Luther Vandross, Deniece Williams
983;Patti LaBelle;Don't Make Your Angel Cry (Album Version);Lady Marmalade: The Best Of Patti & Labelle;album;1995;R&B;165;452412;3409392;"Patti LaBelle nació en Filadelfia, el 24 de Mayo de 1944, con el nombre de Patricia Holt. Creció cantando en el coro de una iglesia local hasta que, con 16 años, formó el grupo The Ordettes, junto a su amiga Cindy Birdsong. Un año depués, el grupo se llamó The Blue Belles, sumó a las vocalistas Nona Hendryx y Sarah Dash y, con la producción de Bobby Martin, colocó el tema 'I sold my heart to the junkman' en el Top 20 de R&B. En 1965, renombrado como Patti LaBelle & The Bluebelles y reconvertido en trío <a href=""https://www.last.fm/music/Patti+LaBelle"">Read more on Last.fm</a>";Stephanie Mills, Phyllis Hyman, Anita Baker, Luther Vandross, Deniece Williams
983;Patti LaBelle;My Love, Sweet Love (from Waiting to Exhale - Original Soundtrack);Waiting To Exhale (Original Soundtrack Album);album;1995;Películas/Juegos;173;452412;3409392;"Patti LaBelle nació en Filadelfia, el 24 de Mayo de 1944, con el nombre de Patricia Holt. Creció cantando en el coro de una iglesia local hasta que, con 16 años, formó el grupo The Ordettes, junto a su amiga Cindy Birdsong. Un año depués, el grupo se llamó The Blue Belles, sumó a las vocalistas Nona Hendryx y Sarah Dash y, con la producción de Bobby Martin, colocó el tema 'I sold my heart to the junkman' en el Top 20 de R&B. En 1965, renombrado como Patti LaBelle & The Bluebelles y reconvertido en trío <a href=""https://www.last.fm/music/Patti+LaBelle"">Read more on Last.fm</a>";Stephanie Mills, Phyllis Hyman, Anita Baker, Luther Vandross, Deniece Williams
983;Patti LaBelle;Joy to Have Your Love;Best Of Patti Labelle;album;1987;R&B;165;452412;3409392;"Patti LaBelle nació en Filadelfia, el 24 de Mayo de 1944, con el nombre de Patricia Holt. Creció cantando en el coro de una iglesia local hasta que, con 16 años, formó el grupo The Ordettes, junto a su amiga Cindy Birdsong. Un año depués, el grupo se llamó The Blue Belles, sumó a las vocalistas Nona Hendryx y Sarah Dash y, con la producción de Bobby Martin, colocó el tema 'I sold my heart to the junkman' en el Top 20 de R&B. En 1965, renombrado como Patti LaBelle & The Bluebelles y reconvertido en trío <a href=""https://www.last.fm/music/Patti+LaBelle"">Read more on Last.fm</a>";Stephanie Mills, Phyllis Hyman, Anita Baker, Luther Vandross, Deniece Williams
983;Patti LaBelle;I Don't Go Shopping;Best Of Patti Labelle;album;1987;R&B;165;452412;3409392;"Patti LaBelle nació en Filadelfia, el 24 de Mayo de 1944, con el nombre de Patricia Holt. Creció cantando en el coro de una iglesia local hasta que, con 16 años, formó el grupo The Ordettes, junto a su amiga Cindy Birdsong. Un año depués, el grupo se llamó The Blue Belles, sumó a las vocalistas Nona Hendryx y Sarah Dash y, con la producción de Bobby Martin, colocó el tema 'I sold my heart to the junkman' en el Top 20 de R&B. En 1965, renombrado como Patti LaBelle & The Bluebelles y reconvertido en trío <a href=""https://www.last.fm/music/Patti+LaBelle"">Read more on Last.fm</a>";Stephanie Mills, Phyllis Hyman, Anita Baker, Luther Vandross, Deniece Williams
983;Patti LaBelle;Little Girls;Best Of Patti Labelle;album;1987;R&B;165;452412;3409392;"Patti LaBelle nació en Filadelfia, el 24 de Mayo de 1944, con el nombre de Patricia Holt. Creció cantando en el coro de una iglesia local hasta que, con 16 años, formó el grupo The Ordettes, junto a su amiga Cindy Birdsong. Un año depués, el grupo se llamó The Blue Belles, sumó a las vocalistas Nona Hendryx y Sarah Dash y, con la producción de Bobby Martin, colocó el tema 'I sold my heart to the junkman' en el Top 20 de R&B. En 1965, renombrado como Patti LaBelle & The Bluebelles y reconvertido en trío <a href=""https://www.last.fm/music/Patti+LaBelle"">Read more on Last.fm</a>";Stephanie Mills, Phyllis Hyman, Anita Baker, Luther Vandross, Deniece Williams
983;Patti LaBelle;Music Is My Way of Life;Best Of Patti Labelle;album;1987;R&B;165;452412;3409392;"Patti LaBelle nació en Filadelfia, el 24 de Mayo de 1944, con el nombre de Patricia Holt. Creció cantando en el coro de una iglesia local hasta que, con 16 años, formó el grupo The Ordettes, junto a su amiga Cindy Birdsong. Un año depués, el grupo se llamó The Blue Belles, sumó a las vocalistas Nona Hendryx y Sarah Dash y, con la producción de Bobby Martin, colocó el tema 'I sold my heart to the junkman' en el Top 20 de R&B. En 1965, renombrado como Patti LaBelle & The Bluebelles y reconvertido en trío <a href=""https://www.last.fm/music/Patti+LaBelle"">Read more on Last.fm</a>";Stephanie Mills, Phyllis Hyman, Anita Baker, Luther Vandross, Deniece Williams
66064;Patti Labelle & The Bluebelles;Go On (This Is Goodbye);Patti Labelle & The Bluebelles - I Sold My Heart To The Junkman;album;2016;R&B;165;;;;
8741;Dolly Parton;Jolene;Jolene;album;1974;;-1;2300763;37261905;"Dolly Rebecca Parton (19 de enero de 1946, Sevierville, Tennessee) es una cantante country, compositora y actriz estadounidense.

Nacida en una familia pobre, comenzó a cantar de niña en la radio local. A los doce años actuó cantando frente a las cámaras de televisión en diversos anuncios y al acabar la secundaria se mudó a Nashville donde comenzó su carrera profesional.

Desde 1967 hasta 1974 formó parte del programa del cantante Porter Wagoner. <a href=""https://www.last.fm/music/Dolly+Parton"">Read more on Last.fm</a>";Porter Wagoner & Dolly Parton, Reba McEntire, Loretta Lynn, Tammy Wynette, Dolly Parton, Linda Ronstadt & Emmylou Harris
8741;Dolly Parton;9 to 5;9 To 5 And Odd Jobs;album;1980;;-1;2300763;37261905;"Dolly Rebecca Parton (19 de enero de 1946, Sevierville, Tennessee) es una cantante country, compositora y actriz estadounidense.

Nacida en una familia pobre, comenzó a cantar de niña en la radio local. A los doce años actuó cantando frente a las cámaras de televisión en diversos anuncios y al acabar la secundaria se mudó a Nashville donde comenzó su carrera profesional.

Desde 1967 hasta 1974 formó parte del programa del cantante Porter Wagoner. <a href=""https://www.last.fm/music/Dolly+Parton"">Read more on Last.fm</a>";Porter Wagoner & Dolly Parton, Reba McEntire, Loretta Lynn, Tammy Wynette, Dolly Parton, Linda Ronstadt & Emmylou Harris
8741;Dolly Parton;Islands In the Stream;The Very Best Of Dolly Parton;colaboracion;2007;;-1;2300763;37261905;"Dolly Rebecca Parton (19 de enero de 1946, Sevierville, Tennessee) es una cantante country, compositora y actriz estadounidense.

Nacida en una familia pobre, comenzó a cantar de niña en la radio local. A los doce años actuó cantando frente a las cámaras de televisión en diversos anuncios y al acabar la secundaria se mudó a Nashville donde comenzó su carrera profesional.

Desde 1967 hasta 1974 formó parte del programa del cantante Porter Wagoner. <a href=""https://www.last.fm/music/Dolly+Parton"">Read more on Last.fm</a>";Porter Wagoner & Dolly Parton, Reba McEntire, Loretta Lynn, Tammy Wynette, Dolly Parton, Linda Ronstadt & Emmylou Harris
8741;Dolly Parton;I Will Always Love You;Jolene (Expanded Edition);album;1974;;-1;2300763;37261905;"Dolly Rebecca Parton (19 de enero de 1946, Sevierville, Tennessee) es una cantante country, compositora y actriz estadounidense.

Nacida en una familia pobre, comenzó a cantar de niña en la radio local. A los doce años actuó cantando frente a las cámaras de televisión en diversos anuncios y al acabar la secundaria se mudó a Nashville donde comenzó su carrera profesional.

Desde 1967 hasta 1974 formó parte del programa del cantante Porter Wagoner. <a href=""https://www.last.fm/music/Dolly+Parton"">Read more on Last.fm</a>";Porter Wagoner & Dolly Parton, Reba McEntire, Loretta Lynn, Tammy Wynette, Dolly Parton, Linda Ronstadt & Emmylou Harris
8741;Dolly Parton;Coat of Many Colors;Coat Of Many Colors;album;1971;;-1;2300763;37261905;"Dolly Rebecca Parton (19 de enero de 1946, Sevierville, Tennessee) es una cantante country, compositora y actriz estadounidense.

Nacida en una familia pobre, comenzó a cantar de niña en la radio local. A los doce años actuó cantando frente a las cámaras de televisión en diversos anuncios y al acabar la secundaria se mudó a Nashville donde comenzó su carrera profesional.

Desde 1967 hasta 1974 formó parte del programa del cantante Porter Wagoner. <a href=""https://www.last.fm/music/Dolly+Parton"">Read more on Last.fm</a>";Porter Wagoner & Dolly Parton, Reba McEntire, Loretta Lynn, Tammy Wynette, Dolly Parton, Linda Ronstadt & Emmylou Harris
8741;Dolly Parton;Mr. Sandman;The Complete Trio Collection (Deluxe Edition);colaboracion;2016;;-1;2300763;37261905;"Dolly Rebecca Parton (19 de enero de 1946, Sevierville, Tennessee) es una cantante country, compositora y actriz estadounidense.

Nacida en una familia pobre, comenzó a cantar de niña en la radio local. A los doce años actuó cantando frente a las cámaras de televisión en diversos anuncios y al acabar la secundaria se mudó a Nashville donde comenzó su carrera profesional.

Desde 1967 hasta 1974 formó parte del programa del cantante Porter Wagoner. <a href=""https://www.last.fm/music/Dolly+Parton"">Read more on Last.fm</a>";Porter Wagoner & Dolly Parton, Reba McEntire, Loretta Lynn, Tammy Wynette, Dolly Parton, Linda Ronstadt & Emmylou Harris
8741;Dolly Parton;Dumb Blonde;The Essential Dolly Parton;album;2005;Pop;132;2300763;37261905;"Dolly Rebecca Parton (19 de enero de 1946, Sevierville, Tennessee) es una cantante country, compositora y actriz estadounidense.

Nacida en una familia pobre, comenzó a cantar de niña en la radio local. A los doce años actuó cantando frente a las cámaras de televisión en diversos anuncios y al acabar la secundaria se mudó a Nashville donde comenzó su carrera profesional.

Desde 1967 hasta 1974 formó parte del programa del cantante Porter Wagoner. <a href=""https://www.last.fm/music/Dolly+Parton"">Read more on Last.fm</a>";Porter Wagoner & Dolly Parton, Reba McEntire, Loretta Lynn, Tammy Wynette, Dolly Parton, Linda Ronstadt & Emmylou Harris
8741;Dolly Parton;Here You Come Again;Here You Come Again;album;1977;;-1;2300763;37261905;"Dolly Rebecca Parton (19 de enero de 1946, Sevierville, Tennessee) es una cantante country, compositora y actriz estadounidense.

Nacida en una familia pobre, comenzó a cantar de niña en la radio local. A los doce años actuó cantando frente a las cámaras de televisión en diversos anuncios y al acabar la secundaria se mudó a Nashville donde comenzó su carrera profesional.

Desde 1967 hasta 1974 formó parte del programa del cantante Porter Wagoner. <a href=""https://www.last.fm/music/Dolly+Parton"">Read more on Last.fm</a>";Porter Wagoner & Dolly Parton, Reba McEntire, Loretta Lynn, Tammy Wynette, Dolly Parton, Linda Ronstadt & Emmylou Harris
8741;Dolly Parton;Wildflowers (2015 Remaster);Trio (2016 Remaster);colaboracion;1987;;-1;2300763;37261905;"Dolly Rebecca Parton (19 de enero de 1946, Sevierville, Tennessee) es una cantante country, compositora y actriz estadounidense.

Nacida en una familia pobre, comenzó a cantar de niña en la radio local. A los doce años actuó cantando frente a las cámaras de televisión en diversos anuncios y al acabar la secundaria se mudó a Nashville donde comenzó su carrera profesional.

Desde 1967 hasta 1974 formó parte del programa del cantante Porter Wagoner. <a href=""https://www.last.fm/music/Dolly+Parton"">Read more on Last.fm</a>";Porter Wagoner & Dolly Parton, Reba McEntire, Loretta Lynn, Tammy Wynette, Dolly Parton, Linda Ronstadt & Emmylou Harris
8741;Dolly Parton;I Hate Myself For Loving You;Rockstar;colaboracion;2023;Rock;152;2300763;37261905;"Dolly Rebecca Parton (19 de enero de 1946, Sevierville, Tennessee) es una cantante country, compositora y actriz estadounidense.

Nacida en una familia pobre, comenzó a cantar de niña en la radio local. A los doce años actuó cantando frente a las cámaras de televisión en diversos anuncios y al acabar la secundaria se mudó a Nashville donde comenzó su carrera profesional.

Desde 1967 hasta 1974 formó parte del programa del cantante Porter Wagoner. <a href=""https://www.last.fm/music/Dolly+Parton"">Read more on Last.fm</a>";Porter Wagoner & Dolly Parton, Reba McEntire, Loretta Lynn, Tammy Wynette, Dolly Parton, Linda Ronstadt & Emmylou Harris
8741;Dolly Parton;The Bargain Store;The Bargain Store;album;1975;;-1;2300763;37261905;"Dolly Rebecca Parton (19 de enero de 1946, Sevierville, Tennessee) es una cantante country, compositora y actriz estadounidense.

Nacida en una familia pobre, comenzó a cantar de niña en la radio local. A los doce años actuó cantando frente a las cámaras de televisión en diversos anuncios y al acabar la secundaria se mudó a Nashville donde comenzó su carrera profesional.

Desde 1967 hasta 1974 formó parte del programa del cantante Porter Wagoner. <a href=""https://www.last.fm/music/Dolly+Parton"">Read more on Last.fm</a>";Porter Wagoner & Dolly Parton, Reba McEntire, Loretta Lynn, Tammy Wynette, Dolly Parton, Linda Ronstadt & Emmylou Harris
8741;Dolly Parton;Baby, I Love Your Way;Rockstar;colaboracion;2023;Rock;152;2300763;37261905;"Dolly Rebecca Parton (19 de enero de 1946, Sevierville, Tennessee) es una cantante country, compositora y actriz estadounidense.

Nacida en una familia pobre, comenzó a cantar de niña en la radio local. A los doce años actuó cantando frente a las cámaras de televisión en diversos anuncios y al acabar la secundaria se mudó a Nashville donde comenzó su carrera profesional.

Desde 1967 hasta 1974 formó parte del programa del cantante Porter Wagoner. <a href=""https://www.last.fm/music/Dolly+Parton"">Read more on Last.fm</a>";Porter Wagoner & Dolly Parton, Reba McEntire, Loretta Lynn, Tammy Wynette, Dolly Parton, Linda Ronstadt & Emmylou Harris
8741;Dolly Parton;Love Is Like a Butterfly;The Very Best Of Dolly Parton;album;2007;;-1;2300763;37261905;"Dolly Rebecca Parton (19 de enero de 1946, Sevierville, Tennessee) es una cantante country, compositora y actriz estadounidense.

Nacida en una familia pobre, comenzó a cantar de niña en la radio local. A los doce años actuó cantando frente a las cámaras de televisión en diversos anuncios y al acabar la secundaria se mudó a Nashville donde comenzó su carrera profesional.

Desde 1967 hasta 1974 formó parte del programa del cantante Porter Wagoner. <a href=""https://www.last.fm/music/Dolly+Parton"">Read more on Last.fm</a>";Porter Wagoner & Dolly Parton, Reba McEntire, Loretta Lynn, Tammy Wynette, Dolly Parton, Linda Ronstadt & Emmylou Harris
8741;Dolly Parton;Silver Threads and Golden Needles;Honky Tonk Angels;colaboracion;1993;;-1;2300763;37261905;"Dolly Rebecca Parton (19 de enero de 1946, Sevierville, Tennessee) es una cantante country, compositora y actriz estadounidense.

Nacida en una familia pobre, comenzó a cantar de niña en la radio local. A los doce años actuó cantando frente a las cámaras de televisión en diversos anuncios y al acabar la secundaria se mudó a Nashville donde comenzó su carrera profesional.

Desde 1967 hasta 1974 formó parte del programa del cantante Porter Wagoner. <a href=""https://www.last.fm/music/Dolly+Parton"">Read more on Last.fm</a>";Porter Wagoner & Dolly Parton, Reba McEntire, Loretta Lynn, Tammy Wynette, Dolly Parton, Linda Ronstadt & Emmylou Harris
8741;Dolly Parton;Heart Of Glass;Rockstar;colaboracion;2023;Rock;152;2300763;37261905;"Dolly Rebecca Parton (19 de enero de 1946, Sevierville, Tennessee) es una cantante country, compositora y actriz estadounidense.

Nacida en una familia pobre, comenzó a cantar de niña en la radio local. A los doce años actuó cantando frente a las cámaras de televisión en diversos anuncios y al acabar la secundaria se mudó a Nashville donde comenzó su carrera profesional.

Desde 1967 hasta 1974 formó parte del programa del cantante Porter Wagoner. <a href=""https://www.last.fm/music/Dolly+Parton"">Read more on Last.fm</a>";Porter Wagoner & Dolly Parton, Reba McEntire, Loretta Lynn, Tammy Wynette, Dolly Parton, Linda Ronstadt & Emmylou Harris
8741;Dolly Parton;Wrecking Ball;Rockstar;colaboracion;2023;Rock;152;2300763;37261905;"Dolly Rebecca Parton (19 de enero de 1946, Sevierville, Tennessee) es una cantante country, compositora y actriz estadounidense.

Nacida en una familia pobre, comenzó a cantar de niña en la radio local. A los doce años actuó cantando frente a las cámaras de televisión en diversos anuncios y al acabar la secundaria se mudó a Nashville donde comenzó su carrera profesional.

Desde 1967 hasta 1974 formó parte del programa del cantante Porter Wagoner. <a href=""https://www.last.fm/music/Dolly+Parton"">Read more on Last.fm</a>";Porter Wagoner & Dolly Parton, Reba McEntire, Loretta Lynn, Tammy Wynette, Dolly Parton, Linda Ronstadt & Emmylou Harris
8741;Dolly Parton;Harper Valley PTA;In the Good Old Days (When Times Were Bad);album;1969;;-1;2300763;37261905;"Dolly Rebecca Parton (19 de enero de 1946, Sevierville, Tennessee) es una cantante country, compositora y actriz estadounidense.

Nacida en una familia pobre, comenzó a cantar de niña en la radio local. A los doce años actuó cantando frente a las cámaras de televisión en diversos anuncios y al acabar la secundaria se mudó a Nashville donde comenzó su carrera profesional.

Desde 1967 hasta 1974 formó parte del programa del cantante Porter Wagoner. <a href=""https://www.last.fm/music/Dolly+Parton"">Read more on Last.fm</a>";Porter Wagoner & Dolly Parton, Reba McEntire, Loretta Lynn, Tammy Wynette, Dolly Parton, Linda Ronstadt & Emmylou Harris
8741;Dolly Parton;Don’t Let The Sun Go Down On Me;Rockstar;colaboracion;2023;Rock;152;2300763;37261905;"Dolly Rebecca Parton (19 de enero de 1946, Sevierville, Tennessee) es una cantante country, compositora y actriz estadounidense.

Nacida en una familia pobre, comenzó a cantar de niña en la radio local. A los doce años actuó cantando frente a las cámaras de televisión en diversos anuncios y al acabar la secundaria se mudó a Nashville donde comenzó su carrera profesional.

Desde 1967 hasta 1974 formó parte del programa del cantante Porter Wagoner. <a href=""https://www.last.fm/music/Dolly+Parton"">Read more on Last.fm</a>";Porter Wagoner & Dolly Parton, Reba McEntire, Loretta Lynn, Tammy Wynette, Dolly Parton, Linda Ronstadt & Emmylou Harris
8741;Dolly Parton;9 to 5;The Very Best Of Dolly Parton;album;2007;;-1;2300763;37261905;"Dolly Rebecca Parton (19 de enero de 1946, Sevierville, Tennessee) es una cantante country, compositora y actriz estadounidense.

Nacida en una familia pobre, comenzó a cantar de niña en la radio local. A los doce años actuó cantando frente a las cámaras de televisión en diversos anuncios y al acabar la secundaria se mudó a Nashville donde comenzó su carrera profesional.

Desde 1967 hasta 1974 formó parte del programa del cantante Porter Wagoner. <a href=""https://www.last.fm/music/Dolly+Parton"">Read more on Last.fm</a>";Porter Wagoner & Dolly Parton, Reba McEntire, Loretta Lynn, Tammy Wynette, Dolly Parton, Linda Ronstadt & Emmylou Harris
8741;Dolly Parton;Baby I'm Burnin';The Very Best Of Dolly Parton;album;2007;;-1;2300763;37261905;"Dolly Rebecca Parton (19 de enero de 1946, Sevierville, Tennessee) es una cantante country, compositora y actriz estadounidense.

Nacida en una familia pobre, comenzó a cantar de niña en la radio local. A los doce años actuó cantando frente a las cámaras de televisión en diversos anuncios y al acabar la secundaria se mudó a Nashville donde comenzó su carrera profesional.

Desde 1967 hasta 1974 formó parte del programa del cantante Porter Wagoner. <a href=""https://www.last.fm/music/Dolly+Parton"">Read more on Last.fm</a>";Porter Wagoner & Dolly Parton, Reba McEntire, Loretta Lynn, Tammy Wynette, Dolly Parton, Linda Ronstadt & Emmylou Harris
8741;Dolly Parton;I Want You Back;Rockstar;colaboracion;2023;Rock;152;2300763;37261905;"Dolly Rebecca Parton (19 de enero de 1946, Sevierville, Tennessee) es una cantante country, compositora y actriz estadounidense.

Nacida en una familia pobre, comenzó a cantar de niña en la radio local. A los doce años actuó cantando frente a las cámaras de televisión en diversos anuncios y al acabar la secundaria se mudó a Nashville donde comenzó su carrera profesional.

Desde 1967 hasta 1974 formó parte del programa del cantante Porter Wagoner. <a href=""https://www.last.fm/music/Dolly+Parton"">Read more on Last.fm</a>";Porter Wagoner & Dolly Parton, Reba McEntire, Loretta Lynn, Tammy Wynette, Dolly Parton, Linda Ronstadt & Emmylou Harris
8741;Dolly Parton;My Tennessee Mountain Home;The Very Best Of Dolly Parton;album;2007;;-1;2300763;37261905;"Dolly Rebecca Parton (19 de enero de 1946, Sevierville, Tennessee) es una cantante country, compositora y actriz estadounidense.

Nacida en una familia pobre, comenzó a cantar de niña en la radio local. A los doce años actuó cantando frente a las cámaras de televisión en diversos anuncios y al acabar la secundaria se mudó a Nashville donde comenzó su carrera profesional.

Desde 1967 hasta 1974 formó parte del programa del cantante Porter Wagoner. <a href=""https://www.last.fm/music/Dolly+Parton"">Read more on Last.fm</a>";Porter Wagoner & Dolly Parton, Reba McEntire, Loretta Lynn, Tammy Wynette, Dolly Parton, Linda Ronstadt & Emmylou Harris
8741;Dolly Parton;Traveling Man;Coat Of Many Colors;album;1971;;-1;2300763;37261905;"Dolly Rebecca Parton (19 de enero de 1946, Sevierville, Tennessee) es una cantante country, compositora y actriz estadounidense.

Nacida en una familia pobre, comenzó a cantar de niña en la radio local. A los doce años actuó cantando frente a las cámaras de televisión en diversos anuncios y al acabar la secundaria se mudó a Nashville donde comenzó su carrera profesional.

Desde 1967 hasta 1974 formó parte del programa del cantante Porter Wagoner. <a href=""https://www.last.fm/music/Dolly+Parton"">Read more on Last.fm</a>";Porter Wagoner & Dolly Parton, Reba McEntire, Loretta Lynn, Tammy Wynette, Dolly Parton, Linda Ronstadt & Emmylou Harris
8741;Dolly Parton;Jolene;Rockstar (Deluxe);colaboracion;2024;Rock;152;2300763;37261905;"Dolly Rebecca Parton (19 de enero de 1946, Sevierville, Tennessee) es una cantante country, compositora y actriz estadounidense.

Nacida en una familia pobre, comenzó a cantar de niña en la radio local. A los doce años actuó cantando frente a las cámaras de televisión en diversos anuncios y al acabar la secundaria se mudó a Nashville donde comenzó su carrera profesional.

Desde 1967 hasta 1974 formó parte del programa del cantante Porter Wagoner. <a href=""https://www.last.fm/music/Dolly+Parton"">Read more on Last.fm</a>";Porter Wagoner & Dolly Parton, Reba McEntire, Loretta Lynn, Tammy Wynette, Dolly Parton, Linda Ronstadt & Emmylou Harris
8741;Dolly Parton;Every Breath You Take;Rockstar;colaboracion;2023;Rock;152;2300763;37261905;"Dolly Rebecca Parton (19 de enero de 1946, Sevierville, Tennessee) es una cantante country, compositora y actriz estadounidense.

Nacida en una familia pobre, comenzó a cantar de niña en la radio local. A los doce años actuó cantando frente a las cámaras de televisión en diversos anuncios y al acabar la secundaria se mudó a Nashville donde comenzó su carrera profesional.

Desde 1967 hasta 1974 formó parte del programa del cantante Porter Wagoner. <a href=""https://www.last.fm/music/Dolly+Parton"">Read more on Last.fm</a>";Porter Wagoner & Dolly Parton, Reba McEntire, Loretta Lynn, Tammy Wynette, Dolly Parton, Linda Ronstadt & Emmylou Harris
8741;Dolly Parton;Long As I Can See The Light;Rockstar;colaboracion;2023;Rock;152;2300763;37261905;"Dolly Rebecca Parton (19 de enero de 1946, Sevierville, Tennessee) es una cantante country, compositora y actriz estadounidense.

Nacida en una familia pobre, comenzó a cantar de niña en la radio local. A los doce años actuó cantando frente a las cámaras de televisión en diversos anuncios y al acabar la secundaria se mudó a Nashville donde comenzó su carrera profesional.

Desde 1967 hasta 1974 formó parte del programa del cantante Porter Wagoner. <a href=""https://www.last.fm/music/Dolly+Parton"">Read more on Last.fm</a>";Porter Wagoner & Dolly Parton, Reba McEntire, Loretta Lynn, Tammy Wynette, Dolly Parton, Linda Ronstadt & Emmylou Harris
8741;Dolly Parton;What’s Up?;Rockstar;colaboracion;2023;Rock;152;2300763;37261905;"Dolly Rebecca Parton (19 de enero de 1946, Sevierville, Tennessee) es una cantante country, compositora y actriz estadounidense.

Nacida en una familia pobre, comenzó a cantar de niña en la radio local. A los doce años actuó cantando frente a las cámaras de televisión en diversos anuncios y al acabar la secundaria se mudó a Nashville donde comenzó su carrera profesional.

Desde 1967 hasta 1974 formó parte del programa del cantante Porter Wagoner. <a href=""https://www.last.fm/music/Dolly+Parton"">Read more on Last.fm</a>";Porter Wagoner & Dolly Parton, Reba McEntire, Loretta Lynn, Tammy Wynette, Dolly Parton, Linda Ronstadt & Emmylou Harris
8741;Dolly Parton;We Are The Champions/We Will Rock You;Rockstar;album;2023;Rock;152;2300763;37261905;"Dolly Rebecca Parton (19 de enero de 1946, Sevierville, Tennessee) es una cantante country, compositora y actriz estadounidense.

Nacida en una familia pobre, comenzó a cantar de niña en la radio local. A los doce años actuó cantando frente a las cámaras de televisión en diversos anuncios y al acabar la secundaria se mudó a Nashville donde comenzó su carrera profesional.

Desde 1967 hasta 1974 formó parte del programa del cantante Porter Wagoner. <a href=""https://www.last.fm/music/Dolly+Parton"">Read more on Last.fm</a>";Porter Wagoner & Dolly Parton, Reba McEntire, Loretta Lynn, Tammy Wynette, Dolly Parton, Linda Ronstadt & Emmylou Harris
8741;Dolly Parton;Big Dreams and Faded Jeans;Big Dreams and Faded Jeans;single;2022;;-1;2300763;37261905;"Dolly Rebecca Parton (19 de enero de 1946, Sevierville, Tennessee) es una cantante country, compositora y actriz estadounidense.

Nacida en una familia pobre, comenzó a cantar de niña en la radio local. A los doce años actuó cantando frente a las cámaras de televisión en diversos anuncios y al acabar la secundaria se mudó a Nashville donde comenzó su carrera profesional.

Desde 1967 hasta 1974 formó parte del programa del cantante Porter Wagoner. <a href=""https://www.last.fm/music/Dolly+Parton"">Read more on Last.fm</a>";Porter Wagoner & Dolly Parton, Reba McEntire, Loretta Lynn, Tammy Wynette, Dolly Parton, Linda Ronstadt & Emmylou Harris
8741;Dolly Parton;Time for Me to Fly;White Limozeen;album;1989;;-1;2300763;37261905;"Dolly Rebecca Parton (19 de enero de 1946, Sevierville, Tennessee) es una cantante country, compositora y actriz estadounidense.

Nacida en una familia pobre, comenzó a cantar de niña en la radio local. A los doce años actuó cantando frente a las cámaras de televisión en diversos anuncios y al acabar la secundaria se mudó a Nashville donde comenzó su carrera profesional.

Desde 1967 hasta 1974 formó parte del programa del cantante Porter Wagoner. <a href=""https://www.last.fm/music/Dolly+Parton"">Read more on Last.fm</a>";Porter Wagoner & Dolly Parton, Reba McEntire, Loretta Lynn, Tammy Wynette, Dolly Parton, Linda Ronstadt & Emmylou Harris
8741;Dolly Parton;Run;Run, Rose, Run;album;2022;;-1;2300763;37261905;"Dolly Rebecca Parton (19 de enero de 1946, Sevierville, Tennessee) es una cantante country, compositora y actriz estadounidense.

Nacida en una familia pobre, comenzó a cantar de niña en la radio local. A los doce años actuó cantando frente a las cámaras de televisión en diversos anuncios y al acabar la secundaria se mudó a Nashville donde comenzó su carrera profesional.

Desde 1967 hasta 1974 formó parte del programa del cantante Porter Wagoner. <a href=""https://www.last.fm/music/Dolly+Parton"">Read more on Last.fm</a>";Porter Wagoner & Dolly Parton, Reba McEntire, Loretta Lynn, Tammy Wynette, Dolly Parton, Linda Ronstadt & Emmylou Harris
8741;Dolly Parton;(I Can’t Get No) Satisfaction;Rockstar;colaboracion;2023;Rock;152;2300763;37261905;"Dolly Rebecca Parton (19 de enero de 1946, Sevierville, Tennessee) es una cantante country, compositora y actriz estadounidense.

Nacida en una familia pobre, comenzó a cantar de niña en la radio local. A los doce años actuó cantando frente a las cámaras de televisión en diversos anuncios y al acabar la secundaria se mudó a Nashville donde comenzó su carrera profesional.

Desde 1967 hasta 1974 formó parte del programa del cantante Porter Wagoner. <a href=""https://www.last.fm/music/Dolly+Parton"">Read more on Last.fm</a>";Porter Wagoner & Dolly Parton, Reba McEntire, Loretta Lynn, Tammy Wynette, Dolly Parton, Linda Ronstadt & Emmylou Harris
8741;Dolly Parton;Hobo's Meditation (2015 Remaster);Trio (2016 Remaster);colaboracion;1987;;-1;2300763;37261905;"Dolly Rebecca Parton (19 de enero de 1946, Sevierville, Tennessee) es una cantante country, compositora y actriz estadounidense.

Nacida en una familia pobre, comenzó a cantar de niña en la radio local. A los doce años actuó cantando frente a las cámaras de televisión en diversos anuncios y al acabar la secundaria se mudó a Nashville donde comenzó su carrera profesional.

Desde 1967 hasta 1974 formó parte del programa del cantante Porter Wagoner. <a href=""https://www.last.fm/music/Dolly+Parton"">Read more on Last.fm</a>";Porter Wagoner & Dolly Parton, Reba McEntire, Loretta Lynn, Tammy Wynette, Dolly Parton, Linda Ronstadt & Emmylou Harris
3545;Emmylou Harris;Didn't Leave Nobody But The Baby;O Brother, Where Art Thou? (Original Motion Picture Soundtrack);colaboracion;2018;;-1;628161;9447730;"Pocos artistas han dejado un impacto tan profundo en la música contemporánea como Emmylou Harris. Bendecida con una voz cristalina, un incansable espíritu creativo y un gran talento musical, su trayectoria ha marcado una senda singular, llevando con orgullo la antorcha de la música Americana, recogiendo así el relevo de su mentor, Gram Parsons. Con la única excepción de Neil Young, ninguna otra estrella ha establecido una obra musical tan consistentemente iconoclasta, ecléctica o atrevida. <a href=""https://www.last.fm/music/Emmylou+Harris"">Read more on Last.fm</a>";Dolly Parton, Linda Ronstadt & Emmylou Harris, Gram Parsons, Rosanne Cash, Willie Nelson, Nanci Griffith
3545;Emmylou Harris;A Love That Will Never Grow Old;Brokeback Mountain Soundtrack;album;2006;Películas/Juegos;173;628161;9447730;"Pocos artistas han dejado un impacto tan profundo en la música contemporánea como Emmylou Harris. Bendecida con una voz cristalina, un incansable espíritu creativo y un gran talento musical, su trayectoria ha marcado una senda singular, llevando con orgullo la antorcha de la música Americana, recogiendo así el relevo de su mentor, Gram Parsons. Con la única excepción de Neil Young, ninguna otra estrella ha establecido una obra musical tan consistentemente iconoclasta, ecléctica o atrevida. <a href=""https://www.last.fm/music/Emmylou+Harris"">Read more on Last.fm</a>";Dolly Parton, Linda Ronstadt & Emmylou Harris, Gram Parsons, Rosanne Cash, Willie Nelson, Nanci Griffith
3545;Emmylou Harris;Love Hurts (with Gram Parsons) (2008 Remaster);Duets;colaboracion;2008;Pop;132;628161;9447730;"Pocos artistas han dejado un impacto tan profundo en la música contemporánea como Emmylou Harris. Bendecida con una voz cristalina, un incansable espíritu creativo y un gran talento musical, su trayectoria ha marcado una senda singular, llevando con orgullo la antorcha de la música Americana, recogiendo así el relevo de su mentor, Gram Parsons. Con la única excepción de Neil Young, ninguna otra estrella ha establecido una obra musical tan consistentemente iconoclasta, ecléctica o atrevida. <a href=""https://www.last.fm/music/Emmylou+Harris"">Read more on Last.fm</a>";Dolly Parton, Linda Ronstadt & Emmylou Harris, Gram Parsons, Rosanne Cash, Willie Nelson, Nanci Griffith
3545;Emmylou Harris;Wayfaring Stranger (2002 Remaster);Emmylou Harris Anthology: The Warner/Reprise Years;album;2001;Pop;132;628161;9447730;"Pocos artistas han dejado un impacto tan profundo en la música contemporánea como Emmylou Harris. Bendecida con una voz cristalina, un incansable espíritu creativo y un gran talento musical, su trayectoria ha marcado una senda singular, llevando con orgullo la antorcha de la música Americana, recogiendo así el relevo de su mentor, Gram Parsons. Con la única excepción de Neil Young, ninguna otra estrella ha establecido una obra musical tan consistentemente iconoclasta, ecléctica o atrevida. <a href=""https://www.last.fm/music/Emmylou+Harris"">Read more on Last.fm</a>";Dolly Parton, Linda Ronstadt & Emmylou Harris, Gram Parsons, Rosanne Cash, Willie Nelson, Nanci Griffith
3545;Emmylou Harris;You Never Can Tell (C'est la Vie);Profile: Best of Emmylou Harris;album;2009;Pop;132;628161;9447730;"Pocos artistas han dejado un impacto tan profundo en la música contemporánea como Emmylou Harris. Bendecida con una voz cristalina, un incansable espíritu creativo y un gran talento musical, su trayectoria ha marcado una senda singular, llevando con orgullo la antorcha de la música Americana, recogiendo así el relevo de su mentor, Gram Parsons. Con la única excepción de Neil Young, ninguna otra estrella ha establecido una obra musical tan consistentemente iconoclasta, ecléctica o atrevida. <a href=""https://www.last.fm/music/Emmylou+Harris"">Read more on Last.fm</a>";Dolly Parton, Linda Ronstadt & Emmylou Harris, Gram Parsons, Rosanne Cash, Willie Nelson, Nanci Griffith
7214;Linda Ronstadt;You're No Good;Heart Like A Wheel;album;1985;Rock;152;684945;8697932;"Linda Susan Marie Ronstadt (nacida el 15 de julio de 1946 en Tucson, Arizona) de un padre con ascendencia alemana, mexicana e inglesa y una madre holandesa descendiente de judíos ingleses. Su bisabuelo Frederick Augustus Ronstadt fue un inmigrante alemán de Hanover que se casó con una dama méxico-estadounidense, con la cual tuvo varios hijos. Es una cantante estadounidense, asociada al género country rock dominante en los 70's y, aunque ocasionalmente compone algunas canciones <a href=""https://www.last.fm/music/Linda+Ronstadt"">Read more on Last.fm</a>";The Stone Poneys, Dolly Parton, Linda Ronstadt & Emmylou Harris, Emmylou Harris, Bonnie Raitt, Karla Bonoff
7214;Linda Ronstadt;Don't Know Much (with Aaron Neville);Cry Like a Rainstorm Howl Like the Wind;colaboracion;2014;Pop;132;684945;8697932;"Linda Susan Marie Ronstadt (nacida el 15 de julio de 1946 en Tucson, Arizona) de un padre con ascendencia alemana, mexicana e inglesa y una madre holandesa descendiente de judíos ingleses. Su bisabuelo Frederick Augustus Ronstadt fue un inmigrante alemán de Hanover que se casó con una dama méxico-estadounidense, con la cual tuvo varios hijos. Es una cantante estadounidense, asociada al género country rock dominante en los 70's y, aunque ocasionalmente compone algunas canciones <a href=""https://www.last.fm/music/Linda+Ronstadt"">Read more on Last.fm</a>";The Stone Poneys, Dolly Parton, Linda Ronstadt & Emmylou Harris, Emmylou Harris, Bonnie Raitt, Karla Bonoff
7214;Linda Ronstadt;Blue Bayou;Simple Dreams;album;2006;Pop;132;684945;8697932;"Linda Susan Marie Ronstadt (nacida el 15 de julio de 1946 en Tucson, Arizona) de un padre con ascendencia alemana, mexicana e inglesa y una madre holandesa descendiente de judíos ingleses. Su bisabuelo Frederick Augustus Ronstadt fue un inmigrante alemán de Hanover que se casó con una dama méxico-estadounidense, con la cual tuvo varios hijos. Es una cantante estadounidense, asociada al género country rock dominante en los 70's y, aunque ocasionalmente compone algunas canciones <a href=""https://www.last.fm/music/Linda+Ronstadt"">Read more on Last.fm</a>";The Stone Poneys, Dolly Parton, Linda Ronstadt & Emmylou Harris, Emmylou Harris, Bonnie Raitt, Karla Bonoff
7214;Linda Ronstadt;For a Dancer;Western Wall: The Tuscon Sessions;colaboracion;2008;Pop;132;684945;8697932;"Linda Susan Marie Ronstadt (nacida el 15 de julio de 1946 en Tucson, Arizona) de un padre con ascendencia alemana, mexicana e inglesa y una madre holandesa descendiente de judíos ingleses. Su bisabuelo Frederick Augustus Ronstadt fue un inmigrante alemán de Hanover que se casó con una dama méxico-estadounidense, con la cual tuvo varios hijos. Es una cantante estadounidense, asociada al género country rock dominante en los 70's y, aunque ocasionalmente compone algunas canciones <a href=""https://www.last.fm/music/Linda+Ronstadt"">Read more on Last.fm</a>";The Stone Poneys, Dolly Parton, Linda Ronstadt & Emmylou Harris, Emmylou Harris, Bonnie Raitt, Karla Bonoff
16619;Joan Armatrading;Love And Affection;The Best Late Night Moods Album In The World...Ever!;album;2021;Pop;132;388270;3978977;"Joan Anita Barbara Armatrading, MBE (nacida el  9 Diciembre  de 1950) es una cantante Britanica, escritora y guitarrista. Tres veces nominada a los premios Grammy y ha sido nominada 2 veces a los BRIT awards como Mejor Artista femenina. Tambien recibio un premio Ivor Novello por Coleccion de Canciones Contemporaneas Relevantes.
La musica de Armatrading es considerada ser mayormente pop con influencias de rock, folk, jazz, blues, soul e inclusó reggae. <a href=""https://www.last.fm/music/Joan+Armatrading"">Read more on Last.fm</a>";Rickie Lee Jones, Van Morrison, k.d. lang, Shawn Colvin, Tanita Tikaram
16619;Joan Armatrading;Me Myself I;Coffee Music - Cafe, Croissant & Chill!;album;2026;Pop;132;388270;3978977;"Joan Anita Barbara Armatrading, MBE (nacida el  9 Diciembre  de 1950) es una cantante Britanica, escritora y guitarrista. Tres veces nominada a los premios Grammy y ha sido nominada 2 veces a los BRIT awards como Mejor Artista femenina. Tambien recibio un premio Ivor Novello por Coleccion de Canciones Contemporaneas Relevantes.
La musica de Armatrading es considerada ser mayormente pop con influencias de rock, folk, jazz, blues, soul e inclusó reggae. <a href=""https://www.last.fm/music/Joan+Armatrading"">Read more on Last.fm</a>";Rickie Lee Jones, Van Morrison, k.d. lang, Shawn Colvin, Tanita Tikaram
16619;Joan Armatrading;Drop The Pilot;The Key;album;2010;Folk;466;388270;3978977;"Joan Anita Barbara Armatrading, MBE (nacida el  9 Diciembre  de 1950) es una cantante Britanica, escritora y guitarrista. Tres veces nominada a los premios Grammy y ha sido nominada 2 veces a los BRIT awards como Mejor Artista femenina. Tambien recibio un premio Ivor Novello por Coleccion de Canciones Contemporaneas Relevantes.
La musica de Armatrading es considerada ser mayormente pop con influencias de rock, folk, jazz, blues, soul e inclusó reggae. <a href=""https://www.last.fm/music/Joan+Armatrading"">Read more on Last.fm</a>";Rickie Lee Jones, Van Morrison, k.d. lang, Shawn Colvin, Tanita Tikaram
16619;Joan Armatrading;Someone Else;How Did This Happen And What Does It Now Mean;album;2026;Rock;152;388270;3978977;"Joan Anita Barbara Armatrading, MBE (nacida el  9 Diciembre  de 1950) es una cantante Britanica, escritora y guitarrista. Tres veces nominada a los premios Grammy y ha sido nominada 2 veces a los BRIT awards como Mejor Artista femenina. Tambien recibio un premio Ivor Novello por Coleccion de Canciones Contemporaneas Relevantes.
La musica de Armatrading es considerada ser mayormente pop con influencias de rock, folk, jazz, blues, soul e inclusó reggae. <a href=""https://www.last.fm/music/Joan+Armatrading"">Read more on Last.fm</a>";Rickie Lee Jones, Van Morrison, k.d. lang, Shawn Colvin, Tanita Tikaram
16619;Joan Armatrading;Willow;Show Some Emotion;album;2008;Pop;132;388270;3978977;"Joan Anita Barbara Armatrading, MBE (nacida el  9 Diciembre  de 1950) es una cantante Britanica, escritora y guitarrista. Tres veces nominada a los premios Grammy y ha sido nominada 2 veces a los BRIT awards como Mejor Artista femenina. Tambien recibio un premio Ivor Novello por Coleccion de Canciones Contemporaneas Relevantes.
La musica de Armatrading es considerada ser mayormente pop con influencias de rock, folk, jazz, blues, soul e inclusó reggae. <a href=""https://www.last.fm/music/Joan+Armatrading"">Read more on Last.fm</a>";Rickie Lee Jones, Van Morrison, k.d. lang, Shawn Colvin, Tanita Tikaram
16619;Joan Armatrading;Down To Zero;Love And Affection: The Essential Joan Armatrading;album;2017;Rock;152;388270;3978977;"Joan Anita Barbara Armatrading, MBE (nacida el  9 Diciembre  de 1950) es una cantante Britanica, escritora y guitarrista. Tres veces nominada a los premios Grammy y ha sido nominada 2 veces a los BRIT awards como Mejor Artista femenina. Tambien recibio un premio Ivor Novello por Coleccion de Canciones Contemporaneas Relevantes.
La musica de Armatrading es considerada ser mayormente pop con influencias de rock, folk, jazz, blues, soul e inclusó reggae. <a href=""https://www.last.fm/music/Joan+Armatrading"">Read more on Last.fm</a>";Rickie Lee Jones, Van Morrison, k.d. lang, Shawn Colvin, Tanita Tikaram
16619;Joan Armatrading;Am I Blue For You;To The Limit;album;2010;Folk;466;388270;3978977;"Joan Anita Barbara Armatrading, MBE (nacida el  9 Diciembre  de 1950) es una cantante Britanica, escritora y guitarrista. Tres veces nominada a los premios Grammy y ha sido nominada 2 veces a los BRIT awards como Mejor Artista femenina. Tambien recibio un premio Ivor Novello por Coleccion de Canciones Contemporaneas Relevantes.
La musica de Armatrading es considerada ser mayormente pop con influencias de rock, folk, jazz, blues, soul e inclusó reggae. <a href=""https://www.last.fm/music/Joan+Armatrading"">Read more on Last.fm</a>";Rickie Lee Jones, Van Morrison, k.d. lang, Shawn Colvin, Tanita Tikaram
16619;Joan Armatrading;He Wants Her;Gold;album;2018;R&B;165;388270;3978977;"Joan Anita Barbara Armatrading, MBE (nacida el  9 Diciembre  de 1950) es una cantante Britanica, escritora y guitarrista. Tres veces nominada a los premios Grammy y ha sido nominada 2 veces a los BRIT awards como Mejor Artista femenina. Tambien recibio un premio Ivor Novello por Coleccion de Canciones Contemporaneas Relevantes.
La musica de Armatrading es considerada ser mayormente pop con influencias de rock, folk, jazz, blues, soul e inclusó reggae. <a href=""https://www.last.fm/music/Joan+Armatrading"">Read more on Last.fm</a>";Rickie Lee Jones, Van Morrison, k.d. lang, Shawn Colvin, Tanita Tikaram
16619;Joan Armatrading;No Love;Love And Affection: The Essential Joan Armatrading;album;2017;Rock;152;388270;3978977;"Joan Anita Barbara Armatrading, MBE (nacida el  9 Diciembre  de 1950) es una cantante Britanica, escritora y guitarrista. Tres veces nominada a los premios Grammy y ha sido nominada 2 veces a los BRIT awards como Mejor Artista femenina. Tambien recibio un premio Ivor Novello por Coleccion de Canciones Contemporaneas Relevantes.
La musica de Armatrading es considerada ser mayormente pop con influencias de rock, folk, jazz, blues, soul e inclusó reggae. <a href=""https://www.last.fm/music/Joan+Armatrading"">Read more on Last.fm</a>";Rickie Lee Jones, Van Morrison, k.d. lang, Shawn Colvin, Tanita Tikaram
16619;Joan Armatrading;Dark Truths;Love And Affection: The Essential Joan Armatrading;album;2017;Rock;152;388270;3978977;"Joan Anita Barbara Armatrading, MBE (nacida el  9 Diciembre  de 1950) es una cantante Britanica, escritora y guitarrista. Tres veces nominada a los premios Grammy y ha sido nominada 2 veces a los BRIT awards como Mejor Artista femenina. Tambien recibio un premio Ivor Novello por Coleccion de Canciones Contemporaneas Relevantes.
La musica de Armatrading es considerada ser mayormente pop con influencias de rock, folk, jazz, blues, soul e inclusó reggae. <a href=""https://www.last.fm/music/Joan+Armatrading"">Read more on Last.fm</a>";Rickie Lee Jones, Van Morrison, k.d. lang, Shawn Colvin, Tanita Tikaram
16619;Joan Armatrading;Into the Blues;Into the Blues;album;2010;Rock;152;388270;3978977;"Joan Anita Barbara Armatrading, MBE (nacida el  9 Diciembre  de 1950) es una cantante Britanica, escritora y guitarrista. Tres veces nominada a los premios Grammy y ha sido nominada 2 veces a los BRIT awards como Mejor Artista femenina. Tambien recibio un premio Ivor Novello por Coleccion de Canciones Contemporaneas Relevantes.
La musica de Armatrading es considerada ser mayormente pop con influencias de rock, folk, jazz, blues, soul e inclusó reggae. <a href=""https://www.last.fm/music/Joan+Armatrading"">Read more on Last.fm</a>";Rickie Lee Jones, Van Morrison, k.d. lang, Shawn Colvin, Tanita Tikaram
16619;Joan Armatrading;Join The Boys;Love And Affection: The Essential Joan Armatrading;album;2017;Rock;152;388270;3978977;"Joan Anita Barbara Armatrading, MBE (nacida el  9 Diciembre  de 1950) es una cantante Britanica, escritora y guitarrista. Tres veces nominada a los premios Grammy y ha sido nominada 2 veces a los BRIT awards como Mejor Artista femenina. Tambien recibio un premio Ivor Novello por Coleccion de Canciones Contemporaneas Relevantes.
La musica de Armatrading es considerada ser mayormente pop con influencias de rock, folk, jazz, blues, soul e inclusó reggae. <a href=""https://www.last.fm/music/Joan+Armatrading"">Read more on Last.fm</a>";Rickie Lee Jones, Van Morrison, k.d. lang, Shawn Colvin, Tanita Tikaram
16619;Joan Armatrading;More Than One Kind Of Love;Love And Affection: The Essential Joan Armatrading;album;2017;Rock;152;388270;3978977;"Joan Anita Barbara Armatrading, MBE (nacida el  9 Diciembre  de 1950) es una cantante Britanica, escritora y guitarrista. Tres veces nominada a los premios Grammy y ha sido nominada 2 veces a los BRIT awards como Mejor Artista femenina. Tambien recibio un premio Ivor Novello por Coleccion de Canciones Contemporaneas Relevantes.
La musica de Armatrading es considerada ser mayormente pop con influencias de rock, folk, jazz, blues, soul e inclusó reggae. <a href=""https://www.last.fm/music/Joan+Armatrading"">Read more on Last.fm</a>";Rickie Lee Jones, Van Morrison, k.d. lang, Shawn Colvin, Tanita Tikaram
16619;Joan Armatrading;Wrapped Around Her;Love And Affection: The Essential Joan Armatrading;album;2017;Rock;152;388270;3978977;"Joan Anita Barbara Armatrading, MBE (nacida el  9 Diciembre  de 1950) es una cantante Britanica, escritora y guitarrista. Tres veces nominada a los premios Grammy y ha sido nominada 2 veces a los BRIT awards como Mejor Artista femenina. Tambien recibio un premio Ivor Novello por Coleccion de Canciones Contemporaneas Relevantes.
La musica de Armatrading es considerada ser mayormente pop con influencias de rock, folk, jazz, blues, soul e inclusó reggae. <a href=""https://www.last.fm/music/Joan+Armatrading"">Read more on Last.fm</a>";Rickie Lee Jones, Van Morrison, k.d. lang, Shawn Colvin, Tanita Tikaram
16619;Joan Armatrading;The Power Of Dreams;Love And Affection: The Essential Joan Armatrading;album;2017;Rock;152;388270;3978977;"Joan Anita Barbara Armatrading, MBE (nacida el  9 Diciembre  de 1950) es una cantante Britanica, escritora y guitarrista. Tres veces nominada a los premios Grammy y ha sido nominada 2 veces a los BRIT awards como Mejor Artista femenina. Tambien recibio un premio Ivor Novello por Coleccion de Canciones Contemporaneas Relevantes.
La musica de Armatrading es considerada ser mayormente pop con influencias de rock, folk, jazz, blues, soul e inclusó reggae. <a href=""https://www.last.fm/music/Joan+Armatrading"">Read more on Last.fm</a>";Rickie Lee Jones, Van Morrison, k.d. lang, Shawn Colvin, Tanita Tikaram
16619;Joan Armatrading;Woncha Come On Home;Show Some Emotion;album;2008;Pop;132;388270;3978977;"Joan Anita Barbara Armatrading, MBE (nacida el  9 Diciembre  de 1950) es una cantante Britanica, escritora y guitarrista. Tres veces nominada a los premios Grammy y ha sido nominada 2 veces a los BRIT awards como Mejor Artista femenina. Tambien recibio un premio Ivor Novello por Coleccion de Canciones Contemporaneas Relevantes.
La musica de Armatrading es considerada ser mayormente pop con influencias de rock, folk, jazz, blues, soul e inclusó reggae. <a href=""https://www.last.fm/music/Joan+Armatrading"">Read more on Last.fm</a>";Rickie Lee Jones, Van Morrison, k.d. lang, Shawn Colvin, Tanita Tikaram
16619;Joan Armatrading;I'm Lucky;Love And Affection: The Essential Joan Armatrading;album;2017;Rock;152;388270;3978977;"Joan Anita Barbara Armatrading, MBE (nacida el  9 Diciembre  de 1950) es una cantante Britanica, escritora y guitarrista. Tres veces nominada a los premios Grammy y ha sido nominada 2 veces a los BRIT awards como Mejor Artista femenina. Tambien recibio un premio Ivor Novello por Coleccion de Canciones Contemporaneas Relevantes.
La musica de Armatrading es considerada ser mayormente pop con influencias de rock, folk, jazz, blues, soul e inclusó reggae. <a href=""https://www.last.fm/music/Joan+Armatrading"">Read more on Last.fm</a>";Rickie Lee Jones, Van Morrison, k.d. lang, Shawn Colvin, Tanita Tikaram
16619;Joan Armatrading;Warm Love;Love And Affection: The Essential Joan Armatrading;album;2017;Rock;152;388270;3978977;"Joan Anita Barbara Armatrading, MBE (nacida el  9 Diciembre  de 1950) es una cantante Britanica, escritora y guitarrista. Tres veces nominada a los premios Grammy y ha sido nominada 2 veces a los BRIT awards como Mejor Artista femenina. Tambien recibio un premio Ivor Novello por Coleccion de Canciones Contemporaneas Relevantes.
La musica de Armatrading es considerada ser mayormente pop con influencias de rock, folk, jazz, blues, soul e inclusó reggae. <a href=""https://www.last.fm/music/Joan+Armatrading"">Read more on Last.fm</a>";Rickie Lee Jones, Van Morrison, k.d. lang, Shawn Colvin, Tanita Tikaram
16619;Joan Armatrading;Water With The Wine;Love And Affection: The Essential Joan Armatrading;album;2017;Rock;152;388270;3978977;"Joan Anita Barbara Armatrading, MBE (nacida el  9 Diciembre  de 1950) es una cantante Britanica, escritora y guitarrista. Tres veces nominada a los premios Grammy y ha sido nominada 2 veces a los BRIT awards como Mejor Artista femenina. Tambien recibio un premio Ivor Novello por Coleccion de Canciones Contemporaneas Relevantes.
La musica de Armatrading es considerada ser mayormente pop con influencias de rock, folk, jazz, blues, soul e inclusó reggae. <a href=""https://www.last.fm/music/Joan+Armatrading"">Read more on Last.fm</a>";Rickie Lee Jones, Van Morrison, k.d. lang, Shawn Colvin, Tanita Tikaram
16619;Joan Armatrading;Rosie;How Cruel (EP);ep;2010;Folk;466;388270;3978977;"Joan Anita Barbara Armatrading, MBE (nacida el  9 Diciembre  de 1950) es una cantante Britanica, escritora y guitarrista. Tres veces nominada a los premios Grammy y ha sido nominada 2 veces a los BRIT awards como Mejor Artista femenina. Tambien recibio un premio Ivor Novello por Coleccion de Canciones Contemporaneas Relevantes.
La musica de Armatrading es considerada ser mayormente pop con influencias de rock, folk, jazz, blues, soul e inclusó reggae. <a href=""https://www.last.fm/music/Joan+Armatrading"">Read more on Last.fm</a>";Rickie Lee Jones, Van Morrison, k.d. lang, Shawn Colvin, Tanita Tikaram
16619;Joan Armatrading;Willow (Uk Single Edited Version);Track Record;album;2018;Pop;132;388270;3978977;"Joan Anita Barbara Armatrading, MBE (nacida el  9 Diciembre  de 1950) es una cantante Britanica, escritora y guitarrista. Tres veces nominada a los premios Grammy y ha sido nominada 2 veces a los BRIT awards como Mejor Artista femenina. Tambien recibio un premio Ivor Novello por Coleccion de Canciones Contemporaneas Relevantes.
La musica de Armatrading es considerada ser mayormente pop con influencias de rock, folk, jazz, blues, soul e inclusó reggae. <a href=""https://www.last.fm/music/Joan+Armatrading"">Read more on Last.fm</a>";Rickie Lee Jones, Van Morrison, k.d. lang, Shawn Colvin, Tanita Tikaram
16619;Joan Armatrading;Let It Last;To The Limit;album;2010;Folk;466;388270;3978977;"Joan Anita Barbara Armatrading, MBE (nacida el  9 Diciembre  de 1950) es una cantante Britanica, escritora y guitarrista. Tres veces nominada a los premios Grammy y ha sido nominada 2 veces a los BRIT awards como Mejor Artista femenina. Tambien recibio un premio Ivor Novello por Coleccion de Canciones Contemporaneas Relevantes.
La musica de Armatrading es considerada ser mayormente pop con influencias de rock, folk, jazz, blues, soul e inclusó reggae. <a href=""https://www.last.fm/music/Joan+Armatrading"">Read more on Last.fm</a>";Rickie Lee Jones, Van Morrison, k.d. lang, Shawn Colvin, Tanita Tikaram
16619;Joan Armatrading;Travel So Far;Back To The Night;album;2010;Folk;466;388270;3978977;"Joan Anita Barbara Armatrading, MBE (nacida el  9 Diciembre  de 1950) es una cantante Britanica, escritora y guitarrista. Tres veces nominada a los premios Grammy y ha sido nominada 2 veces a los BRIT awards como Mejor Artista femenina. Tambien recibio un premio Ivor Novello por Coleccion de Canciones Contemporaneas Relevantes.
La musica de Armatrading es considerada ser mayormente pop con influencias de rock, folk, jazz, blues, soul e inclusó reggae. <a href=""https://www.last.fm/music/Joan+Armatrading"">Read more on Last.fm</a>";Rickie Lee Jones, Van Morrison, k.d. lang, Shawn Colvin, Tanita Tikaram
16619;Joan Armatrading;This Charming Life;This Charming Life;album;2026;Rock;152;388270;3978977;"Joan Anita Barbara Armatrading, MBE (nacida el  9 Diciembre  de 1950) es una cantante Britanica, escritora y guitarrista. Tres veces nominada a los premios Grammy y ha sido nominada 2 veces a los BRIT awards como Mejor Artista femenina. Tambien recibio un premio Ivor Novello por Coleccion de Canciones Contemporaneas Relevantes.
La musica de Armatrading es considerada ser mayormente pop con influencias de rock, folk, jazz, blues, soul e inclusó reggae. <a href=""https://www.last.fm/music/Joan+Armatrading"">Read more on Last.fm</a>";Rickie Lee Jones, Van Morrison, k.d. lang, Shawn Colvin, Tanita Tikaram
16619;Joan Armatrading;Cool Blue Stole My Heart (Live In North America/1979);Steppin' Out;album;2025;Pop;132;388270;3978977;"Joan Anita Barbara Armatrading, MBE (nacida el  9 Diciembre  de 1950) es una cantante Britanica, escritora y guitarrista. Tres veces nominada a los premios Grammy y ha sido nominada 2 veces a los BRIT awards como Mejor Artista femenina. Tambien recibio un premio Ivor Novello por Coleccion de Canciones Contemporaneas Relevantes.
La musica de Armatrading es considerada ser mayormente pop con influencias de rock, folk, jazz, blues, soul e inclusó reggae. <a href=""https://www.last.fm/music/Joan+Armatrading"">Read more on Last.fm</a>";Rickie Lee Jones, Van Morrison, k.d. lang, Shawn Colvin, Tanita Tikaram
16619;Joan Armatrading;Save Me;Gold;album;2018;R&B;165;388270;3978977;"Joan Anita Barbara Armatrading, MBE (nacida el  9 Diciembre  de 1950) es una cantante Britanica, escritora y guitarrista. Tres veces nominada a los premios Grammy y ha sido nominada 2 veces a los BRIT awards como Mejor Artista femenina. Tambien recibio un premio Ivor Novello por Coleccion de Canciones Contemporaneas Relevantes.
La musica de Armatrading es considerada ser mayormente pop con influencias de rock, folk, jazz, blues, soul e inclusó reggae. <a href=""https://www.last.fm/music/Joan+Armatrading"">Read more on Last.fm</a>";Rickie Lee Jones, Van Morrison, k.d. lang, Shawn Colvin, Tanita Tikaram
16619;Joan Armatrading;You Rope You Tie Me;Love And Affection: The Essential Joan Armatrading;album;2017;Rock;152;388270;3978977;"Joan Anita Barbara Armatrading, MBE (nacida el  9 Diciembre  de 1950) es una cantante Britanica, escritora y guitarrista. Tres veces nominada a los premios Grammy y ha sido nominada 2 veces a los BRIT awards como Mejor Artista femenina. Tambien recibio un premio Ivor Novello por Coleccion de Canciones Contemporaneas Relevantes.
La musica de Armatrading es considerada ser mayormente pop con influencias de rock, folk, jazz, blues, soul e inclusó reggae. <a href=""https://www.last.fm/music/Joan+Armatrading"">Read more on Last.fm</a>";Rickie Lee Jones, Van Morrison, k.d. lang, Shawn Colvin, Tanita Tikaram
16619;Joan Armatrading;Show Some Emotion;Show Some Emotion;album;2008;Pop;132;388270;3978977;"Joan Anita Barbara Armatrading, MBE (nacida el  9 Diciembre  de 1950) es una cantante Britanica, escritora y guitarrista. Tres veces nominada a los premios Grammy y ha sido nominada 2 veces a los BRIT awards como Mejor Artista femenina. Tambien recibio un premio Ivor Novello por Coleccion de Canciones Contemporaneas Relevantes.
La musica de Armatrading es considerada ser mayormente pop con influencias de rock, folk, jazz, blues, soul e inclusó reggae. <a href=""https://www.last.fm/music/Joan+Armatrading"">Read more on Last.fm</a>";Rickie Lee Jones, Van Morrison, k.d. lang, Shawn Colvin, Tanita Tikaram
16619;Joan Armatrading;Kissin' And A Huggin' (Live In North America/1979);Steppin' Out;album;2025;Pop;132;388270;3978977;"Joan Anita Barbara Armatrading, MBE (nacida el  9 Diciembre  de 1950) es una cantante Britanica, escritora y guitarrista. Tres veces nominada a los premios Grammy y ha sido nominada 2 veces a los BRIT awards como Mejor Artista femenina. Tambien recibio un premio Ivor Novello por Coleccion de Canciones Contemporaneas Relevantes.
La musica de Armatrading es considerada ser mayormente pop con influencias de rock, folk, jazz, blues, soul e inclusó reggae. <a href=""https://www.last.fm/music/Joan+Armatrading"">Read more on Last.fm</a>";Rickie Lee Jones, Van Morrison, k.d. lang, Shawn Colvin, Tanita Tikaram
16619;Joan Armatrading;Love Song (Live In North America/1979);Steppin' Out;album;2025;Pop;132;388270;3978977;"Joan Anita Barbara Armatrading, MBE (nacida el  9 Diciembre  de 1950) es una cantante Britanica, escritora y guitarrista. Tres veces nominada a los premios Grammy y ha sido nominada 2 veces a los BRIT awards como Mejor Artista femenina. Tambien recibio un premio Ivor Novello por Coleccion de Canciones Contemporaneas Relevantes.
La musica de Armatrading es considerada ser mayormente pop con influencias de rock, folk, jazz, blues, soul e inclusó reggae. <a href=""https://www.last.fm/music/Joan+Armatrading"">Read more on Last.fm</a>";Rickie Lee Jones, Van Morrison, k.d. lang, Shawn Colvin, Tanita Tikaram
16619;Joan Armatrading;Love And Affection (Live In North America/1979);Steppin' Out;album;2025;Pop;132;388270;3978977;"Joan Anita Barbara Armatrading, MBE (nacida el  9 Diciembre  de 1950) es una cantante Britanica, escritora y guitarrista. Tres veces nominada a los premios Grammy y ha sido nominada 2 veces a los BRIT awards como Mejor Artista femenina. Tambien recibio un premio Ivor Novello por Coleccion de Canciones Contemporaneas Relevantes.
La musica de Armatrading es considerada ser mayormente pop con influencias de rock, folk, jazz, blues, soul e inclusó reggae. <a href=""https://www.last.fm/music/Joan+Armatrading"">Read more on Last.fm</a>";Rickie Lee Jones, Van Morrison, k.d. lang, Shawn Colvin, Tanita Tikaram
16619;Joan Armatrading;Mama Mercy (Live In North America/1979);Steppin' Out;album;2025;Pop;132;388270;3978977;"Joan Anita Barbara Armatrading, MBE (nacida el  9 Diciembre  de 1950) es una cantante Britanica, escritora y guitarrista. Tres veces nominada a los premios Grammy y ha sido nominada 2 veces a los BRIT awards como Mejor Artista femenina. Tambien recibio un premio Ivor Novello por Coleccion de Canciones Contemporaneas Relevantes.
La musica de Armatrading es considerada ser mayormente pop con influencias de rock, folk, jazz, blues, soul e inclusó reggae. <a href=""https://www.last.fm/music/Joan+Armatrading"">Read more on Last.fm</a>";Rickie Lee Jones, Van Morrison, k.d. lang, Shawn Colvin, Tanita Tikaram
16619;Joan Armatrading;Tall In The Saddle (Live In North America/1979);Steppin' Out;album;2025;Pop;132;388270;3978977;"Joan Anita Barbara Armatrading, MBE (nacida el  9 Diciembre  de 1950) es una cantante Britanica, escritora y guitarrista. Tres veces nominada a los premios Grammy y ha sido nominada 2 veces a los BRIT awards como Mejor Artista femenina. Tambien recibio un premio Ivor Novello por Coleccion de Canciones Contemporaneas Relevantes.
La musica de Armatrading es considerada ser mayormente pop con influencias de rock, folk, jazz, blues, soul e inclusó reggae. <a href=""https://www.last.fm/music/Joan+Armatrading"">Read more on Last.fm</a>";Rickie Lee Jones, Van Morrison, k.d. lang, Shawn Colvin, Tanita Tikaram
16619;Joan Armatrading;You Rope You Tie Me (Live In North America/1979);Steppin' Out;album;2025;Pop;132;388270;3978977;"Joan Anita Barbara Armatrading, MBE (nacida el  9 Diciembre  de 1950) es una cantante Britanica, escritora y guitarrista. Tres veces nominada a los premios Grammy y ha sido nominada 2 veces a los BRIT awards como Mejor Artista femenina. Tambien recibio un premio Ivor Novello por Coleccion de Canciones Contemporaneas Relevantes.
La musica de Armatrading es considerada ser mayormente pop con influencias de rock, folk, jazz, blues, soul e inclusó reggae. <a href=""https://www.last.fm/music/Joan+Armatrading"">Read more on Last.fm</a>";Rickie Lee Jones, Van Morrison, k.d. lang, Shawn Colvin, Tanita Tikaram
16619;Joan Armatrading;My Family (2015 Remastered Version);Whatever's For Us (2015 Remaster);album;1972;Singer & Songwriter;522;388270;3978977;"Joan Anita Barbara Armatrading, MBE (nacida el  9 Diciembre  de 1950) es una cantante Britanica, escritora y guitarrista. Tres veces nominada a los premios Grammy y ha sido nominada 2 veces a los BRIT awards como Mejor Artista femenina. Tambien recibio un premio Ivor Novello por Coleccion de Canciones Contemporaneas Relevantes.
La musica de Armatrading es considerada ser mayormente pop con influencias de rock, folk, jazz, blues, soul e inclusó reggae. <a href=""https://www.last.fm/music/Joan+Armatrading"">Read more on Last.fm</a>";Rickie Lee Jones, Van Morrison, k.d. lang, Shawn Colvin, Tanita Tikaram
16619;Joan Armatrading;City Girl (2015 Remastered Version);Whatever's For Us (2015 Remaster);album;1972;Singer & Songwriter;522;388270;3978977;"Joan Anita Barbara Armatrading, MBE (nacida el  9 Diciembre  de 1950) es una cantante Britanica, escritora y guitarrista. Tres veces nominada a los premios Grammy y ha sido nominada 2 veces a los BRIT awards como Mejor Artista femenina. Tambien recibio un premio Ivor Novello por Coleccion de Canciones Contemporaneas Relevantes.
La musica de Armatrading es considerada ser mayormente pop con influencias de rock, folk, jazz, blues, soul e inclusó reggae. <a href=""https://www.last.fm/music/Joan+Armatrading"">Read more on Last.fm</a>";Rickie Lee Jones, Van Morrison, k.d. lang, Shawn Colvin, Tanita Tikaram
16619;Joan Armatrading;Spend A Little Time (2015 Remastered Version);Whatever's For Us (2015 Remaster);album;1972;Singer & Songwriter;522;388270;3978977;"Joan Anita Barbara Armatrading, MBE (nacida el  9 Diciembre  de 1950) es una cantante Britanica, escritora y guitarrista. Tres veces nominada a los premios Grammy y ha sido nominada 2 veces a los BRIT awards como Mejor Artista femenina. Tambien recibio un premio Ivor Novello por Coleccion de Canciones Contemporaneas Relevantes.
La musica de Armatrading es considerada ser mayormente pop con influencias de rock, folk, jazz, blues, soul e inclusó reggae. <a href=""https://www.last.fm/music/Joan+Armatrading"">Read more on Last.fm</a>";Rickie Lee Jones, Van Morrison, k.d. lang, Shawn Colvin, Tanita Tikaram
16619;Joan Armatrading;Whatever's For Us, For Us (2015 Remastered Version);Whatever's For Us (2015 Remaster);album;1972;Singer & Songwriter;522;388270;3978977;"Joan Anita Barbara Armatrading, MBE (nacida el  9 Diciembre  de 1950) es una cantante Britanica, escritora y guitarrista. Tres veces nominada a los premios Grammy y ha sido nominada 2 veces a los BRIT awards como Mejor Artista femenina. Tambien recibio un premio Ivor Novello por Coleccion de Canciones Contemporaneas Relevantes.
La musica de Armatrading es considerada ser mayormente pop con influencias de rock, folk, jazz, blues, soul e inclusó reggae. <a href=""https://www.last.fm/music/Joan+Armatrading"">Read more on Last.fm</a>";Rickie Lee Jones, Van Morrison, k.d. lang, Shawn Colvin, Tanita Tikaram
16619;Joan Armatrading;Child Star (2015 Remastered Version);Whatever's For Us (2015 Remaster);album;1972;Singer & Songwriter;522;388270;3978977;"Joan Anita Barbara Armatrading, MBE (nacida el  9 Diciembre  de 1950) es una cantante Britanica, escritora y guitarrista. Tres veces nominada a los premios Grammy y ha sido nominada 2 veces a los BRIT awards como Mejor Artista femenina. Tambien recibio un premio Ivor Novello por Coleccion de Canciones Contemporaneas Relevantes.
La musica de Armatrading es considerada ser mayormente pop con influencias de rock, folk, jazz, blues, soul e inclusó reggae. <a href=""https://www.last.fm/music/Joan+Armatrading"">Read more on Last.fm</a>";Rickie Lee Jones, Van Morrison, k.d. lang, Shawn Colvin, Tanita Tikaram
16619;Joan Armatrading;Visionary Mountains (2015 Remastered Version);Whatever's For Us (2015 Remaster);album;1972;Singer & Songwriter;522;388270;3978977;"Joan Anita Barbara Armatrading, MBE (nacida el  9 Diciembre  de 1950) es una cantante Britanica, escritora y guitarrista. Tres veces nominada a los premios Grammy y ha sido nominada 2 veces a los BRIT awards como Mejor Artista femenina. Tambien recibio un premio Ivor Novello por Coleccion de Canciones Contemporaneas Relevantes.
La musica de Armatrading es considerada ser mayormente pop con influencias de rock, folk, jazz, blues, soul e inclusó reggae. <a href=""https://www.last.fm/music/Joan+Armatrading"">Read more on Last.fm</a>";Rickie Lee Jones, Van Morrison, k.d. lang, Shawn Colvin, Tanita Tikaram
16619;Joan Armatrading;It Could Have Been Better (2015 Remastered Version);Whatever's For Us (2015 Remaster);album;1972;Singer & Songwriter;522;388270;3978977;"Joan Anita Barbara Armatrading, MBE (nacida el  9 Diciembre  de 1950) es una cantante Britanica, escritora y guitarrista. Tres veces nominada a los premios Grammy y ha sido nominada 2 veces a los BRIT awards como Mejor Artista femenina. Tambien recibio un premio Ivor Novello por Coleccion de Canciones Contemporaneas Relevantes.
La musica de Armatrading es considerada ser mayormente pop con influencias de rock, folk, jazz, blues, soul e inclusó reggae. <a href=""https://www.last.fm/music/Joan+Armatrading"">Read more on Last.fm</a>";Rickie Lee Jones, Van Morrison, k.d. lang, Shawn Colvin, Tanita Tikaram
16619;Joan Armatrading;Head of the Table (2015 Remastered Version);Whatever's For Us (2015 Remaster);album;1972;Singer & Songwriter;522;388270;3978977;"Joan Anita Barbara Armatrading, MBE (nacida el  9 Diciembre  de 1950) es una cantante Britanica, escritora y guitarrista. Tres veces nominada a los premios Grammy y ha sido nominada 2 veces a los BRIT awards como Mejor Artista femenina. Tambien recibio un premio Ivor Novello por Coleccion de Canciones Contemporaneas Relevantes.
La musica de Armatrading es considerada ser mayormente pop con influencias de rock, folk, jazz, blues, soul e inclusó reggae. <a href=""https://www.last.fm/music/Joan+Armatrading"">Read more on Last.fm</a>";Rickie Lee Jones, Van Morrison, k.d. lang, Shawn Colvin, Tanita Tikaram
16619;Joan Armatrading;Mister Remember Me (2015 Remastered Version);Whatever's For Us (2015 Remaster);album;1972;Singer & Songwriter;522;388270;3978977;"Joan Anita Barbara Armatrading, MBE (nacida el  9 Diciembre  de 1950) es una cantante Britanica, escritora y guitarrista. Tres veces nominada a los premios Grammy y ha sido nominada 2 veces a los BRIT awards como Mejor Artista femenina. Tambien recibio un premio Ivor Novello por Coleccion de Canciones Contemporaneas Relevantes.
La musica de Armatrading es considerada ser mayormente pop con influencias de rock, folk, jazz, blues, soul e inclusó reggae. <a href=""https://www.last.fm/music/Joan+Armatrading"">Read more on Last.fm</a>";Rickie Lee Jones, Van Morrison, k.d. lang, Shawn Colvin, Tanita Tikaram
16619;Joan Armatrading;Gave It a Try (2015 Remastered Version);Whatever's For Us (2015 Remaster);album;1972;Singer & Songwriter;522;388270;3978977;"Joan Anita Barbara Armatrading, MBE (nacida el  9 Diciembre  de 1950) es una cantante Britanica, escritora y guitarrista. Tres veces nominada a los premios Grammy y ha sido nominada 2 veces a los BRIT awards como Mejor Artista femenina. Tambien recibio un premio Ivor Novello por Coleccion de Canciones Contemporaneas Relevantes.
La musica de Armatrading es considerada ser mayormente pop con influencias de rock, folk, jazz, blues, soul e inclusó reggae. <a href=""https://www.last.fm/music/Joan+Armatrading"">Read more on Last.fm</a>";Rickie Lee Jones, Van Morrison, k.d. lang, Shawn Colvin, Tanita Tikaram
16619;Joan Armatrading;Alice (2015 Remastered Version);Whatever's For Us (2015 Remaster);album;1972;Singer & Songwriter;522;388270;3978977;"Joan Anita Barbara Armatrading, MBE (nacida el  9 Diciembre  de 1950) es una cantante Britanica, escritora y guitarrista. Tres veces nominada a los premios Grammy y ha sido nominada 2 veces a los BRIT awards como Mejor Artista femenina. Tambien recibio un premio Ivor Novello por Coleccion de Canciones Contemporaneas Relevantes.
La musica de Armatrading es considerada ser mayormente pop con influencias de rock, folk, jazz, blues, soul e inclusó reggae. <a href=""https://www.last.fm/music/Joan+Armatrading"">Read more on Last.fm</a>";Rickie Lee Jones, Van Morrison, k.d. lang, Shawn Colvin, Tanita Tikaram
16619;Joan Armatrading;Conversation (2015 Remastered Version);Whatever's For Us (2015 Remaster);album;1972;Singer & Songwriter;522;388270;3978977;"Joan Anita Barbara Armatrading, MBE (nacida el  9 Diciembre  de 1950) es una cantante Britanica, escritora y guitarrista. Tres veces nominada a los premios Grammy y ha sido nominada 2 veces a los BRIT awards como Mejor Artista femenina. Tambien recibio un premio Ivor Novello por Coleccion de Canciones Contemporaneas Relevantes.
La musica de Armatrading es considerada ser mayormente pop con influencias de rock, folk, jazz, blues, soul e inclusó reggae. <a href=""https://www.last.fm/music/Joan+Armatrading"">Read more on Last.fm</a>";Rickie Lee Jones, Van Morrison, k.d. lang, Shawn Colvin, Tanita Tikaram
16619;Joan Armatrading;Mean Old Man (2015 Remastered Version);Whatever's For Us (2015 Remaster);album;1972;Singer & Songwriter;522;388270;3978977;"Joan Anita Barbara Armatrading, MBE (nacida el  9 Diciembre  de 1950) es una cantante Britanica, escritora y guitarrista. Tres veces nominada a los premios Grammy y ha sido nominada 2 veces a los BRIT awards como Mejor Artista femenina. Tambien recibio un premio Ivor Novello por Coleccion de Canciones Contemporaneas Relevantes.
La musica de Armatrading es considerada ser mayormente pop con influencias de rock, folk, jazz, blues, soul e inclusó reggae. <a href=""https://www.last.fm/music/Joan+Armatrading"">Read more on Last.fm</a>";Rickie Lee Jones, Van Morrison, k.d. lang, Shawn Colvin, Tanita Tikaram
16619;Joan Armatrading;All the King's Gardens (2015 Remastered Version);Whatever's For Us (2015 Remaster);album;1972;Singer & Songwriter;522;388270;3978977;"Joan Anita Barbara Armatrading, MBE (nacida el  9 Diciembre  de 1950) es una cantante Britanica, escritora y guitarrista. Tres veces nominada a los premios Grammy y ha sido nominada 2 veces a los BRIT awards como Mejor Artista femenina. Tambien recibio un premio Ivor Novello por Coleccion de Canciones Contemporaneas Relevantes.
La musica de Armatrading es considerada ser mayormente pop con influencias de rock, folk, jazz, blues, soul e inclusó reggae. <a href=""https://www.last.fm/music/Joan+Armatrading"">Read more on Last.fm</a>";Rickie Lee Jones, Van Morrison, k.d. lang, Shawn Colvin, Tanita Tikaram
16619;Joan Armatrading;All The Way From America;Willow:The Joan Armatrading Collection;album;2007;Pop;132;388270;3978977;"Joan Anita Barbara Armatrading, MBE (nacida el  9 Diciembre  de 1950) es una cantante Britanica, escritora y guitarrista. Tres veces nominada a los premios Grammy y ha sido nominada 2 veces a los BRIT awards como Mejor Artista femenina. Tambien recibio un premio Ivor Novello por Coleccion de Canciones Contemporaneas Relevantes.
La musica de Armatrading es considerada ser mayormente pop con influencias de rock, folk, jazz, blues, soul e inclusó reggae. <a href=""https://www.last.fm/music/Joan+Armatrading"">Read more on Last.fm</a>";Rickie Lee Jones, Van Morrison, k.d. lang, Shawn Colvin, Tanita Tikaram
16619;Joan Armatrading;Steppin' Out (Live);Me Myself I - World Tour;album;2016;Pop;132;388270;3978977;"Joan Anita Barbara Armatrading, MBE (nacida el  9 Diciembre  de 1950) es una cantante Britanica, escritora y guitarrista. Tres veces nominada a los premios Grammy y ha sido nominada 2 veces a los BRIT awards como Mejor Artista femenina. Tambien recibio un premio Ivor Novello por Coleccion de Canciones Contemporaneas Relevantes.
La musica de Armatrading es considerada ser mayormente pop con influencias de rock, folk, jazz, blues, soul e inclusó reggae. <a href=""https://www.last.fm/music/Joan+Armatrading"">Read more on Last.fm</a>";Rickie Lee Jones, Van Morrison, k.d. lang, Shawn Colvin, Tanita Tikaram
744;Nina Simone;I Put A Spell On You;I Put A Spell On You;album;2018;Jazz;129;2995908;75195380;"Eunice Kathleen Waymon (Tryon, 21 de febrero de 1933 - Carry-le-Rouet, 21 de abril de 2003), Nina Simone, cantante, compositora y pianista estadounidense de jazz, blues, rhythm and blues y soul. Se la conoce con el sobrenombre de ""High Priestess of Soul"".

Estilísticamente, la palabra que mejor caracteriza a Nina Simone es eclecticismo. Su voz se caracteriza por su pasión, su breathiness (voz jadeante, sofocada, sin aliento) y su trémolo.

La influencia de Duke Ellington es patente en toda la obra de Nina <a href=""https://www.last.fm/music/Nina+Simone"">Read more on Last.fm</a>";Billie Holiday, Aretha Franklin, Etta James, Sarah Vaughan, Dinah Washington
744;Nina Simone;Feeling Good;Feeling Good: The Very Best Of Nina Simone;album;2019;Jazz;129;2995908;75195380;"Eunice Kathleen Waymon (Tryon, 21 de febrero de 1933 - Carry-le-Rouet, 21 de abril de 2003), Nina Simone, cantante, compositora y pianista estadounidense de jazz, blues, rhythm and blues y soul. Se la conoce con el sobrenombre de ""High Priestess of Soul"".

Estilísticamente, la palabra que mejor caracteriza a Nina Simone es eclecticismo. Su voz se caracteriza por su pasión, su breathiness (voz jadeante, sofocada, sin aliento) y su trémolo.

La influencia de Duke Ellington es patente en toda la obra de Nina <a href=""https://www.last.fm/music/Nina+Simone"">Read more on Last.fm</a>";Billie Holiday, Aretha Franklin, Etta James, Sarah Vaughan, Dinah Washington
744;Nina Simone;"Ain't Got No - I Got Life (From the Musical Production ""Hair"") (Live)";The Greatest Hits;album;2003;Pop;132;2995908;75195380;"Eunice Kathleen Waymon (Tryon, 21 de febrero de 1933 - Carry-le-Rouet, 21 de abril de 2003), Nina Simone, cantante, compositora y pianista estadounidense de jazz, blues, rhythm and blues y soul. Se la conoce con el sobrenombre de ""High Priestess of Soul"".

Estilísticamente, la palabra que mejor caracteriza a Nina Simone es eclecticismo. Su voz se caracteriza por su pasión, su breathiness (voz jadeante, sofocada, sin aliento) y su trémolo.

La influencia de Duke Ellington es patente en toda la obra de Nina <a href=""https://www.last.fm/music/Nina+Simone"">Read more on Last.fm</a>";Billie Holiday, Aretha Franklin, Etta James, Sarah Vaughan, Dinah Washington
744;Nina Simone;Sinnerman;Feeling Good: The Very Best Of Nina Simone;album;2019;Jazz;129;2995908;75195380;"Eunice Kathleen Waymon (Tryon, 21 de febrero de 1933 - Carry-le-Rouet, 21 de abril de 2003), Nina Simone, cantante, compositora y pianista estadounidense de jazz, blues, rhythm and blues y soul. Se la conoce con el sobrenombre de ""High Priestess of Soul"".

Estilísticamente, la palabra que mejor caracteriza a Nina Simone es eclecticismo. Su voz se caracteriza por su pasión, su breathiness (voz jadeante, sofocada, sin aliento) y su trémolo.

La influencia de Duke Ellington es patente en toda la obra de Nina <a href=""https://www.last.fm/music/Nina+Simone"">Read more on Last.fm</a>";Billie Holiday, Aretha Franklin, Etta James, Sarah Vaughan, Dinah Washington
744;Nina Simone;My Baby Just Cares for Me;My Baby Just Cares for Me;album;2009;Jazz;129;2995908;75195380;"Eunice Kathleen Waymon (Tryon, 21 de febrero de 1933 - Carry-le-Rouet, 21 de abril de 2003), Nina Simone, cantante, compositora y pianista estadounidense de jazz, blues, rhythm and blues y soul. Se la conoce con el sobrenombre de ""High Priestess of Soul"".

Estilísticamente, la palabra que mejor caracteriza a Nina Simone es eclecticismo. Su voz se caracteriza por su pasión, su breathiness (voz jadeante, sofocada, sin aliento) y su trémolo.

La influencia de Duke Ellington es patente en toda la obra de Nina <a href=""https://www.last.fm/music/Nina+Simone"">Read more on Last.fm</a>";Billie Holiday, Aretha Franklin, Etta James, Sarah Vaughan, Dinah Washington
744;Nina Simone;Sinnerman (Sofi Tukker Remix);Sinnerman (Sofi Tukker Remix);colaboracion;2021;Jazz;129;2995908;75195380;"Eunice Kathleen Waymon (Tryon, 21 de febrero de 1933 - Carry-le-Rouet, 21 de abril de 2003), Nina Simone, cantante, compositora y pianista estadounidense de jazz, blues, rhythm and blues y soul. Se la conoce con el sobrenombre de ""High Priestess of Soul"".

Estilísticamente, la palabra que mejor caracteriza a Nina Simone es eclecticismo. Su voz se caracteriza por su pasión, su breathiness (voz jadeante, sofocada, sin aliento) y su trémolo.

La influencia de Duke Ellington es patente en toda la obra de Nina <a href=""https://www.last.fm/music/Nina+Simone"">Read more on Last.fm</a>";Billie Holiday, Aretha Franklin, Etta James, Sarah Vaughan, Dinah Washington
744;Nina Simone;Mr. Bojangles;The Greatest Hits;album;2003;Pop;132;2995908;75195380;"Eunice Kathleen Waymon (Tryon, 21 de febrero de 1933 - Carry-le-Rouet, 21 de abril de 2003), Nina Simone, cantante, compositora y pianista estadounidense de jazz, blues, rhythm and blues y soul. Se la conoce con el sobrenombre de ""High Priestess of Soul"".

Estilísticamente, la palabra que mejor caracteriza a Nina Simone es eclecticismo. Su voz se caracteriza por su pasión, su breathiness (voz jadeante, sofocada, sin aliento) y su trémolo.

La influencia de Duke Ellington es patente en toda la obra de Nina <a href=""https://www.last.fm/music/Nina+Simone"">Read more on Last.fm</a>";Billie Holiday, Aretha Franklin, Etta James, Sarah Vaughan, Dinah Washington
744;Nina Simone;Here Comes the Sun;The Very Best Of Nina Simone 1967-1972 - Sugar In My Bowl;album;1998;Jazz;129;2995908;75195380;"Eunice Kathleen Waymon (Tryon, 21 de febrero de 1933 - Carry-le-Rouet, 21 de abril de 2003), Nina Simone, cantante, compositora y pianista estadounidense de jazz, blues, rhythm and blues y soul. Se la conoce con el sobrenombre de ""High Priestess of Soul"".

Estilísticamente, la palabra que mejor caracteriza a Nina Simone es eclecticismo. Su voz se caracteriza por su pasión, su breathiness (voz jadeante, sofocada, sin aliento) y su trémolo.

La influencia de Duke Ellington es patente en toda la obra de Nina <a href=""https://www.last.fm/music/Nina+Simone"">Read more on Last.fm</a>";Billie Holiday, Aretha Franklin, Etta James, Sarah Vaughan, Dinah Washington
744;Nina Simone;Take Care Of Business (Solomun Mix);Take Care Of Business (Solomun Mix);colaboracion;2026;Electro;106;2995908;75195380;"Eunice Kathleen Waymon (Tryon, 21 de febrero de 1933 - Carry-le-Rouet, 21 de abril de 2003), Nina Simone, cantante, compositora y pianista estadounidense de jazz, blues, rhythm and blues y soul. Se la conoce con el sobrenombre de ""High Priestess of Soul"".

Estilísticamente, la palabra que mejor caracteriza a Nina Simone es eclecticismo. Su voz se caracteriza por su pasión, su breathiness (voz jadeante, sofocada, sin aliento) y su trémolo.

La influencia de Duke Ellington es patente en toda la obra de Nina <a href=""https://www.last.fm/music/Nina+Simone"">Read more on Last.fm</a>";Billie Holiday, Aretha Franklin, Etta James, Sarah Vaughan, Dinah Washington
744;Nina Simone;Don't Let Me Be Misunderstood;Don't Let Me Be Misunderstood;album;2018;Jazz;129;2995908;75195380;"Eunice Kathleen Waymon (Tryon, 21 de febrero de 1933 - Carry-le-Rouet, 21 de abril de 2003), Nina Simone, cantante, compositora y pianista estadounidense de jazz, blues, rhythm and blues y soul. Se la conoce con el sobrenombre de ""High Priestess of Soul"".

Estilísticamente, la palabra que mejor caracteriza a Nina Simone es eclecticismo. Su voz se caracteriza por su pasión, su breathiness (voz jadeante, sofocada, sin aliento) y su trémolo.

La influencia de Duke Ellington es patente en toda la obra de Nina <a href=""https://www.last.fm/music/Nina+Simone"">Read more on Last.fm</a>";Billie Holiday, Aretha Franklin, Etta James, Sarah Vaughan, Dinah Washington
744;Nina Simone;Blues for Mama;Nina Simone Sings The Blues (Expanded Edition);album;2006;Jazz;129;2995908;75195380;"Eunice Kathleen Waymon (Tryon, 21 de febrero de 1933 - Carry-le-Rouet, 21 de abril de 2003), Nina Simone, cantante, compositora y pianista estadounidense de jazz, blues, rhythm and blues y soul. Se la conoce con el sobrenombre de ""High Priestess of Soul"".

Estilísticamente, la palabra que mejor caracteriza a Nina Simone es eclecticismo. Su voz se caracteriza por su pasión, su breathiness (voz jadeante, sofocada, sin aliento) y su trémolo.

La influencia de Duke Ellington es patente en toda la obra de Nina <a href=""https://www.last.fm/music/Nina+Simone"">Read more on Last.fm</a>";Billie Holiday, Aretha Franklin, Etta James, Sarah Vaughan, Dinah Washington
744;Nina Simone;My Way;Here Comes The Sun (Expanded Edition);album;2012;Jazz;129;2995908;75195380;"Eunice Kathleen Waymon (Tryon, 21 de febrero de 1933 - Carry-le-Rouet, 21 de abril de 2003), Nina Simone, cantante, compositora y pianista estadounidense de jazz, blues, rhythm and blues y soul. Se la conoce con el sobrenombre de ""High Priestess of Soul"".

Estilísticamente, la palabra que mejor caracteriza a Nina Simone es eclecticismo. Su voz se caracteriza por su pasión, su breathiness (voz jadeante, sofocada, sin aliento) y su trémolo.

La influencia de Duke Ellington es patente en toda la obra de Nina <a href=""https://www.last.fm/music/Nina+Simone"">Read more on Last.fm</a>";Billie Holiday, Aretha Franklin, Etta James, Sarah Vaughan, Dinah Washington
744;Nina Simone;I Wish I Knew How It Would Feel to Be Free;Silk & Soul (Expanded Edition);album;2006;Jazz;129;2995908;75195380;"Eunice Kathleen Waymon (Tryon, 21 de febrero de 1933 - Carry-le-Rouet, 21 de abril de 2003), Nina Simone, cantante, compositora y pianista estadounidense de jazz, blues, rhythm and blues y soul. Se la conoce con el sobrenombre de ""High Priestess of Soul"".

Estilísticamente, la palabra que mejor caracteriza a Nina Simone es eclecticismo. Su voz se caracteriza por su pasión, su breathiness (voz jadeante, sofocada, sin aliento) y su trémolo.

La influencia de Duke Ellington es patente en toda la obra de Nina <a href=""https://www.last.fm/music/Nina+Simone"">Read more on Last.fm</a>";Billie Holiday, Aretha Franklin, Etta James, Sarah Vaughan, Dinah Washington
744;Nina Simone;Nobody's Fault But Mine;The Greatest Hits;album;2003;Pop;132;2995908;75195380;"Eunice Kathleen Waymon (Tryon, 21 de febrero de 1933 - Carry-le-Rouet, 21 de abril de 2003), Nina Simone, cantante, compositora y pianista estadounidense de jazz, blues, rhythm and blues y soul. Se la conoce con el sobrenombre de ""High Priestess of Soul"".

Estilísticamente, la palabra que mejor caracteriza a Nina Simone es eclecticismo. Su voz se caracteriza por su pasión, su breathiness (voz jadeante, sofocada, sin aliento) y su trémolo.

La influencia de Duke Ellington es patente en toda la obra de Nina <a href=""https://www.last.fm/music/Nina+Simone"">Read more on Last.fm</a>";Billie Holiday, Aretha Franklin, Etta James, Sarah Vaughan, Dinah Washington
744;Nina Simone;Since I Fell for You;The Greatest Hits;album;2003;Pop;132;2995908;75195380;"Eunice Kathleen Waymon (Tryon, 21 de febrero de 1933 - Carry-le-Rouet, 21 de abril de 2003), Nina Simone, cantante, compositora y pianista estadounidense de jazz, blues, rhythm and blues y soul. Se la conoce con el sobrenombre de ""High Priestess of Soul"".

Estilísticamente, la palabra que mejor caracteriza a Nina Simone es eclecticismo. Su voz se caracteriza por su pasión, su breathiness (voz jadeante, sofocada, sin aliento) y su trémolo.

La influencia de Duke Ellington es patente en toda la obra de Nina <a href=""https://www.last.fm/music/Nina+Simone"">Read more on Last.fm</a>";Billie Holiday, Aretha Franklin, Etta James, Sarah Vaughan, Dinah Washington
744;Nina Simone;Here Comes the Sun;The Greatest Hits;album;2003;Pop;132;2995908;75195380;"Eunice Kathleen Waymon (Tryon, 21 de febrero de 1933 - Carry-le-Rouet, 21 de abril de 2003), Nina Simone, cantante, compositora y pianista estadounidense de jazz, blues, rhythm and blues y soul. Se la conoce con el sobrenombre de ""High Priestess of Soul"".

Estilísticamente, la palabra que mejor caracteriza a Nina Simone es eclecticismo. Su voz se caracteriza por su pasión, su breathiness (voz jadeante, sofocada, sin aliento) y su trémolo.

La influencia de Duke Ellington es patente en toda la obra de Nina <a href=""https://www.last.fm/music/Nina+Simone"">Read more on Last.fm</a>";Billie Holiday, Aretha Franklin, Etta James, Sarah Vaughan, Dinah Washington
744;Nina Simone;Baltimore;Baltimore;album;1995;Jazz;129;2995908;75195380;"Eunice Kathleen Waymon (Tryon, 21 de febrero de 1933 - Carry-le-Rouet, 21 de abril de 2003), Nina Simone, cantante, compositora y pianista estadounidense de jazz, blues, rhythm and blues y soul. Se la conoce con el sobrenombre de ""High Priestess of Soul"".

Estilísticamente, la palabra que mejor caracteriza a Nina Simone es eclecticismo. Su voz se caracteriza por su pasión, su breathiness (voz jadeante, sofocada, sin aliento) y su trémolo.

La influencia de Duke Ellington es patente en toda la obra de Nina <a href=""https://www.last.fm/music/Nina+Simone"">Read more on Last.fm</a>";Billie Holiday, Aretha Franklin, Etta James, Sarah Vaughan, Dinah Washington
744;Nina Simone;To Love Somebody;The Greatest Hits;album;2003;Pop;132;2995908;75195380;"Eunice Kathleen Waymon (Tryon, 21 de febrero de 1933 - Carry-le-Rouet, 21 de abril de 2003), Nina Simone, cantante, compositora y pianista estadounidense de jazz, blues, rhythm and blues y soul. Se la conoce con el sobrenombre de ""High Priestess of Soul"".

Estilísticamente, la palabra que mejor caracteriza a Nina Simone es eclecticismo. Su voz se caracteriza por su pasión, su breathiness (voz jadeante, sofocada, sin aliento) y su trémolo.

La influencia de Duke Ellington es patente en toda la obra de Nina <a href=""https://www.last.fm/music/Nina+Simone"">Read more on Last.fm</a>";Billie Holiday, Aretha Franklin, Etta James, Sarah Vaughan, Dinah Washington
744;Nina Simone;I Shall Be Released;To Love Somebody (Expanded Edition);album;1969;Jazz;129;2995908;75195380;"Eunice Kathleen Waymon (Tryon, 21 de febrero de 1933 - Carry-le-Rouet, 21 de abril de 2003), Nina Simone, cantante, compositora y pianista estadounidense de jazz, blues, rhythm and blues y soul. Se la conoce con el sobrenombre de ""High Priestess of Soul"".

Estilísticamente, la palabra que mejor caracteriza a Nina Simone es eclecticismo. Su voz se caracteriza por su pasión, su breathiness (voz jadeante, sofocada, sin aliento) y su trémolo.

La influencia de Duke Ellington es patente en toda la obra de Nina <a href=""https://www.last.fm/music/Nina+Simone"">Read more on Last.fm</a>";Billie Holiday, Aretha Franklin, Etta James, Sarah Vaughan, Dinah Washington
744;Nina Simone;Turn Me On;The Greatest Hits;album;2003;Pop;132;2995908;75195380;"Eunice Kathleen Waymon (Tryon, 21 de febrero de 1933 - Carry-le-Rouet, 21 de abril de 2003), Nina Simone, cantante, compositora y pianista estadounidense de jazz, blues, rhythm and blues y soul. Se la conoce con el sobrenombre de ""High Priestess of Soul"".

Estilísticamente, la palabra que mejor caracteriza a Nina Simone es eclecticismo. Su voz se caracteriza por su pasión, su breathiness (voz jadeante, sofocada, sin aliento) y su trémolo.

La influencia de Duke Ellington es patente en toda la obra de Nina <a href=""https://www.last.fm/music/Nina+Simone"">Read more on Last.fm</a>";Billie Holiday, Aretha Franklin, Etta James, Sarah Vaughan, Dinah Washington
744;Nina Simone;One September Day;I Put A Spell On You;album;2018;Jazz;129;2995908;75195380;"Eunice Kathleen Waymon (Tryon, 21 de febrero de 1933 - Carry-le-Rouet, 21 de abril de 2003), Nina Simone, cantante, compositora y pianista estadounidense de jazz, blues, rhythm and blues y soul. Se la conoce con el sobrenombre de ""High Priestess of Soul"".

Estilísticamente, la palabra que mejor caracteriza a Nina Simone es eclecticismo. Su voz se caracteriza por su pasión, su breathiness (voz jadeante, sofocada, sin aliento) y su trémolo.

La influencia de Duke Ellington es patente en toda la obra de Nina <a href=""https://www.last.fm/music/Nina+Simone"">Read more on Last.fm</a>";Billie Holiday, Aretha Franklin, Etta James, Sarah Vaughan, Dinah Washington
744;Nina Simone;I Want a Little Sugar In My Bowl;The Greatest Hits;album;2003;Pop;132;2995908;75195380;"Eunice Kathleen Waymon (Tryon, 21 de febrero de 1933 - Carry-le-Rouet, 21 de abril de 2003), Nina Simone, cantante, compositora y pianista estadounidense de jazz, blues, rhythm and blues y soul. Se la conoce con el sobrenombre de ""High Priestess of Soul"".

Estilísticamente, la palabra que mejor caracteriza a Nina Simone es eclecticismo. Su voz se caracteriza por su pasión, su breathiness (voz jadeante, sofocada, sin aliento) y su trémolo.

La influencia de Duke Ellington es patente en toda la obra de Nina <a href=""https://www.last.fm/music/Nina+Simone"">Read more on Last.fm</a>";Billie Holiday, Aretha Franklin, Etta James, Sarah Vaughan, Dinah Washington
744;Nina Simone;The Look of Love;The Greatest Hits;album;2003;Pop;132;2995908;75195380;"Eunice Kathleen Waymon (Tryon, 21 de febrero de 1933 - Carry-le-Rouet, 21 de abril de 2003), Nina Simone, cantante, compositora y pianista estadounidense de jazz, blues, rhythm and blues y soul. Se la conoce con el sobrenombre de ""High Priestess of Soul"".

Estilísticamente, la palabra que mejor caracteriza a Nina Simone es eclecticismo. Su voz se caracteriza por su pasión, su breathiness (voz jadeante, sofocada, sin aliento) y su trémolo.

La influencia de Duke Ellington es patente en toda la obra de Nina <a href=""https://www.last.fm/music/Nina+Simone"">Read more on Last.fm</a>";Billie Holiday, Aretha Franklin, Etta James, Sarah Vaughan, Dinah Washington
744;Nina Simone;Suzanne;The Greatest Hits;album;2003;Pop;132;2995908;75195380;"Eunice Kathleen Waymon (Tryon, 21 de febrero de 1933 - Carry-le-Rouet, 21 de abril de 2003), Nina Simone, cantante, compositora y pianista estadounidense de jazz, blues, rhythm and blues y soul. Se la conoce con el sobrenombre de ""High Priestess of Soul"".

Estilísticamente, la palabra que mejor caracteriza a Nina Simone es eclecticismo. Su voz se caracteriza por su pasión, su breathiness (voz jadeante, sofocada, sin aliento) y su trémolo.

La influencia de Duke Ellington es patente en toda la obra de Nina <a href=""https://www.last.fm/music/Nina+Simone"">Read more on Last.fm</a>";Billie Holiday, Aretha Franklin, Etta James, Sarah Vaughan, Dinah Washington
744;Nina Simone;Do I Move You? (Version II);The Greatest Hits;album;2003;Pop;132;2995908;75195380;"Eunice Kathleen Waymon (Tryon, 21 de febrero de 1933 - Carry-le-Rouet, 21 de abril de 2003), Nina Simone, cantante, compositora y pianista estadounidense de jazz, blues, rhythm and blues y soul. Se la conoce con el sobrenombre de ""High Priestess of Soul"".

Estilísticamente, la palabra que mejor caracteriza a Nina Simone es eclecticismo. Su voz se caracteriza por su pasión, su breathiness (voz jadeante, sofocada, sin aliento) y su trémolo.

La influencia de Duke Ellington es patente en toda la obra de Nina <a href=""https://www.last.fm/music/Nina+Simone"">Read more on Last.fm</a>";Billie Holiday, Aretha Franklin, Etta James, Sarah Vaughan, Dinah Washington
744;Nina Simone;"Ain't Got No - I Got Life (From the Musical Production ""Hair"") (Live)";The Very Best Of Nina Simone 1967-1972 - Sugar In My Bowl;album;1998;Jazz;129;2995908;75195380;"Eunice Kathleen Waymon (Tryon, 21 de febrero de 1933 - Carry-le-Rouet, 21 de abril de 2003), Nina Simone, cantante, compositora y pianista estadounidense de jazz, blues, rhythm and blues y soul. Se la conoce con el sobrenombre de ""High Priestess of Soul"".

Estilísticamente, la palabra que mejor caracteriza a Nina Simone es eclecticismo. Su voz se caracteriza por su pasión, su breathiness (voz jadeante, sofocada, sin aliento) y su trémolo.

La influencia de Duke Ellington es patente en toda la obra de Nina <a href=""https://www.last.fm/music/Nina+Simone"">Read more on Last.fm</a>";Billie Holiday, Aretha Franklin, Etta James, Sarah Vaughan, Dinah Washington
744;Nina Simone;Love Me Or Leave Me;Don't Let Me Be Misunderstood;album;2018;Jazz;129;2995908;75195380;"Eunice Kathleen Waymon (Tryon, 21 de febrero de 1933 - Carry-le-Rouet, 21 de abril de 2003), Nina Simone, cantante, compositora y pianista estadounidense de jazz, blues, rhythm and blues y soul. Se la conoce con el sobrenombre de ""High Priestess of Soul"".

Estilísticamente, la palabra que mejor caracteriza a Nina Simone es eclecticismo. Su voz se caracteriza por su pasión, su breathiness (voz jadeante, sofocada, sin aliento) y su trémolo.

La influencia de Duke Ellington es patente en toda la obra de Nina <a href=""https://www.last.fm/music/Nina+Simone"">Read more on Last.fm</a>";Billie Holiday, Aretha Franklin, Etta James, Sarah Vaughan, Dinah Washington
744;Nina Simone;"My Man's Gone Now (From ""Porgy and Bess"")";The Greatest Hits;album;2003;Pop;132;2995908;75195380;"Eunice Kathleen Waymon (Tryon, 21 de febrero de 1933 - Carry-le-Rouet, 21 de abril de 2003), Nina Simone, cantante, compositora y pianista estadounidense de jazz, blues, rhythm and blues y soul. Se la conoce con el sobrenombre de ""High Priestess of Soul"".

Estilísticamente, la palabra que mejor caracteriza a Nina Simone es eclecticismo. Su voz se caracteriza por su pasión, su breathiness (voz jadeante, sofocada, sin aliento) y su trémolo.

La influencia de Duke Ellington es patente en toda la obra de Nina <a href=""https://www.last.fm/music/Nina+Simone"">Read more on Last.fm</a>";Billie Holiday, Aretha Franklin, Etta James, Sarah Vaughan, Dinah Washington
744;Nina Simone;Do What You Gotta Do;The Greatest Hits;album;2003;Pop;132;2995908;75195380;"Eunice Kathleen Waymon (Tryon, 21 de febrero de 1933 - Carry-le-Rouet, 21 de abril de 2003), Nina Simone, cantante, compositora y pianista estadounidense de jazz, blues, rhythm and blues y soul. Se la conoce con el sobrenombre de ""High Priestess of Soul"".

Estilísticamente, la palabra que mejor caracteriza a Nina Simone es eclecticismo. Su voz se caracteriza por su pasión, su breathiness (voz jadeante, sofocada, sin aliento) y su trémolo.

La influencia de Duke Ellington es patente en toda la obra de Nina <a href=""https://www.last.fm/music/Nina+Simone"">Read more on Last.fm</a>";Billie Holiday, Aretha Franklin, Etta James, Sarah Vaughan, Dinah Washington
744;Nina Simone;I Got It Bad (And That Ain't Good);The Best Of - The Colpix Years;album;1992;Jazz;129;2995908;75195380;"Eunice Kathleen Waymon (Tryon, 21 de febrero de 1933 - Carry-le-Rouet, 21 de abril de 2003), Nina Simone, cantante, compositora y pianista estadounidense de jazz, blues, rhythm and blues y soul. Se la conoce con el sobrenombre de ""High Priestess of Soul"".

Estilísticamente, la palabra que mejor caracteriza a Nina Simone es eclecticismo. Su voz se caracteriza por su pasión, su breathiness (voz jadeante, sofocada, sin aliento) y su trémolo.

La influencia de Duke Ellington es patente en toda la obra de Nina <a href=""https://www.last.fm/music/Nina+Simone"">Read more on Last.fm</a>";Billie Holiday, Aretha Franklin, Etta James, Sarah Vaughan, Dinah Washington
744;Nina Simone;Ne Me Quitte Pas;Don't Let Me Be Misunderstood;album;2018;Jazz;129;2995908;75195380;"Eunice Kathleen Waymon (Tryon, 21 de febrero de 1933 - Carry-le-Rouet, 21 de abril de 2003), Nina Simone, cantante, compositora y pianista estadounidense de jazz, blues, rhythm and blues y soul. Se la conoce con el sobrenombre de ""High Priestess of Soul"".

Estilísticamente, la palabra que mejor caracteriza a Nina Simone es eclecticismo. Su voz se caracteriza por su pasión, su breathiness (voz jadeante, sofocada, sin aliento) y su trémolo.

La influencia de Duke Ellington es patente en toda la obra de Nina <a href=""https://www.last.fm/music/Nina+Simone"">Read more on Last.fm</a>";Billie Holiday, Aretha Franklin, Etta James, Sarah Vaughan, Dinah Washington
744;Nina Simone;Sinnerman (Felix Da Housecat's Heavenly House Mix);Remixed;colaboracion;2021;Jazz;129;2995908;75195380;"Eunice Kathleen Waymon (Tryon, 21 de febrero de 1933 - Carry-le-Rouet, 21 de abril de 2003), Nina Simone, cantante, compositora y pianista estadounidense de jazz, blues, rhythm and blues y soul. Se la conoce con el sobrenombre de ""High Priestess of Soul"".

Estilísticamente, la palabra que mejor caracteriza a Nina Simone es eclecticismo. Su voz se caracteriza por su pasión, su breathiness (voz jadeante, sofocada, sin aliento) y su trémolo.

La influencia de Duke Ellington es patente en toda la obra de Nina <a href=""https://www.last.fm/music/Nina+Simone"">Read more on Last.fm</a>";Billie Holiday, Aretha Franklin, Etta James, Sarah Vaughan, Dinah Washington
744;Nina Simone;My Baby Just Cares For Me (Live At Vine St. Bar & Grill, 1987);Spotlight on Nina Simone;album;2020;Jazz;129;2995908;75195380;"Eunice Kathleen Waymon (Tryon, 21 de febrero de 1933 - Carry-le-Rouet, 21 de abril de 2003), Nina Simone, cantante, compositora y pianista estadounidense de jazz, blues, rhythm and blues y soul. Se la conoce con el sobrenombre de ""High Priestess of Soul"".

Estilísticamente, la palabra que mejor caracteriza a Nina Simone es eclecticismo. Su voz se caracteriza por su pasión, su breathiness (voz jadeante, sofocada, sin aliento) y su trémolo.

La influencia de Duke Ellington es patente en toda la obra de Nina <a href=""https://www.last.fm/music/Nina+Simone"">Read more on Last.fm</a>";Billie Holiday, Aretha Franklin, Etta James, Sarah Vaughan, Dinah Washington
744;Nina Simone;"Nobody Knows You When You're Down and Out (Mono; Single Edit; 2017 Remaster)";"The Colpix Singles (Mono; 2017 Remaster)";album;2018;Jazz;129;2995908;75195380;"Eunice Kathleen Waymon (Tryon, 21 de febrero de 1933 - Carry-le-Rouet, 21 de abril de 2003), Nina Simone, cantante, compositora y pianista estadounidense de jazz, blues, rhythm and blues y soul. Se la conoce con el sobrenombre de ""High Priestess of Soul"".

Estilísticamente, la palabra que mejor caracteriza a Nina Simone es eclecticismo. Su voz se caracteriza por su pasión, su breathiness (voz jadeante, sofocada, sin aliento) y su trémolo.

La influencia de Duke Ellington es patente en toda la obra de Nina <a href=""https://www.last.fm/music/Nina+Simone"">Read more on Last.fm</a>";Billie Holiday, Aretha Franklin, Etta James, Sarah Vaughan, Dinah Washington
744;Nina Simone;Tell It Like It Is;The Very Best Of Nina Simone 1967-1972 - Sugar In My Bowl;album;1998;Jazz;129;2995908;75195380;"Eunice Kathleen Waymon (Tryon, 21 de febrero de 1933 - Carry-le-Rouet, 21 de abril de 2003), Nina Simone, cantante, compositora y pianista estadounidense de jazz, blues, rhythm and blues y soul. Se la conoce con el sobrenombre de ""High Priestess of Soul"".

Estilísticamente, la palabra que mejor caracteriza a Nina Simone es eclecticismo. Su voz se caracteriza por su pasión, su breathiness (voz jadeante, sofocada, sin aliento) y su trémolo.

La influencia de Duke Ellington es patente en toda la obra de Nina <a href=""https://www.last.fm/music/Nina+Simone"">Read more on Last.fm</a>";Billie Holiday, Aretha Franklin, Etta James, Sarah Vaughan, Dinah Washington
744;Nina Simone;Backlash Blues;The Greatest Hits;album;2003;Pop;132;2995908;75195380;"Eunice Kathleen Waymon (Tryon, 21 de febrero de 1933 - Carry-le-Rouet, 21 de abril de 2003), Nina Simone, cantante, compositora y pianista estadounidense de jazz, blues, rhythm and blues y soul. Se la conoce con el sobrenombre de ""High Priestess of Soul"".

Estilísticamente, la palabra que mejor caracteriza a Nina Simone es eclecticismo. Su voz se caracteriza por su pasión, su breathiness (voz jadeante, sofocada, sin aliento) y su trémolo.

La influencia de Duke Ellington es patente en toda la obra de Nina <a href=""https://www.last.fm/music/Nina+Simone"">Read more on Last.fm</a>";Billie Holiday, Aretha Franklin, Etta James, Sarah Vaughan, Dinah Washington
744;Nina Simone;Why? (The King of Love Is Dead) (Live);The Greatest Hits;album;2003;Pop;132;2995908;75195380;"Eunice Kathleen Waymon (Tryon, 21 de febrero de 1933 - Carry-le-Rouet, 21 de abril de 2003), Nina Simone, cantante, compositora y pianista estadounidense de jazz, blues, rhythm and blues y soul. Se la conoce con el sobrenombre de ""High Priestess of Soul"".

Estilísticamente, la palabra que mejor caracteriza a Nina Simone es eclecticismo. Su voz se caracteriza por su pasión, su breathiness (voz jadeante, sofocada, sin aliento) y su trémolo.

La influencia de Duke Ellington es patente en toda la obra de Nina <a href=""https://www.last.fm/music/Nina+Simone"">Read more on Last.fm</a>";Billie Holiday, Aretha Franklin, Etta James, Sarah Vaughan, Dinah Washington
744;Nina Simone;Compensation;The Greatest Hits;album;2003;Pop;132;2995908;75195380;"Eunice Kathleen Waymon (Tryon, 21 de febrero de 1933 - Carry-le-Rouet, 21 de abril de 2003), Nina Simone, cantante, compositora y pianista estadounidense de jazz, blues, rhythm and blues y soul. Se la conoce con el sobrenombre de ""High Priestess of Soul"".

Estilísticamente, la palabra que mejor caracteriza a Nina Simone es eclecticismo. Su voz se caracteriza por su pasión, su breathiness (voz jadeante, sofocada, sin aliento) y su trémolo.

La influencia de Duke Ellington es patente en toda la obra de Nina <a href=""https://www.last.fm/music/Nina+Simone"">Read more on Last.fm</a>";Billie Holiday, Aretha Franklin, Etta James, Sarah Vaughan, Dinah Washington
744;Nina Simone;Save Me;The Greatest Hits;album;2003;Pop;132;2995908;75195380;"Eunice Kathleen Waymon (Tryon, 21 de febrero de 1933 - Carry-le-Rouet, 21 de abril de 2003), Nina Simone, cantante, compositora y pianista estadounidense de jazz, blues, rhythm and blues y soul. Se la conoce con el sobrenombre de ""High Priestess of Soul"".

Estilísticamente, la palabra que mejor caracteriza a Nina Simone es eclecticismo. Su voz se caracteriza por su pasión, su breathiness (voz jadeante, sofocada, sin aliento) y su trémolo.

La influencia de Duke Ellington es patente en toda la obra de Nina <a href=""https://www.last.fm/music/Nina+Simone"">Read more on Last.fm</a>";Billie Holiday, Aretha Franklin, Etta James, Sarah Vaughan, Dinah Washington
744;Nina Simone;Just Like a Woman;The Greatest Hits;album;2003;Pop;132;2995908;75195380;"Eunice Kathleen Waymon (Tryon, 21 de febrero de 1933 - Carry-le-Rouet, 21 de abril de 2003), Nina Simone, cantante, compositora y pianista estadounidense de jazz, blues, rhythm and blues y soul. Se la conoce con el sobrenombre de ""High Priestess of Soul"".

Estilísticamente, la palabra que mejor caracteriza a Nina Simone es eclecticismo. Su voz se caracteriza por su pasión, su breathiness (voz jadeante, sofocada, sin aliento) y su trémolo.

La influencia de Duke Ellington es patente en toda la obra de Nina <a href=""https://www.last.fm/music/Nina+Simone"">Read more on Last.fm</a>";Billie Holiday, Aretha Franklin, Etta James, Sarah Vaughan, Dinah Washington
744;Nina Simone;In The Morning;The Greatest Hits;album;2003;Pop;132;2995908;75195380;"Eunice Kathleen Waymon (Tryon, 21 de febrero de 1933 - Carry-le-Rouet, 21 de abril de 2003), Nina Simone, cantante, compositora y pianista estadounidense de jazz, blues, rhythm and blues y soul. Se la conoce con el sobrenombre de ""High Priestess of Soul"".

Estilísticamente, la palabra que mejor caracteriza a Nina Simone es eclecticismo. Su voz se caracteriza por su pasión, su breathiness (voz jadeante, sofocada, sin aliento) y su trémolo.

La influencia de Duke Ellington es patente en toda la obra de Nina <a href=""https://www.last.fm/music/Nina+Simone"">Read more on Last.fm</a>";Billie Holiday, Aretha Franklin, Etta James, Sarah Vaughan, Dinah Washington
744;Nina Simone;That's All;Nina with Strings;album;2005;Jazz;129;2995908;75195380;"Eunice Kathleen Waymon (Tryon, 21 de febrero de 1933 - Carry-le-Rouet, 21 de abril de 2003), Nina Simone, cantante, compositora y pianista estadounidense de jazz, blues, rhythm and blues y soul. Se la conoce con el sobrenombre de ""High Priestess of Soul"".

Estilísticamente, la palabra que mejor caracteriza a Nina Simone es eclecticismo. Su voz se caracteriza por su pasión, su breathiness (voz jadeante, sofocada, sin aliento) y su trémolo.

La influencia de Duke Ellington es patente en toda la obra de Nina <a href=""https://www.last.fm/music/Nina+Simone"">Read more on Last.fm</a>";Billie Holiday, Aretha Franklin, Etta James, Sarah Vaughan, Dinah Washington
744;Nina Simone;Let It Be Me;The Greatest Hits;album;2003;Pop;132;2995908;75195380;"Eunice Kathleen Waymon (Tryon, 21 de febrero de 1933 - Carry-le-Rouet, 21 de abril de 2003), Nina Simone, cantante, compositora y pianista estadounidense de jazz, blues, rhythm and blues y soul. Se la conoce con el sobrenombre de ""High Priestess of Soul"".

Estilísticamente, la palabra que mejor caracteriza a Nina Simone es eclecticismo. Su voz se caracteriza por su pasión, su breathiness (voz jadeante, sofocada, sin aliento) y su trémolo.

La influencia de Duke Ellington es patente en toda la obra de Nina <a href=""https://www.last.fm/music/Nina+Simone"">Read more on Last.fm</a>";Billie Holiday, Aretha Franklin, Etta James, Sarah Vaughan, Dinah Washington
744;Nina Simone;In the Morning;The Very Best Of Nina Simone 1967-1972 - Sugar In My Bowl;album;1998;Jazz;129;2995908;75195380;"Eunice Kathleen Waymon (Tryon, 21 de febrero de 1933 - Carry-le-Rouet, 21 de abril de 2003), Nina Simone, cantante, compositora y pianista estadounidense de jazz, blues, rhythm and blues y soul. Se la conoce con el sobrenombre de ""High Priestess of Soul"".

Estilísticamente, la palabra que mejor caracteriza a Nina Simone es eclecticismo. Su voz se caracteriza por su pasión, su breathiness (voz jadeante, sofocada, sin aliento) y su trémolo.

La influencia de Duke Ellington es patente en toda la obra de Nina <a href=""https://www.last.fm/music/Nina+Simone"">Read more on Last.fm</a>";Billie Holiday, Aretha Franklin, Etta James, Sarah Vaughan, Dinah Washington
744;Nina Simone;What More Can I Say?;Don't Let Me Be Misunderstood;album;2018;Jazz;129;2995908;75195380;"Eunice Kathleen Waymon (Tryon, 21 de febrero de 1933 - Carry-le-Rouet, 21 de abril de 2003), Nina Simone, cantante, compositora y pianista estadounidense de jazz, blues, rhythm and blues y soul. Se la conoce con el sobrenombre de ""High Priestess of Soul"".

Estilísticamente, la palabra que mejor caracteriza a Nina Simone es eclecticismo. Su voz se caracteriza por su pasión, su breathiness (voz jadeante, sofocada, sin aliento) y su trémolo.

La influencia de Duke Ellington es patente en toda la obra de Nina <a href=""https://www.last.fm/music/Nina+Simone"">Read more on Last.fm</a>";Billie Holiday, Aretha Franklin, Etta James, Sarah Vaughan, Dinah Washington
744;Nina Simone;"Exactly Like You (Live at Town Hall; 2004 Remaster)";Nina Simone at Town Hall;album;2005;Jazz;129;2995908;75195380;"Eunice Kathleen Waymon (Tryon, 21 de febrero de 1933 - Carry-le-Rouet, 21 de abril de 2003), Nina Simone, cantante, compositora y pianista estadounidense de jazz, blues, rhythm and blues y soul. Se la conoce con el sobrenombre de ""High Priestess of Soul"".

Estilísticamente, la palabra que mejor caracteriza a Nina Simone es eclecticismo. Su voz se caracteriza por su pasión, su breathiness (voz jadeante, sofocada, sin aliento) y su trémolo.

La influencia de Duke Ellington es patente en toda la obra de Nina <a href=""https://www.last.fm/music/Nina+Simone"">Read more on Last.fm</a>";Billie Holiday, Aretha Franklin, Etta James, Sarah Vaughan, Dinah Washington
744;Nina Simone;That's All I Ask;Four Women: The Nina Simone Philips Recordings;album;2018;Jazz;129;2995908;75195380;"Eunice Kathleen Waymon (Tryon, 21 de febrero de 1933 - Carry-le-Rouet, 21 de abril de 2003), Nina Simone, cantante, compositora y pianista estadounidense de jazz, blues, rhythm and blues y soul. Se la conoce con el sobrenombre de ""High Priestess of Soul"".

Estilísticamente, la palabra que mejor caracteriza a Nina Simone es eclecticismo. Su voz se caracteriza por su pasión, su breathiness (voz jadeante, sofocada, sin aliento) y su trémolo.

La influencia de Duke Ellington es patente en toda la obra de Nina <a href=""https://www.last.fm/music/Nina+Simone"">Read more on Last.fm</a>";Billie Holiday, Aretha Franklin, Etta James, Sarah Vaughan, Dinah Washington
744;Nina Simone;My Baby Just Cares For Me (HONNE Remix);My Baby Just Cares For Me (HONNE Remix);colaboracion;2022;Jazz;129;2995908;75195380;"Eunice Kathleen Waymon (Tryon, 21 de febrero de 1933 - Carry-le-Rouet, 21 de abril de 2003), Nina Simone, cantante, compositora y pianista estadounidense de jazz, blues, rhythm and blues y soul. Se la conoce con el sobrenombre de ""High Priestess of Soul"".

Estilísticamente, la palabra que mejor caracteriza a Nina Simone es eclecticismo. Su voz se caracteriza por su pasión, su breathiness (voz jadeante, sofocada, sin aliento) y su trémolo.

La influencia de Duke Ellington es patente en toda la obra de Nina <a href=""https://www.last.fm/music/Nina+Simone"">Read more on Last.fm</a>";Billie Holiday, Aretha Franklin, Etta James, Sarah Vaughan, Dinah Washington
744;Nina Simone;Liberian Calypso;Fodder On My Wings;album;2020;Jazz;129;2995908;75195380;"Eunice Kathleen Waymon (Tryon, 21 de febrero de 1933 - Carry-le-Rouet, 21 de abril de 2003), Nina Simone, cantante, compositora y pianista estadounidense de jazz, blues, rhythm and blues y soul. Se la conoce con el sobrenombre de ""High Priestess of Soul"".

Estilísticamente, la palabra que mejor caracteriza a Nina Simone es eclecticismo. Su voz se caracteriza por su pasión, su breathiness (voz jadeante, sofocada, sin aliento) y su trémolo.

La influencia de Duke Ellington es patente en toda la obra de Nina <a href=""https://www.last.fm/music/Nina+Simone"">Read more on Last.fm</a>";Billie Holiday, Aretha Franklin, Etta James, Sarah Vaughan, Dinah Washington
744;Nina Simone;To Be Young, Gifted and Black (Single Version);New World Coming;album;2020;Jazz;129;2995908;75195380;"Eunice Kathleen Waymon (Tryon, 21 de febrero de 1933 - Carry-le-Rouet, 21 de abril de 2003), Nina Simone, cantante, compositora y pianista estadounidense de jazz, blues, rhythm and blues y soul. Se la conoce con el sobrenombre de ""High Priestess of Soul"".

Estilísticamente, la palabra que mejor caracteriza a Nina Simone es eclecticismo. Su voz se caracteriza por su pasión, su breathiness (voz jadeante, sofocada, sin aliento) y su trémolo.

La influencia de Duke Ellington es patente en toda la obra de Nina <a href=""https://www.last.fm/music/Nina+Simone"">Read more on Last.fm</a>";Billie Holiday, Aretha Franklin, Etta James, Sarah Vaughan, Dinah Washington
2393;Sarah Vaughan;A Lover's Concerto;Pop Artistry;album;2019;Jazz;129;1192065;12578060;"Sarah Lois Vaughan (Newark, 27 de marzo de 1924 – Los Ángeles, 3 de abril de 1990), Sarah Vaughan (pronunciado Vo:n), apodada Sassy y La Divina, cantante estadounidense de jazz. Junto con Billie Holiday y Ella Fitzgerald, está considerada por muchos como la más importante e influyente voz femenina del jazz, aunque su magisterio se extiende a toda el área de la música popular.

La voz de Vaughan se caracteriza por su tonalidad grave, por su enorme versatilidad y por su control del vibrato; su tesitura <a href=""https://www.last.fm/music/Sarah+Vaughan"">Read more on Last.fm</a>";Dinah Washington, Ella Fitzgerald, Etta Jones, Carmen McRae, Billie Holiday
2393;Sarah Vaughan;What The World Needs Now Is Love;Pop Artistry;album;2019;Jazz;129;1192065;12578060;"Sarah Lois Vaughan (Newark, 27 de marzo de 1924 – Los Ángeles, 3 de abril de 1990), Sarah Vaughan (pronunciado Vo:n), apodada Sassy y La Divina, cantante estadounidense de jazz. Junto con Billie Holiday y Ella Fitzgerald, está considerada por muchos como la más importante e influyente voz femenina del jazz, aunque su magisterio se extiende a toda el área de la música popular.

La voz de Vaughan se caracteriza por su tonalidad grave, por su enorme versatilidad y por su control del vibrato; su tesitura <a href=""https://www.last.fm/music/Sarah+Vaughan"">Read more on Last.fm</a>";Dinah Washington, Ella Fitzgerald, Etta Jones, Carmen McRae, Billie Holiday
2393;Sarah Vaughan;"Fascinating Rhythm (From ""Lady, Be Good"")";Gershwin Live! (with Los Angeles Philharmonic);colaboracion;1983;Clásica;98;1192065;12578060;"Sarah Lois Vaughan (Newark, 27 de marzo de 1924 – Los Ángeles, 3 de abril de 1990), Sarah Vaughan (pronunciado Vo:n), apodada Sassy y La Divina, cantante estadounidense de jazz. Junto con Billie Holiday y Ella Fitzgerald, está considerada por muchos como la más importante e influyente voz femenina del jazz, aunque su magisterio se extiende a toda el área de la música popular.

La voz de Vaughan se caracteriza por su tonalidad grave, por su enorme versatilidad y por su control del vibrato; su tesitura <a href=""https://www.last.fm/music/Sarah+Vaughan"">Read more on Last.fm</a>";Dinah Washington, Ella Fitzgerald, Etta Jones, Carmen McRae, Billie Holiday
2393;Sarah Vaughan;Lullaby of Birdland;The Very Best of Jazz - 50 Unforgettable Tracks (Remastered);album;2012;Jazz;129;1192065;12578060;"Sarah Lois Vaughan (Newark, 27 de marzo de 1924 – Los Ángeles, 3 de abril de 1990), Sarah Vaughan (pronunciado Vo:n), apodada Sassy y La Divina, cantante estadounidense de jazz. Junto con Billie Holiday y Ella Fitzgerald, está considerada por muchos como la más importante e influyente voz femenina del jazz, aunque su magisterio se extiende a toda el área de la música popular.

La voz de Vaughan se caracteriza por su tonalidad grave, por su enorme versatilidad y por su control del vibrato; su tesitura <a href=""https://www.last.fm/music/Sarah+Vaughan"">Read more on Last.fm</a>";Dinah Washington, Ella Fitzgerald, Etta Jones, Carmen McRae, Billie Holiday
2393;Sarah Vaughan;Tenderly;An Introduction To Sarah Vaughan;album;2006;Pop;132;1192065;12578060;"Sarah Lois Vaughan (Newark, 27 de marzo de 1924 – Los Ángeles, 3 de abril de 1990), Sarah Vaughan (pronunciado Vo:n), apodada Sassy y La Divina, cantante estadounidense de jazz. Junto con Billie Holiday y Ella Fitzgerald, está considerada por muchos como la más importante e influyente voz femenina del jazz, aunque su magisterio se extiende a toda el área de la música popular.

La voz de Vaughan se caracteriza por su tonalidad grave, por su enorme versatilidad y por su control del vibrato; su tesitura <a href=""https://www.last.fm/music/Sarah+Vaughan"">Read more on Last.fm</a>";Dinah Washington, Ella Fitzgerald, Etta Jones, Carmen McRae, Billie Holiday
2393;Sarah Vaughan;Blackbird;Songs Of The Beatles;album;1981;Pop;132;1192065;12578060;"Sarah Lois Vaughan (Newark, 27 de marzo de 1924 – Los Ángeles, 3 de abril de 1990), Sarah Vaughan (pronunciado Vo:n), apodada Sassy y La Divina, cantante estadounidense de jazz. Junto con Billie Holiday y Ella Fitzgerald, está considerada por muchos como la más importante e influyente voz femenina del jazz, aunque su magisterio se extiende a toda el área de la música popular.

La voz de Vaughan se caracteriza por su tonalidad grave, por su enorme versatilidad y por su control del vibrato; su tesitura <a href=""https://www.last.fm/music/Sarah+Vaughan"">Read more on Last.fm</a>";Dinah Washington, Ella Fitzgerald, Etta Jones, Carmen McRae, Billie Holiday
2393;Sarah Vaughan;Black Coffee (Album Version);The Divine Sarah Vaughan: The Columbia Years 1949-1953;colaboracion;2010;Jazz;129;1192065;12578060;"Sarah Lois Vaughan (Newark, 27 de marzo de 1924 – Los Ángeles, 3 de abril de 1990), Sarah Vaughan (pronunciado Vo:n), apodada Sassy y La Divina, cantante estadounidense de jazz. Junto con Billie Holiday y Ella Fitzgerald, está considerada por muchos como la más importante e influyente voz femenina del jazz, aunque su magisterio se extiende a toda el área de la música popular.

La voz de Vaughan se caracteriza por su tonalidad grave, por su enorme versatilidad y por su control del vibrato; su tesitura <a href=""https://www.last.fm/music/Sarah+Vaughan"">Read more on Last.fm</a>";Dinah Washington, Ella Fitzgerald, Etta Jones, Carmen McRae, Billie Holiday
2393;Sarah Vaughan;Jump for Joy (2007 Remaster);The Divine One;album;2007;Jazz;129;1192065;12578060;"Sarah Lois Vaughan (Newark, 27 de marzo de 1924 – Los Ángeles, 3 de abril de 1990), Sarah Vaughan (pronunciado Vo:n), apodada Sassy y La Divina, cantante estadounidense de jazz. Junto con Billie Holiday y Ella Fitzgerald, está considerada por muchos como la más importante e influyente voz femenina del jazz, aunque su magisterio se extiende a toda el área de la música popular.

La voz de Vaughan se caracteriza por su tonalidad grave, por su enorme versatilidad y por su control del vibrato; su tesitura <a href=""https://www.last.fm/music/Sarah+Vaughan"">Read more on Last.fm</a>";Dinah Washington, Ella Fitzgerald, Etta Jones, Carmen McRae, Billie Holiday
2393;Sarah Vaughan;Misty;The Essential Sarah Vaughan;album;2018;Jazz;129;1192065;12578060;"Sarah Lois Vaughan (Newark, 27 de marzo de 1924 – Los Ángeles, 3 de abril de 1990), Sarah Vaughan (pronunciado Vo:n), apodada Sassy y La Divina, cantante estadounidense de jazz. Junto con Billie Holiday y Ella Fitzgerald, está considerada por muchos como la más importante e influyente voz femenina del jazz, aunque su magisterio se extiende a toda el área de la música popular.

La voz de Vaughan se caracteriza por su tonalidad grave, por su enorme versatilidad y por su control del vibrato; su tesitura <a href=""https://www.last.fm/music/Sarah+Vaughan"">Read more on Last.fm</a>";Dinah Washington, Ella Fitzgerald, Etta Jones, Carmen McRae, Billie Holiday
2393;Sarah Vaughan;I Got Rhythm (Crazy for You) (2003 Remaster);Sarah Vaughan - The Very Best Of;album;2006;Jazz;129;1192065;12578060;"Sarah Lois Vaughan (Newark, 27 de marzo de 1924 – Los Ángeles, 3 de abril de 1990), Sarah Vaughan (pronunciado Vo:n), apodada Sassy y La Divina, cantante estadounidense de jazz. Junto con Billie Holiday y Ella Fitzgerald, está considerada por muchos como la más importante e influyente voz femenina del jazz, aunque su magisterio se extiende a toda el área de la música popular.

La voz de Vaughan se caracteriza por su tonalidad grave, por su enorme versatilidad y por su control del vibrato; su tesitura <a href=""https://www.last.fm/music/Sarah+Vaughan"">Read more on Last.fm</a>";Dinah Washington, Ella Fitzgerald, Etta Jones, Carmen McRae, Billie Holiday
2393;Sarah Vaughan;Wrap Your Troubles in Dreams (2007 Remaster);The Divine One;album;2007;Jazz;129;1192065;12578060;"Sarah Lois Vaughan (Newark, 27 de marzo de 1924 – Los Ángeles, 3 de abril de 1990), Sarah Vaughan (pronunciado Vo:n), apodada Sassy y La Divina, cantante estadounidense de jazz. Junto con Billie Holiday y Ella Fitzgerald, está considerada por muchos como la más importante e influyente voz femenina del jazz, aunque su magisterio se extiende a toda el área de la música popular.

La voz de Vaughan se caracteriza por su tonalidad grave, por su enorme versatilidad y por su control del vibrato; su tesitura <a href=""https://www.last.fm/music/Sarah+Vaughan"">Read more on Last.fm</a>";Dinah Washington, Ella Fitzgerald, Etta Jones, Carmen McRae, Billie Holiday
2393;Sarah Vaughan;Sleepwalker's Serenade (1994 Remaster);The Complete Atomic Basie;colaboracion;1994;Jazz;129;1192065;12578060;"Sarah Lois Vaughan (Newark, 27 de marzo de 1924 – Los Ángeles, 3 de abril de 1990), Sarah Vaughan (pronunciado Vo:n), apodada Sassy y La Divina, cantante estadounidense de jazz. Junto con Billie Holiday y Ella Fitzgerald, está considerada por muchos como la más importante e influyente voz femenina del jazz, aunque su magisterio se extiende a toda el área de la música popular.

La voz de Vaughan se caracteriza por su tonalidad grave, por su enorme versatilidad y por su control del vibrato; su tesitura <a href=""https://www.last.fm/music/Sarah+Vaughan"">Read more on Last.fm</a>";Dinah Washington, Ella Fitzgerald, Etta Jones, Carmen McRae, Billie Holiday
2393;Sarah Vaughan;Have You Met Miss Jones? (2007 Remaster);The Divine One;album;2007;Jazz;129;1192065;12578060;"Sarah Lois Vaughan (Newark, 27 de marzo de 1924 – Los Ángeles, 3 de abril de 1990), Sarah Vaughan (pronunciado Vo:n), apodada Sassy y La Divina, cantante estadounidense de jazz. Junto con Billie Holiday y Ella Fitzgerald, está considerada por muchos como la más importante e influyente voz femenina del jazz, aunque su magisterio se extiende a toda el área de la música popular.

La voz de Vaughan se caracteriza por su tonalidad grave, por su enorme versatilidad y por su control del vibrato; su tesitura <a href=""https://www.last.fm/music/Sarah+Vaughan"">Read more on Last.fm</a>";Dinah Washington, Ella Fitzgerald, Etta Jones, Carmen McRae, Billie Holiday
2393;Sarah Vaughan;Fever;Fever;single;2008;Jazz;129;1192065;12578060;"Sarah Lois Vaughan (Newark, 27 de marzo de 1924 – Los Ángeles, 3 de abril de 1990), Sarah Vaughan (pronunciado Vo:n), apodada Sassy y La Divina, cantante estadounidense de jazz. Junto con Billie Holiday y Ella Fitzgerald, está considerada por muchos como la más importante e influyente voz femenina del jazz, aunque su magisterio se extiende a toda el área de la música popular.

La voz de Vaughan se caracteriza por su tonalidad grave, por su enorme versatilidad y por su control del vibrato; su tesitura <a href=""https://www.last.fm/music/Sarah+Vaughan"">Read more on Last.fm</a>";Dinah Washington, Ella Fitzgerald, Etta Jones, Carmen McRae, Billie Holiday
2393;Sarah Vaughan;Dreamsville;Cocktail Party;album;2020;Jazz;129;1192065;12578060;"Sarah Lois Vaughan (Newark, 27 de marzo de 1924 – Los Ángeles, 3 de abril de 1990), Sarah Vaughan (pronunciado Vo:n), apodada Sassy y La Divina, cantante estadounidense de jazz. Junto con Billie Holiday y Ella Fitzgerald, está considerada por muchos como la más importante e influyente voz femenina del jazz, aunque su magisterio se extiende a toda el área de la música popular.

La voz de Vaughan se caracteriza por su tonalidad grave, por su enorme versatilidad y por su control del vibrato; su tesitura <a href=""https://www.last.fm/music/Sarah+Vaughan"">Read more on Last.fm</a>";Dinah Washington, Ella Fitzgerald, Etta Jones, Carmen McRae, Billie Holiday
2393;Sarah Vaughan;Love Me (Remastered);Love Me on Jazz (Original Artist, Original Recordings);compile;2020;;-1;1192065;12578060;"Sarah Lois Vaughan (Newark, 27 de marzo de 1924 – Los Ángeles, 3 de abril de 1990), Sarah Vaughan (pronunciado Vo:n), apodada Sassy y La Divina, cantante estadounidense de jazz. Junto con Billie Holiday y Ella Fitzgerald, está considerada por muchos como la más importante e influyente voz femenina del jazz, aunque su magisterio se extiende a toda el área de la música popular.

La voz de Vaughan se caracteriza por su tonalidad grave, por su enorme versatilidad y por su control del vibrato; su tesitura <a href=""https://www.last.fm/music/Sarah+Vaughan"">Read more on Last.fm</a>";Dinah Washington, Ella Fitzgerald, Etta Jones, Carmen McRae, Billie Holiday
2393;Sarah Vaughan;April In Paris;pov: rainy day in paris;colaboracion;2021;Pop;132;1192065;12578060;"Sarah Lois Vaughan (Newark, 27 de marzo de 1924 – Los Ángeles, 3 de abril de 1990), Sarah Vaughan (pronunciado Vo:n), apodada Sassy y La Divina, cantante estadounidense de jazz. Junto con Billie Holiday y Ella Fitzgerald, está considerada por muchos como la más importante e influyente voz femenina del jazz, aunque su magisterio se extiende a toda el área de la música popular.

La voz de Vaughan se caracteriza por su tonalidad grave, por su enorme versatilidad y por su control del vibrato; su tesitura <a href=""https://www.last.fm/music/Sarah+Vaughan"">Read more on Last.fm</a>";Dinah Washington, Ella Fitzgerald, Etta Jones, Carmen McRae, Billie Holiday
2393;Sarah Vaughan;The Thrill Is Gone;Day by Day - Sarah Vaughan (Volume 2);album;2021;Jazz;129;1192065;12578060;"Sarah Lois Vaughan (Newark, 27 de marzo de 1924 – Los Ángeles, 3 de abril de 1990), Sarah Vaughan (pronunciado Vo:n), apodada Sassy y La Divina, cantante estadounidense de jazz. Junto con Billie Holiday y Ella Fitzgerald, está considerada por muchos como la más importante e influyente voz femenina del jazz, aunque su magisterio se extiende a toda el área de la música popular.

La voz de Vaughan se caracteriza por su tonalidad grave, por su enorme versatilidad y por su control del vibrato; su tesitura <a href=""https://www.last.fm/music/Sarah+Vaughan"">Read more on Last.fm</a>";Dinah Washington, Ella Fitzgerald, Etta Jones, Carmen McRae, Billie Holiday
2393;Sarah Vaughan;Cherokee;Verve Jazz Masters 18: Sarah Vaughan;album;2023;Jazz;129;1192065;12578060;"Sarah Lois Vaughan (Newark, 27 de marzo de 1924 – Los Ángeles, 3 de abril de 1990), Sarah Vaughan (pronunciado Vo:n), apodada Sassy y La Divina, cantante estadounidense de jazz. Junto con Billie Holiday y Ella Fitzgerald, está considerada por muchos como la más importante e influyente voz femenina del jazz, aunque su magisterio se extiende a toda el área de la música popular.

La voz de Vaughan se caracteriza por su tonalidad grave, por su enorme versatilidad y por su control del vibrato; su tesitura <a href=""https://www.last.fm/music/Sarah+Vaughan"">Read more on Last.fm</a>";Dinah Washington, Ella Fitzgerald, Etta Jones, Carmen McRae, Billie Holiday
2393;Sarah Vaughan;September Song;Verve Jazz Masters 18: Sarah Vaughan;album;2023;Jazz;129;1192065;12578060;"Sarah Lois Vaughan (Newark, 27 de marzo de 1924 – Los Ángeles, 3 de abril de 1990), Sarah Vaughan (pronunciado Vo:n), apodada Sassy y La Divina, cantante estadounidense de jazz. Junto con Billie Holiday y Ella Fitzgerald, está considerada por muchos como la más importante e influyente voz femenina del jazz, aunque su magisterio se extiende a toda el área de la música popular.

La voz de Vaughan se caracteriza por su tonalidad grave, por su enorme versatilidad y por su control del vibrato; su tesitura <a href=""https://www.last.fm/music/Sarah+Vaughan"">Read more on Last.fm</a>";Dinah Washington, Ella Fitzgerald, Etta Jones, Carmen McRae, Billie Holiday
2393;Sarah Vaughan;Linger Awhile;Verve Jazz Masters 18: Sarah Vaughan;album;2023;Jazz;129;1192065;12578060;"Sarah Lois Vaughan (Newark, 27 de marzo de 1924 – Los Ángeles, 3 de abril de 1990), Sarah Vaughan (pronunciado Vo:n), apodada Sassy y La Divina, cantante estadounidense de jazz. Junto con Billie Holiday y Ella Fitzgerald, está considerada por muchos como la más importante e influyente voz femenina del jazz, aunque su magisterio se extiende a toda el área de la música popular.

La voz de Vaughan se caracteriza por su tonalidad grave, por su enorme versatilidad y por su control del vibrato; su tesitura <a href=""https://www.last.fm/music/Sarah+Vaughan"">Read more on Last.fm</a>";Dinah Washington, Ella Fitzgerald, Etta Jones, Carmen McRae, Billie Holiday
2393;Sarah Vaughan;Poor Butterfly;Verve Jazz Masters 18: Sarah Vaughan;album;2023;Jazz;129;1192065;12578060;"Sarah Lois Vaughan (Newark, 27 de marzo de 1924 – Los Ángeles, 3 de abril de 1990), Sarah Vaughan (pronunciado Vo:n), apodada Sassy y La Divina, cantante estadounidense de jazz. Junto con Billie Holiday y Ella Fitzgerald, está considerada por muchos como la más importante e influyente voz femenina del jazz, aunque su magisterio se extiende a toda el área de la música popular.

La voz de Vaughan se caracteriza por su tonalidad grave, por su enorme versatilidad y por su control del vibrato; su tesitura <a href=""https://www.last.fm/music/Sarah+Vaughan"">Read more on Last.fm</a>";Dinah Washington, Ella Fitzgerald, Etta Jones, Carmen McRae, Billie Holiday
2393;Sarah Vaughan;Just One Of Those Things;Verve Jazz Masters 18: Sarah Vaughan;album;2023;Jazz;129;1192065;12578060;"Sarah Lois Vaughan (Newark, 27 de marzo de 1924 – Los Ángeles, 3 de abril de 1990), Sarah Vaughan (pronunciado Vo:n), apodada Sassy y La Divina, cantante estadounidense de jazz. Junto con Billie Holiday y Ella Fitzgerald, está considerada por muchos como la más importante e influyente voz femenina del jazz, aunque su magisterio se extiende a toda el área de la música popular.

La voz de Vaughan se caracteriza por su tonalidad grave, por su enorme versatilidad y por su control del vibrato; su tesitura <a href=""https://www.last.fm/music/Sarah+Vaughan"">Read more on Last.fm</a>";Dinah Washington, Ella Fitzgerald, Etta Jones, Carmen McRae, Billie Holiday
2393;Sarah Vaughan;Lonely Woman;Verve Jazz Masters 18: Sarah Vaughan;album;2023;Jazz;129;1192065;12578060;"Sarah Lois Vaughan (Newark, 27 de marzo de 1924 – Los Ángeles, 3 de abril de 1990), Sarah Vaughan (pronunciado Vo:n), apodada Sassy y La Divina, cantante estadounidense de jazz. Junto con Billie Holiday y Ella Fitzgerald, está considerada por muchos como la más importante e influyente voz femenina del jazz, aunque su magisterio se extiende a toda el área de la música popular.

La voz de Vaughan se caracteriza por su tonalidad grave, por su enorme versatilidad y por su control del vibrato; su tesitura <a href=""https://www.last.fm/music/Sarah+Vaughan"">Read more on Last.fm</a>";Dinah Washington, Ella Fitzgerald, Etta Jones, Carmen McRae, Billie Holiday
2393;Sarah Vaughan;Say It Isn't So (Live At Tivoli Garden, Copenhagen / 1963);Verve Jazz Masters 18: Sarah Vaughan;album;2023;Jazz;129;1192065;12578060;"Sarah Lois Vaughan (Newark, 27 de marzo de 1924 – Los Ángeles, 3 de abril de 1990), Sarah Vaughan (pronunciado Vo:n), apodada Sassy y La Divina, cantante estadounidense de jazz. Junto con Billie Holiday y Ella Fitzgerald, está considerada por muchos como la más importante e influyente voz femenina del jazz, aunque su magisterio se extiende a toda el área de la música popular.

La voz de Vaughan se caracteriza por su tonalidad grave, por su enorme versatilidad y por su control del vibrato; su tesitura <a href=""https://www.last.fm/music/Sarah+Vaughan"">Read more on Last.fm</a>";Dinah Washington, Ella Fitzgerald, Etta Jones, Carmen McRae, Billie Holiday
2393;Sarah Vaughan;Sometimes I'm Happy;Verve Jazz Masters 18: Sarah Vaughan;album;2023;Jazz;129;1192065;12578060;"Sarah Lois Vaughan (Newark, 27 de marzo de 1924 – Los Ángeles, 3 de abril de 1990), Sarah Vaughan (pronunciado Vo:n), apodada Sassy y La Divina, cantante estadounidense de jazz. Junto con Billie Holiday y Ella Fitzgerald, está considerada por muchos como la más importante e influyente voz femenina del jazz, aunque su magisterio se extiende a toda el área de la música popular.

La voz de Vaughan se caracteriza por su tonalidad grave, por su enorme versatilidad y por su control del vibrato; su tesitura <a href=""https://www.last.fm/music/Sarah+Vaughan"">Read more on Last.fm</a>";Dinah Washington, Ella Fitzgerald, Etta Jones, Carmen McRae, Billie Holiday
2393;Sarah Vaughan;All Of You (Live At The London House, Chicago/1958);Jazz Legends - Songs Of Cole Porter/Rodgers & Hart/Gershwin;album;2004;Pop;132;1192065;12578060;"Sarah Lois Vaughan (Newark, 27 de marzo de 1924 – Los Ángeles, 3 de abril de 1990), Sarah Vaughan (pronunciado Vo:n), apodada Sassy y La Divina, cantante estadounidense de jazz. Junto con Billie Holiday y Ella Fitzgerald, está considerada por muchos como la más importante e influyente voz femenina del jazz, aunque su magisterio se extiende a toda el área de la música popular.

La voz de Vaughan se caracteriza por su tonalidad grave, por su enorme versatilidad y por su control del vibrato; su tesitura <a href=""https://www.last.fm/music/Sarah+Vaughan"">Read more on Last.fm</a>";Dinah Washington, Ella Fitzgerald, Etta Jones, Carmen McRae, Billie Holiday
2393;Sarah Vaughan;Embraceable You;Autumn Jazz Classics;colaboracion;2023;Jazz;129;1192065;12578060;"Sarah Lois Vaughan (Newark, 27 de marzo de 1924 – Los Ángeles, 3 de abril de 1990), Sarah Vaughan (pronunciado Vo:n), apodada Sassy y La Divina, cantante estadounidense de jazz. Junto con Billie Holiday y Ella Fitzgerald, está considerada por muchos como la más importante e influyente voz femenina del jazz, aunque su magisterio se extiende a toda el área de la música popular.

La voz de Vaughan se caracteriza por su tonalidad grave, por su enorme versatilidad y por su control del vibrato; su tesitura <a href=""https://www.last.fm/music/Sarah+Vaughan"">Read more on Last.fm</a>";Dinah Washington, Ella Fitzgerald, Etta Jones, Carmen McRae, Billie Holiday
2393;Sarah Vaughan;Prelude To A Kiss;Sings For Lovers;album;2009;Jazz;129;1192065;12578060;"Sarah Lois Vaughan (Newark, 27 de marzo de 1924 – Los Ángeles, 3 de abril de 1990), Sarah Vaughan (pronunciado Vo:n), apodada Sassy y La Divina, cantante estadounidense de jazz. Junto con Billie Holiday y Ella Fitzgerald, está considerada por muchos como la más importante e influyente voz femenina del jazz, aunque su magisterio se extiende a toda el área de la música popular.

La voz de Vaughan se caracteriza por su tonalidad grave, por su enorme versatilidad y por su control del vibrato; su tesitura <a href=""https://www.last.fm/music/Sarah+Vaughan"">Read more on Last.fm</a>";Dinah Washington, Ella Fitzgerald, Etta Jones, Carmen McRae, Billie Holiday
2393;Sarah Vaughan;The Other Woman;A Night with Sarah Vaughan;album;2023;Jazz;129;1192065;12578060;"Sarah Lois Vaughan (Newark, 27 de marzo de 1924 – Los Ángeles, 3 de abril de 1990), Sarah Vaughan (pronunciado Vo:n), apodada Sassy y La Divina, cantante estadounidense de jazz. Junto con Billie Holiday y Ella Fitzgerald, está considerada por muchos como la más importante e influyente voz femenina del jazz, aunque su magisterio se extiende a toda el área de la música popular.

La voz de Vaughan se caracteriza por su tonalidad grave, por su enorme versatilidad y por su control del vibrato; su tesitura <a href=""https://www.last.fm/music/Sarah+Vaughan"">Read more on Last.fm</a>";Dinah Washington, Ella Fitzgerald, Etta Jones, Carmen McRae, Billie Holiday
2393;Sarah Vaughan;All Of Me;A Night with Sarah Vaughan;album;2023;Jazz;129;1192065;12578060;"Sarah Lois Vaughan (Newark, 27 de marzo de 1924 – Los Ángeles, 3 de abril de 1990), Sarah Vaughan (pronunciado Vo:n), apodada Sassy y La Divina, cantante estadounidense de jazz. Junto con Billie Holiday y Ella Fitzgerald, está considerada por muchos como la más importante e influyente voz femenina del jazz, aunque su magisterio se extiende a toda el área de la música popular.

La voz de Vaughan se caracteriza por su tonalidad grave, por su enorme versatilidad y por su control del vibrato; su tesitura <a href=""https://www.last.fm/music/Sarah+Vaughan"">Read more on Last.fm</a>";Dinah Washington, Ella Fitzgerald, Etta Jones, Carmen McRae, Billie Holiday
2393;Sarah Vaughan;You'd Be So Nice To Come Home To (Live At The London House, Chicago/1958);A Night with Sarah Vaughan;album;2023;Jazz;129;1192065;12578060;"Sarah Lois Vaughan (Newark, 27 de marzo de 1924 – Los Ángeles, 3 de abril de 1990), Sarah Vaughan (pronunciado Vo:n), apodada Sassy y La Divina, cantante estadounidense de jazz. Junto con Billie Holiday y Ella Fitzgerald, está considerada por muchos como la más importante e influyente voz femenina del jazz, aunque su magisterio se extiende a toda el área de la música popular.

La voz de Vaughan se caracteriza por su tonalidad grave, por su enorme versatilidad y por su control del vibrato; su tesitura <a href=""https://www.last.fm/music/Sarah+Vaughan"">Read more on Last.fm</a>";Dinah Washington, Ella Fitzgerald, Etta Jones, Carmen McRae, Billie Holiday
2393;Sarah Vaughan;Comes Love;A Night with Sarah Vaughan;colaboracion;2023;Jazz;129;1192065;12578060;"Sarah Lois Vaughan (Newark, 27 de marzo de 1924 – Los Ángeles, 3 de abril de 1990), Sarah Vaughan (pronunciado Vo:n), apodada Sassy y La Divina, cantante estadounidense de jazz. Junto con Billie Holiday y Ella Fitzgerald, está considerada por muchos como la más importante e influyente voz femenina del jazz, aunque su magisterio se extiende a toda el área de la música popular.

La voz de Vaughan se caracteriza por su tonalidad grave, por su enorme versatilidad y por su control del vibrato; su tesitura <a href=""https://www.last.fm/music/Sarah+Vaughan"">Read more on Last.fm</a>";Dinah Washington, Ella Fitzgerald, Etta Jones, Carmen McRae, Billie Holiday
2393;Sarah Vaughan;It's Love;A Night with Sarah Vaughan;album;2023;Jazz;129;1192065;12578060;"Sarah Lois Vaughan (Newark, 27 de marzo de 1924 – Los Ángeles, 3 de abril de 1990), Sarah Vaughan (pronunciado Vo:n), apodada Sassy y La Divina, cantante estadounidense de jazz. Junto con Billie Holiday y Ella Fitzgerald, está considerada por muchos como la más importante e influyente voz femenina del jazz, aunque su magisterio se extiende a toda el área de la música popular.

La voz de Vaughan se caracteriza por su tonalidad grave, por su enorme versatilidad y por su control del vibrato; su tesitura <a href=""https://www.last.fm/music/Sarah+Vaughan"">Read more on Last.fm</a>";Dinah Washington, Ella Fitzgerald, Etta Jones, Carmen McRae, Billie Holiday
2393;Sarah Vaughan;It's Easy To Remember;A Night with Sarah Vaughan;album;2023;Jazz;129;1192065;12578060;"Sarah Lois Vaughan (Newark, 27 de marzo de 1924 – Los Ángeles, 3 de abril de 1990), Sarah Vaughan (pronunciado Vo:n), apodada Sassy y La Divina, cantante estadounidense de jazz. Junto con Billie Holiday y Ella Fitzgerald, está considerada por muchos como la más importante e influyente voz femenina del jazz, aunque su magisterio se extiende a toda el área de la música popular.

La voz de Vaughan se caracteriza por su tonalidad grave, por su enorme versatilidad y por su control del vibrato; su tesitura <a href=""https://www.last.fm/music/Sarah+Vaughan"">Read more on Last.fm</a>";Dinah Washington, Ella Fitzgerald, Etta Jones, Carmen McRae, Billie Holiday
2393;Sarah Vaughan;Hey Naughty Papa;A Night with Sarah Vaughan;album;2023;Jazz;129;1192065;12578060;"Sarah Lois Vaughan (Newark, 27 de marzo de 1924 – Los Ángeles, 3 de abril de 1990), Sarah Vaughan (pronunciado Vo:n), apodada Sassy y La Divina, cantante estadounidense de jazz. Junto con Billie Holiday y Ella Fitzgerald, está considerada por muchos como la más importante e influyente voz femenina del jazz, aunque su magisterio se extiende a toda el área de la música popular.

La voz de Vaughan se caracteriza por su tonalidad grave, por su enorme versatilidad y por su control del vibrato; su tesitura <a href=""https://www.last.fm/music/Sarah+Vaughan"">Read more on Last.fm</a>";Dinah Washington, Ella Fitzgerald, Etta Jones, Carmen McRae, Billie Holiday
2393;Sarah Vaughan;Johnny, Be Smart;A Night with Sarah Vaughan;album;2023;Jazz;129;1192065;12578060;"Sarah Lois Vaughan (Newark, 27 de marzo de 1924 – Los Ángeles, 3 de abril de 1990), Sarah Vaughan (pronunciado Vo:n), apodada Sassy y La Divina, cantante estadounidense de jazz. Junto con Billie Holiday y Ella Fitzgerald, está considerada por muchos como la más importante e influyente voz femenina del jazz, aunque su magisterio se extiende a toda el área de la música popular.

La voz de Vaughan se caracteriza por su tonalidad grave, por su enorme versatilidad y por su control del vibrato; su tesitura <a href=""https://www.last.fm/music/Sarah+Vaughan"">Read more on Last.fm</a>";Dinah Washington, Ella Fitzgerald, Etta Jones, Carmen McRae, Billie Holiday
2393;Sarah Vaughan;My One And Only Love;Vocal Jazz;album;2025;Jazz;129;1192065;12578060;"Sarah Lois Vaughan (Newark, 27 de marzo de 1924 – Los Ángeles, 3 de abril de 1990), Sarah Vaughan (pronunciado Vo:n), apodada Sassy y La Divina, cantante estadounidense de jazz. Junto con Billie Holiday y Ella Fitzgerald, está considerada por muchos como la más importante e influyente voz femenina del jazz, aunque su magisterio se extiende a toda el área de la música popular.

La voz de Vaughan se caracteriza por su tonalidad grave, por su enorme versatilidad y por su control del vibrato; su tesitura <a href=""https://www.last.fm/music/Sarah+Vaughan"">Read more on Last.fm</a>";Dinah Washington, Ella Fitzgerald, Etta Jones, Carmen McRae, Billie Holiday
2393;Sarah Vaughan;Shulie A Bop;Sarah Vaughan: Finest Hour;album;2018;Jazz;129;1192065;12578060;"Sarah Lois Vaughan (Newark, 27 de marzo de 1924 – Los Ángeles, 3 de abril de 1990), Sarah Vaughan (pronunciado Vo:n), apodada Sassy y La Divina, cantante estadounidense de jazz. Junto con Billie Holiday y Ella Fitzgerald, está considerada por muchos como la más importante e influyente voz femenina del jazz, aunque su magisterio se extiende a toda el área de la música popular.

La voz de Vaughan se caracteriza por su tonalidad grave, por su enorme versatilidad y por su control del vibrato; su tesitura <a href=""https://www.last.fm/music/Sarah+Vaughan"">Read more on Last.fm</a>";Dinah Washington, Ella Fitzgerald, Etta Jones, Carmen McRae, Billie Holiday
2393;Sarah Vaughan;They Say It's Wonderful;Irving Berlin Always;colaboracion;2018;Jazz;129;1192065;12578060;"Sarah Lois Vaughan (Newark, 27 de marzo de 1924 – Los Ángeles, 3 de abril de 1990), Sarah Vaughan (pronunciado Vo:n), apodada Sassy y La Divina, cantante estadounidense de jazz. Junto con Billie Holiday y Ella Fitzgerald, está considerada por muchos como la más importante e influyente voz femenina del jazz, aunque su magisterio se extiende a toda el área de la música popular.

La voz de Vaughan se caracteriza por su tonalidad grave, por su enorme versatilidad y por su control del vibrato; su tesitura <a href=""https://www.last.fm/music/Sarah+Vaughan"">Read more on Last.fm</a>";Dinah Washington, Ella Fitzgerald, Etta Jones, Carmen McRae, Billie Holiday
2393;Sarah Vaughan;Summertime;Ultimate Sarah Vaughan;album;2018;Jazz;129;1192065;12578060;"Sarah Lois Vaughan (Newark, 27 de marzo de 1924 – Los Ángeles, 3 de abril de 1990), Sarah Vaughan (pronunciado Vo:n), apodada Sassy y La Divina, cantante estadounidense de jazz. Junto con Billie Holiday y Ella Fitzgerald, está considerada por muchos como la más importante e influyente voz femenina del jazz, aunque su magisterio se extiende a toda el área de la música popular.

La voz de Vaughan se caracteriza por su tonalidad grave, por su enorme versatilidad y por su control del vibrato; su tesitura <a href=""https://www.last.fm/music/Sarah+Vaughan"">Read more on Last.fm</a>";Dinah Washington, Ella Fitzgerald, Etta Jones, Carmen McRae, Billie Holiday
2393;Sarah Vaughan;Detour Ahead (Live At The London House, Chicago/1958);Ultimate Sarah Vaughan;album;2018;Jazz;129;1192065;12578060;"Sarah Lois Vaughan (Newark, 27 de marzo de 1924 – Los Ángeles, 3 de abril de 1990), Sarah Vaughan (pronunciado Vo:n), apodada Sassy y La Divina, cantante estadounidense de jazz. Junto con Billie Holiday y Ella Fitzgerald, está considerada por muchos como la más importante e influyente voz femenina del jazz, aunque su magisterio se extiende a toda el área de la música popular.

La voz de Vaughan se caracteriza por su tonalidad grave, por su enorme versatilidad y por su control del vibrato; su tesitura <a href=""https://www.last.fm/music/Sarah+Vaughan"">Read more on Last.fm</a>";Dinah Washington, Ella Fitzgerald, Etta Jones, Carmen McRae, Billie Holiday
2393;Sarah Vaughan;Passing Strangers;Sarah Vaughan's Golden Hits;colaboracion;2018;Jazz;129;1192065;12578060;"Sarah Lois Vaughan (Newark, 27 de marzo de 1924 – Los Ángeles, 3 de abril de 1990), Sarah Vaughan (pronunciado Vo:n), apodada Sassy y La Divina, cantante estadounidense de jazz. Junto con Billie Holiday y Ella Fitzgerald, está considerada por muchos como la más importante e influyente voz femenina del jazz, aunque su magisterio se extiende a toda el área de la música popular.

La voz de Vaughan se caracteriza por su tonalidad grave, por su enorme versatilidad y por su control del vibrato; su tesitura <a href=""https://www.last.fm/music/Sarah+Vaughan"">Read more on Last.fm</a>";Dinah Washington, Ella Fitzgerald, Etta Jones, Carmen McRae, Billie Holiday
2393;Sarah Vaughan;Lush Life;The Definitive Sarah Vaughan;colaboracion;2018;Jazz;129;1192065;12578060;"Sarah Lois Vaughan (Newark, 27 de marzo de 1924 – Los Ángeles, 3 de abril de 1990), Sarah Vaughan (pronunciado Vo:n), apodada Sassy y La Divina, cantante estadounidense de jazz. Junto con Billie Holiday y Ella Fitzgerald, está considerada por muchos como la más importante e influyente voz femenina del jazz, aunque su magisterio se extiende a toda el área de la música popular.

La voz de Vaughan se caracteriza por su tonalidad grave, por su enorme versatilidad y por su control del vibrato; su tesitura <a href=""https://www.last.fm/music/Sarah+Vaughan"">Read more on Last.fm</a>";Dinah Washington, Ella Fitzgerald, Etta Jones, Carmen McRae, Billie Holiday
2393;Sarah Vaughan;A Foggy Day;Sarah Vaughan Sings George Gershwin (Expanded Edition);album;2018;Jazz;129;1192065;12578060;"Sarah Lois Vaughan (Newark, 27 de marzo de 1924 – Los Ángeles, 3 de abril de 1990), Sarah Vaughan (pronunciado Vo:n), apodada Sassy y La Divina, cantante estadounidense de jazz. Junto con Billie Holiday y Ella Fitzgerald, está considerada por muchos como la más importante e influyente voz femenina del jazz, aunque su magisterio se extiende a toda el área de la música popular.

La voz de Vaughan se caracteriza por su tonalidad grave, por su enorme versatilidad y por su control del vibrato; su tesitura <a href=""https://www.last.fm/music/Sarah+Vaughan"">Read more on Last.fm</a>";Dinah Washington, Ella Fitzgerald, Etta Jones, Carmen McRae, Billie Holiday
2393;Sarah Vaughan;That's All;The Best Of For Lovers;album;2018;Jazz;129;1192065;12578060;"Sarah Lois Vaughan (Newark, 27 de marzo de 1924 – Los Ángeles, 3 de abril de 1990), Sarah Vaughan (pronunciado Vo:n), apodada Sassy y La Divina, cantante estadounidense de jazz. Junto con Billie Holiday y Ella Fitzgerald, está considerada por muchos como la más importante e influyente voz femenina del jazz, aunque su magisterio se extiende a toda el área de la música popular.

La voz de Vaughan se caracteriza por su tonalidad grave, por su enorme versatilidad y por su control del vibrato; su tesitura <a href=""https://www.last.fm/music/Sarah+Vaughan"">Read more on Last.fm</a>";Dinah Washington, Ella Fitzgerald, Etta Jones, Carmen McRae, Billie Holiday
2393;Sarah Vaughan;I'm Glad There Is You;Divine: The Jazz Albums 1954-1958;colaboracion;2018;Jazz;129;1192065;12578060;"Sarah Lois Vaughan (Newark, 27 de marzo de 1924 – Los Ángeles, 3 de abril de 1990), Sarah Vaughan (pronunciado Vo:n), apodada Sassy y La Divina, cantante estadounidense de jazz. Junto con Billie Holiday y Ella Fitzgerald, está considerada por muchos como la más importante e influyente voz femenina del jazz, aunque su magisterio se extiende a toda el área de la música popular.

La voz de Vaughan se caracteriza por su tonalidad grave, por su enorme versatilidad y por su control del vibrato; su tesitura <a href=""https://www.last.fm/music/Sarah+Vaughan"">Read more on Last.fm</a>";Dinah Washington, Ella Fitzgerald, Etta Jones, Carmen McRae, Billie Holiday
2393;Sarah Vaughan;Poor Butterfly (Live At Mister Kelly's, Chicago/1957);Divine: The Jazz Albums 1954-1958;album;2018;Jazz;129;1192065;12578060;"Sarah Lois Vaughan (Newark, 27 de marzo de 1924 – Los Ángeles, 3 de abril de 1990), Sarah Vaughan (pronunciado Vo:n), apodada Sassy y La Divina, cantante estadounidense de jazz. Junto con Billie Holiday y Ella Fitzgerald, está considerada por muchos como la más importante e influyente voz femenina del jazz, aunque su magisterio se extiende a toda el área de la música popular.

La voz de Vaughan se caracteriza por su tonalidad grave, por su enorme versatilidad y por su control del vibrato; su tesitura <a href=""https://www.last.fm/music/Sarah+Vaughan"">Read more on Last.fm</a>";Dinah Washington, Ella Fitzgerald, Etta Jones, Carmen McRae, Billie Holiday
2452;Cassandra Wilson;Death Letter;New Moon Daughter;album;1996;Jazz;129;467438;4251699;"Cassandra Wilson (Jackson, 4 de diciembre de 1955), cantante estadounidense de jazz que se convirtió en una de las primeras voces del jazz femenino en los años noventa. Su estilo es la fusión.

Empezó a tocar el piano y la guitarra a los nueve años y trabajó como vocalista a mediados de los setenta, interpretando una amplia gama de material. Tras un año en Nueva Orleans, Wilson se trasladó a Nueva York en 1982 y empezó a trabajar con Dave Holland y Abbey Lincoln. <a href=""https://www.last.fm/music/Cassandra+Wilson"">Read more on Last.fm</a>";Patricia Barber, Holly Cole, Jane Monheit, Melody Gardot, Diana Krall
2452;Cassandra Wilson;Fragile;Glamoured;album;2003;Jazz;129;467438;4251699;"Cassandra Wilson (Jackson, 4 de diciembre de 1955), cantante estadounidense de jazz que se convirtió en una de las primeras voces del jazz femenino en los años noventa. Su estilo es la fusión.

Empezó a tocar el piano y la guitarra a los nueve años y trabajó como vocalista a mediados de los setenta, interpretando una amplia gama de material. Tras un año en Nueva Orleans, Wilson se trasladó a Nueva York en 1982 y empezó a trabajar con Dave Holland y Abbey Lincoln. <a href=""https://www.last.fm/music/Cassandra+Wilson"">Read more on Last.fm</a>";Patricia Barber, Holly Cole, Jane Monheit, Melody Gardot, Diana Krall
2452;Cassandra Wilson;Time After Time;The Best Late Night Moods Album In The World...Ever!;album;2021;Pop;132;467438;4251699;"Cassandra Wilson (Jackson, 4 de diciembre de 1955), cantante estadounidense de jazz que se convirtió en una de las primeras voces del jazz femenino en los años noventa. Su estilo es la fusión.

Empezó a tocar el piano y la guitarra a los nueve años y trabajó como vocalista a mediados de los setenta, interpretando una amplia gama de material. Tras un año en Nueva Orleans, Wilson se trasladó a Nueva York en 1982 y empezó a trabajar con Dave Holland y Abbey Lincoln. <a href=""https://www.last.fm/music/Cassandra+Wilson"">Read more on Last.fm</a>";Patricia Barber, Holly Cole, Jane Monheit, Melody Gardot, Diana Krall
2452;Cassandra Wilson;I'm Old Fashioned;Los Mejores Temas De La Historia Del Jazz;album;2012;Jazz;129;467438;4251699;"Cassandra Wilson (Jackson, 4 de diciembre de 1955), cantante estadounidense de jazz que se convirtió en una de las primeras voces del jazz femenino en los años noventa. Su estilo es la fusión.

Empezó a tocar el piano y la guitarra a los nueve años y trabajó como vocalista a mediados de los setenta, interpretando una amplia gama de material. Tras un año en Nueva Orleans, Wilson se trasladó a Nueva York en 1982 y empezó a trabajar con Dave Holland y Abbey Lincoln. <a href=""https://www.last.fm/music/Cassandra+Wilson"">Read more on Last.fm</a>";Patricia Barber, Holly Cole, Jane Monheit, Melody Gardot, Diana Krall
2452;Cassandra Wilson;A Little Warm Death;Jazz Romance by JazzEcho;album;2023;Jazz;129;467438;4251699;"Cassandra Wilson (Jackson, 4 de diciembre de 1955), cantante estadounidense de jazz que se convirtió en una de las primeras voces del jazz femenino en los años noventa. Su estilo es la fusión.

Empezó a tocar el piano y la guitarra a los nueve años y trabajó como vocalista a mediados de los setenta, interpretando una amplia gama de material. Tras un año en Nueva Orleans, Wilson se trasladó a Nueva York en 1982 y empezó a trabajar con Dave Holland y Abbey Lincoln. <a href=""https://www.last.fm/music/Cassandra+Wilson"">Read more on Last.fm</a>";Patricia Barber, Holly Cole, Jane Monheit, Melody Gardot, Diana Krall
2452;Cassandra Wilson;Harvest Moon;Best Jazz Singers;album;2020;Jazz;129;467438;4251699;"Cassandra Wilson (Jackson, 4 de diciembre de 1955), cantante estadounidense de jazz que se convirtió en una de las primeras voces del jazz femenino en los años noventa. Su estilo es la fusión.

Empezó a tocar el piano y la guitarra a los nueve años y trabajó como vocalista a mediados de los setenta, interpretando una amplia gama de material. Tras un año en Nueva Orleans, Wilson se trasladó a Nueva York en 1982 y empezó a trabajar con Dave Holland y Abbey Lincoln. <a href=""https://www.last.fm/music/Cassandra+Wilson"">Read more on Last.fm</a>";Patricia Barber, Holly Cole, Jane Monheit, Melody Gardot, Diana Krall
2452;Cassandra Wilson;Red Guitar;Cool Jazz 2015;album;2015;Jazz;129;467438;4251699;"Cassandra Wilson (Jackson, 4 de diciembre de 1955), cantante estadounidense de jazz que se convirtió en una de las primeras voces del jazz femenino en los años noventa. Su estilo es la fusión.

Empezó a tocar el piano y la guitarra a los nueve años y trabajó como vocalista a mediados de los setenta, interpretando una amplia gama de material. Tras un año en Nueva Orleans, Wilson se trasladó a Nueva York en 1982 y empezó a trabajar con Dave Holland y Abbey Lincoln. <a href=""https://www.last.fm/music/Cassandra+Wilson"">Read more on Last.fm</a>";Patricia Barber, Holly Cole, Jane Monheit, Melody Gardot, Diana Krall
2452;Cassandra Wilson;Hellhound On My Trail;Blue Light 'Til Dawn;album;2014;Jazz;129;467438;4251699;"Cassandra Wilson (Jackson, 4 de diciembre de 1955), cantante estadounidense de jazz que se convirtió en una de las primeras voces del jazz femenino en los años noventa. Su estilo es la fusión.

Empezó a tocar el piano y la guitarra a los nueve años y trabajó como vocalista a mediados de los setenta, interpretando una amplia gama de material. Tras un año en Nueva Orleans, Wilson se trasladó a Nueva York en 1982 y empezó a trabajar con Dave Holland y Abbey Lincoln. <a href=""https://www.last.fm/music/Cassandra+Wilson"">Read more on Last.fm</a>";Patricia Barber, Holly Cole, Jane Monheit, Melody Gardot, Diana Krall
2452;Cassandra Wilson;Sleight Of Time;Glamoured;album;2003;Jazz;129;467438;4251699;"Cassandra Wilson (Jackson, 4 de diciembre de 1955), cantante estadounidense de jazz que se convirtió en una de las primeras voces del jazz femenino en los años noventa. Su estilo es la fusión.

Empezó a tocar el piano y la guitarra a los nueve años y trabajó como vocalista a mediados de los setenta, interpretando una amplia gama de material. Tras un año en Nueva Orleans, Wilson se trasladó a Nueva York en 1982 y empezó a trabajar con Dave Holland y Abbey Lincoln. <a href=""https://www.last.fm/music/Cassandra+Wilson"">Read more on Last.fm</a>";Patricia Barber, Holly Cole, Jane Monheit, Melody Gardot, Diana Krall
2452;Cassandra Wilson;Don't Explain;Coming Forth by Day;album;2015;Jazz;129;467438;4251699;"Cassandra Wilson (Jackson, 4 de diciembre de 1955), cantante estadounidense de jazz que se convirtió en una de las primeras voces del jazz femenino en los años noventa. Su estilo es la fusión.

Empezó a tocar el piano y la guitarra a los nueve años y trabajó como vocalista a mediados de los setenta, interpretando una amplia gama de material. Tras un año en Nueva Orleans, Wilson se trasladó a Nueva York en 1982 y empezó a trabajar con Dave Holland y Abbey Lincoln. <a href=""https://www.last.fm/music/Cassandra+Wilson"">Read more on Last.fm</a>";Patricia Barber, Holly Cole, Jane Monheit, Melody Gardot, Diana Krall
2452;Cassandra Wilson;If Loving You Is Wrong;Glamoured;album;2003;Jazz;129;467438;4251699;"Cassandra Wilson (Jackson, 4 de diciembre de 1955), cantante estadounidense de jazz que se convirtió en una de las primeras voces del jazz femenino en los años noventa. Su estilo es la fusión.

Empezó a tocar el piano y la guitarra a los nueve años y trabajó como vocalista a mediados de los setenta, interpretando una amplia gama de material. Tras un año en Nueva Orleans, Wilson se trasladó a Nueva York en 1982 y empezó a trabajar con Dave Holland y Abbey Lincoln. <a href=""https://www.last.fm/music/Cassandra+Wilson"">Read more on Last.fm</a>";Patricia Barber, Holly Cole, Jane Monheit, Melody Gardot, Diana Krall
2452;Cassandra Wilson;Sky And Sea (Blue In Green);Traveling Miles;album;1999;R&B;165;467438;4251699;"Cassandra Wilson (Jackson, 4 de diciembre de 1955), cantante estadounidense de jazz que se convirtió en una de las primeras voces del jazz femenino en los años noventa. Su estilo es la fusión.

Empezó a tocar el piano y la guitarra a los nueve años y trabajó como vocalista a mediados de los setenta, interpretando una amplia gama de material. Tras un año en Nueva Orleans, Wilson se trasladó a Nueva York en 1982 y empezó a trabajar con Dave Holland y Abbey Lincoln. <a href=""https://www.last.fm/music/Cassandra+Wilson"">Read more on Last.fm</a>";Patricia Barber, Holly Cole, Jane Monheit, Melody Gardot, Diana Krall
2452;Cassandra Wilson;Sign Of The Judgment (From The HBO Series True Detective);True Detective (Music From The HBO Series);album;2015;Películas/Juegos;173;467438;4251699;"Cassandra Wilson (Jackson, 4 de diciembre de 1955), cantante estadounidense de jazz que se convirtió en una de las primeras voces del jazz femenino en los años noventa. Su estilo es la fusión.

Empezó a tocar el piano y la guitarra a los nueve años y trabajó como vocalista a mediados de los setenta, interpretando una amplia gama de material. Tras un año en Nueva Orleans, Wilson se trasladó a Nueva York en 1982 y empezó a trabajar con Dave Holland y Abbey Lincoln. <a href=""https://www.last.fm/music/Cassandra+Wilson"">Read more on Last.fm</a>";Patricia Barber, Holly Cole, Jane Monheit, Melody Gardot, Diana Krall
2452;Cassandra Wilson;You Don't Know What Love Is;Blue Light 'Til Dawn;album;2014;Jazz;129;467438;4251699;"Cassandra Wilson (Jackson, 4 de diciembre de 1955), cantante estadounidense de jazz que se convirtió en una de las primeras voces del jazz femenino en los años noventa. Su estilo es la fusión.

Empezó a tocar el piano y la guitarra a los nueve años y trabajó como vocalista a mediados de los setenta, interpretando una amplia gama de material. Tras un año en Nueva Orleans, Wilson se trasladó a Nueva York en 1982 y empezó a trabajar con Dave Holland y Abbey Lincoln. <a href=""https://www.last.fm/music/Cassandra+Wilson"">Read more on Last.fm</a>";Patricia Barber, Holly Cole, Jane Monheit, Melody Gardot, Diana Krall
2452;Cassandra Wilson;'Round Midnight;Sings Standards;album;2018;Jazz;129;467438;4251699;"Cassandra Wilson (Jackson, 4 de diciembre de 1955), cantante estadounidense de jazz que se convirtió en una de las primeras voces del jazz femenino en los años noventa. Su estilo es la fusión.

Empezó a tocar el piano y la guitarra a los nueve años y trabajó como vocalista a mediados de los setenta, interpretando una amplia gama de material. Tras un año en Nueva Orleans, Wilson se trasladó a Nueva York en 1982 y empezó a trabajar con Dave Holland y Abbey Lincoln. <a href=""https://www.last.fm/music/Cassandra+Wilson"">Read more on Last.fm</a>";Patricia Barber, Holly Cole, Jane Monheit, Melody Gardot, Diana Krall
2452;Cassandra Wilson;Waters Of March;Blue Note Plays Bossa Nova;album;2008;Jazz;129;467438;4251699;"Cassandra Wilson (Jackson, 4 de diciembre de 1955), cantante estadounidense de jazz que se convirtió en una de las primeras voces del jazz femenino en los años noventa. Su estilo es la fusión.

Empezó a tocar el piano y la guitarra a los nueve años y trabajó como vocalista a mediados de los setenta, interpretando una amplia gama de material. Tras un año en Nueva Orleans, Wilson se trasladó a Nueva York en 1982 y empezó a trabajar con Dave Holland y Abbey Lincoln. <a href=""https://www.last.fm/music/Cassandra+Wilson"">Read more on Last.fm</a>";Patricia Barber, Holly Cole, Jane Monheit, Melody Gardot, Diana Krall
2452;Cassandra Wilson;Climb That Road;Traveling Miles;album;1999;R&B;165;467438;4251699;"Cassandra Wilson (Jackson, 4 de diciembre de 1955), cantante estadounidense de jazz que se convirtió en una de las primeras voces del jazz femenino en los años noventa. Su estilo es la fusión.

Empezó a tocar el piano y la guitarra a los nueve años y trabajó como vocalista a mediados de los setenta, interpretando una amplia gama de material. Tras un año en Nueva Orleans, Wilson se trasladó a Nueva York en 1982 y empezó a trabajar con Dave Holland y Abbey Lincoln. <a href=""https://www.last.fm/music/Cassandra+Wilson"">Read more on Last.fm</a>";Patricia Barber, Holly Cole, Jane Monheit, Melody Gardot, Diana Krall
2452;Cassandra Wilson;I Want To Be Loved;Thunderbird;album;2006;Jazz;129;467438;4251699;"Cassandra Wilson (Jackson, 4 de diciembre de 1955), cantante estadounidense de jazz que se convirtió en una de las primeras voces del jazz femenino en los años noventa. Su estilo es la fusión.

Empezó a tocar el piano y la guitarra a los nueve años y trabajó como vocalista a mediados de los setenta, interpretando una amplia gama de material. Tras un año en Nueva Orleans, Wilson se trasladó a Nueva York en 1982 y empezó a trabajar con Dave Holland y Abbey Lincoln. <a href=""https://www.last.fm/music/Cassandra+Wilson"">Read more on Last.fm</a>";Patricia Barber, Holly Cole, Jane Monheit, Melody Gardot, Diana Krall
2452;Cassandra Wilson;I Want More;Glamoured;album;2003;Jazz;129;467438;4251699;"Cassandra Wilson (Jackson, 4 de diciembre de 1955), cantante estadounidense de jazz que se convirtió en una de las primeras voces del jazz femenino en los años noventa. Su estilo es la fusión.

Empezó a tocar el piano y la guitarra a los nueve años y trabajó como vocalista a mediados de los setenta, interpretando una amplia gama de material. Tras un año en Nueva Orleans, Wilson se trasladó a Nueva York en 1982 y empezó a trabajar con Dave Holland y Abbey Lincoln. <a href=""https://www.last.fm/music/Cassandra+Wilson"">Read more on Last.fm</a>";Patricia Barber, Holly Cole, Jane Monheit, Melody Gardot, Diana Krall
2452;Cassandra Wilson;Tupelo Honey/Angel;Closer To You: The Pop Side;album;2009;Jazz;129;467438;4251699;"Cassandra Wilson (Jackson, 4 de diciembre de 1955), cantante estadounidense de jazz que se convirtió en una de las primeras voces del jazz femenino en los años noventa. Su estilo es la fusión.

Empezó a tocar el piano y la guitarra a los nueve años y trabajó como vocalista a mediados de los setenta, interpretando una amplia gama de material. Tras un año en Nueva Orleans, Wilson se trasladó a Nueva York en 1982 y empezó a trabajar con Dave Holland y Abbey Lincoln. <a href=""https://www.last.fm/music/Cassandra+Wilson"">Read more on Last.fm</a>";Patricia Barber, Holly Cole, Jane Monheit, Melody Gardot, Diana Krall
2452;Cassandra Wilson;Closer to You;Thunderbird;album;2006;Jazz;129;467438;4251699;"Cassandra Wilson (Jackson, 4 de diciembre de 1955), cantante estadounidense de jazz que se convirtió en una de las primeras voces del jazz femenino en los años noventa. Su estilo es la fusión.

Empezó a tocar el piano y la guitarra a los nueve años y trabajó como vocalista a mediados de los setenta, interpretando una amplia gama de material. Tras un año en Nueva Orleans, Wilson se trasladó a Nueva York en 1982 y empezó a trabajar con Dave Holland y Abbey Lincoln. <a href=""https://www.last.fm/music/Cassandra+Wilson"">Read more on Last.fm</a>";Patricia Barber, Holly Cole, Jane Monheit, Melody Gardot, Diana Krall
2452;Cassandra Wilson;Never Broken;Traveling Miles;album;1999;R&B;165;467438;4251699;"Cassandra Wilson (Jackson, 4 de diciembre de 1955), cantante estadounidense de jazz que se convirtió en una de las primeras voces del jazz femenino en los años noventa. Su estilo es la fusión.

Empezó a tocar el piano y la guitarra a los nueve años y trabajó como vocalista a mediados de los setenta, interpretando una amplia gama de material. Tras un año en Nueva Orleans, Wilson se trasladó a Nueva York en 1982 y empezó a trabajar con Dave Holland y Abbey Lincoln. <a href=""https://www.last.fm/music/Cassandra+Wilson"">Read more on Last.fm</a>";Patricia Barber, Holly Cole, Jane Monheit, Melody Gardot, Diana Krall
2452;Cassandra Wilson;Show Me A Love;Belly Of The Sun;album;2002;Rock;152;467438;4251699;"Cassandra Wilson (Jackson, 4 de diciembre de 1955), cantante estadounidense de jazz que se convirtió en una de las primeras voces del jazz femenino en los años noventa. Su estilo es la fusión.

Empezó a tocar el piano y la guitarra a los nueve años y trabajó como vocalista a mediados de los setenta, interpretando una amplia gama de material. Tras un año en Nueva Orleans, Wilson se trasladó a Nueva York en 1982 y empezó a trabajar con Dave Holland y Abbey Lincoln. <a href=""https://www.last.fm/music/Cassandra+Wilson"">Read more on Last.fm</a>";Patricia Barber, Holly Cole, Jane Monheit, Melody Gardot, Diana Krall
2452;Cassandra Wilson;VooDoo Reprise;Blue Note Trip 9: Heat Up/Simmer Down By DJ Maestro;album;2011;Jazz;129;467438;4251699;"Cassandra Wilson (Jackson, 4 de diciembre de 1955), cantante estadounidense de jazz que se convirtió en una de las primeras voces del jazz femenino en los años noventa. Su estilo es la fusión.

Empezó a tocar el piano y la guitarra a los nueve años y trabajó como vocalista a mediados de los setenta, interpretando una amplia gama de material. Tras un año en Nueva Orleans, Wilson se trasladó a Nueva York en 1982 y empezó a trabajar con Dave Holland y Abbey Lincoln. <a href=""https://www.last.fm/music/Cassandra+Wilson"">Read more on Last.fm</a>";Patricia Barber, Holly Cole, Jane Monheit, Melody Gardot, Diana Krall
2452;Cassandra Wilson;It Would Be So Easy (Radio Edit);It Would Be So Easy;single;2006;Pop;132;467438;4251699;"Cassandra Wilson (Jackson, 4 de diciembre de 1955), cantante estadounidense de jazz que se convirtió en una de las primeras voces del jazz femenino en los años noventa. Su estilo es la fusión.

Empezó a tocar el piano y la guitarra a los nueve años y trabajó como vocalista a mediados de los setenta, interpretando una amplia gama de material. Tras un año en Nueva Orleans, Wilson se trasladó a Nueva York en 1982 y empezó a trabajar con Dave Holland y Abbey Lincoln. <a href=""https://www.last.fm/music/Cassandra+Wilson"">Read more on Last.fm</a>";Patricia Barber, Holly Cole, Jane Monheit, Melody Gardot, Diana Krall
2452;Cassandra Wilson;Red River Valley;Thunderbird;album;2006;Jazz;129;467438;4251699;"Cassandra Wilson (Jackson, 4 de diciembre de 1955), cantante estadounidense de jazz que se convirtió en una de las primeras voces del jazz femenino en los años noventa. Su estilo es la fusión.

Empezó a tocar el piano y la guitarra a los nueve años y trabajó como vocalista a mediados de los setenta, interpretando una amplia gama de material. Tras un año en Nueva Orleans, Wilson se trasladó a Nueva York en 1982 y empezó a trabajar con Dave Holland y Abbey Lincoln. <a href=""https://www.last.fm/music/Cassandra+Wilson"">Read more on Last.fm</a>";Patricia Barber, Holly Cole, Jane Monheit, Melody Gardot, Diana Krall
2452;Cassandra Wilson;Lay Lady Lay;Glamoured;album;2003;Jazz;129;467438;4251699;"Cassandra Wilson (Jackson, 4 de diciembre de 1955), cantante estadounidense de jazz que se convirtió en una de las primeras voces del jazz femenino en los años noventa. Su estilo es la fusión.

Empezó a tocar el piano y la guitarra a los nueve años y trabajó como vocalista a mediados de los setenta, interpretando una amplia gama de material. Tras un año en Nueva Orleans, Wilson se trasladó a Nueva York en 1982 y empezó a trabajar con Dave Holland y Abbey Lincoln. <a href=""https://www.last.fm/music/Cassandra+Wilson"">Read more on Last.fm</a>";Patricia Barber, Holly Cole, Jane Monheit, Melody Gardot, Diana Krall
2452;Cassandra Wilson;Go To Mexico;Thunderbird;album;2006;Jazz;129;467438;4251699;"Cassandra Wilson (Jackson, 4 de diciembre de 1955), cantante estadounidense de jazz que se convirtió en una de las primeras voces del jazz femenino en los años noventa. Su estilo es la fusión.

Empezó a tocar el piano y la guitarra a los nueve años y trabajó como vocalista a mediados de los setenta, interpretando una amplia gama de material. Tras un año en Nueva Orleans, Wilson se trasladó a Nueva York en 1982 y empezó a trabajar con Dave Holland y Abbey Lincoln. <a href=""https://www.last.fm/music/Cassandra+Wilson"">Read more on Last.fm</a>";Patricia Barber, Holly Cole, Jane Monheit, Melody Gardot, Diana Krall
2452;Cassandra Wilson;Come On In My Kitchen;Blue Light 'Til Dawn;album;2014;Jazz;129;467438;4251699;"Cassandra Wilson (Jackson, 4 de diciembre de 1955), cantante estadounidense de jazz que se convirtió en una de las primeras voces del jazz femenino en los años noventa. Su estilo es la fusión.

Empezó a tocar el piano y la guitarra a los nueve años y trabajó como vocalista a mediados de los setenta, interpretando una amplia gama de material. Tras un año en Nueva Orleans, Wilson se trasladó a Nueva York en 1982 y empezó a trabajar con Dave Holland y Abbey Lincoln. <a href=""https://www.last.fm/music/Cassandra+Wilson"">Read more on Last.fm</a>";Patricia Barber, Holly Cole, Jane Monheit, Melody Gardot, Diana Krall
2452;Cassandra Wilson;I Wished On The Moon;Sings Standards;album;2018;Jazz;129;467438;4251699;"Cassandra Wilson (Jackson, 4 de diciembre de 1955), cantante estadounidense de jazz que se convirtió en una de las primeras voces del jazz femenino en los años noventa. Su estilo es la fusión.

Empezó a tocar el piano y la guitarra a los nueve años y trabajó como vocalista a mediados de los setenta, interpretando una amplia gama de material. Tras un año en Nueva Orleans, Wilson se trasladó a Nueva York en 1982 y empezó a trabajar con Dave Holland y Abbey Lincoln. <a href=""https://www.last.fm/music/Cassandra+Wilson"">Read more on Last.fm</a>";Patricia Barber, Holly Cole, Jane Monheit, Melody Gardot, Diana Krall
2452;Cassandra Wilson;The Weight;Belly Of The Sun;album;2002;Rock;152;467438;4251699;"Cassandra Wilson (Jackson, 4 de diciembre de 1955), cantante estadounidense de jazz que se convirtió en una de las primeras voces del jazz femenino en los años noventa. Su estilo es la fusión.

Empezó a tocar el piano y la guitarra a los nueve años y trabajó como vocalista a mediados de los setenta, interpretando una amplia gama de material. Tras un año en Nueva Orleans, Wilson se trasladó a Nueva York en 1982 y empezó a trabajar con Dave Holland y Abbey Lincoln. <a href=""https://www.last.fm/music/Cassandra+Wilson"">Read more on Last.fm</a>";Patricia Barber, Holly Cole, Jane Monheit, Melody Gardot, Diana Krall
2452;Cassandra Wilson;Traveling Miles;Traveling Miles;album;1999;R&B;165;467438;4251699;"Cassandra Wilson (Jackson, 4 de diciembre de 1955), cantante estadounidense de jazz que se convirtió en una de las primeras voces del jazz femenino en los años noventa. Su estilo es la fusión.

Empezó a tocar el piano y la guitarra a los nueve años y trabajó como vocalista a mediados de los setenta, interpretando una amplia gama de material. Tras un año en Nueva Orleans, Wilson se trasladó a Nueva York en 1982 y empezó a trabajar con Dave Holland y Abbey Lincoln. <a href=""https://www.last.fm/music/Cassandra+Wilson"">Read more on Last.fm</a>";Patricia Barber, Holly Cole, Jane Monheit, Melody Gardot, Diana Krall
2452;Cassandra Wilson;'Til There Was You;Loverly;album;2008;Jazz;129;467438;4251699;"Cassandra Wilson (Jackson, 4 de diciembre de 1955), cantante estadounidense de jazz que se convirtió en una de las primeras voces del jazz femenino en los años noventa. Su estilo es la fusión.

Empezó a tocar el piano y la guitarra a los nueve años y trabajó como vocalista a mediados de los setenta, interpretando una amplia gama de material. Tras un año en Nueva Orleans, Wilson se trasladó a Nueva York en 1982 y empezó a trabajar con Dave Holland y Abbey Lincoln. <a href=""https://www.last.fm/music/Cassandra+Wilson"">Read more on Last.fm</a>";Patricia Barber, Holly Cole, Jane Monheit, Melody Gardot, Diana Krall
2452;Cassandra Wilson;Right Here, Right Now;Traveling Miles;album;1999;R&B;165;467438;4251699;"Cassandra Wilson (Jackson, 4 de diciembre de 1955), cantante estadounidense de jazz que se convirtió en una de las primeras voces del jazz femenino en los años noventa. Su estilo es la fusión.

Empezó a tocar el piano y la guitarra a los nueve años y trabajó como vocalista a mediados de los setenta, interpretando una amplia gama de material. Tras un año en Nueva Orleans, Wilson se trasladó a Nueva York en 1982 y empezó a trabajar con Dave Holland y Abbey Lincoln. <a href=""https://www.last.fm/music/Cassandra+Wilson"">Read more on Last.fm</a>";Patricia Barber, Holly Cole, Jane Monheit, Melody Gardot, Diana Krall
2452;Cassandra Wilson;Polka Dots And Moonbeams;Sings Standards;album;2018;Jazz;129;467438;4251699;"Cassandra Wilson (Jackson, 4 de diciembre de 1955), cantante estadounidense de jazz que se convirtió en una de las primeras voces del jazz femenino en los años noventa. Su estilo es la fusión.

Empezó a tocar el piano y la guitarra a los nueve años y trabajó como vocalista a mediados de los setenta, interpretando una amplia gama de material. Tras un año en Nueva Orleans, Wilson se trasladó a Nueva York en 1982 y empezó a trabajar con Dave Holland y Abbey Lincoln. <a href=""https://www.last.fm/music/Cassandra+Wilson"">Read more on Last.fm</a>";Patricia Barber, Holly Cole, Jane Monheit, Melody Gardot, Diana Krall
2452;Cassandra Wilson;Run The VooDoo Down;Traveling Miles;album;1999;R&B;165;467438;4251699;"Cassandra Wilson (Jackson, 4 de diciembre de 1955), cantante estadounidense de jazz que se convirtió en una de las primeras voces del jazz femenino en los años noventa. Su estilo es la fusión.

Empezó a tocar el piano y la guitarra a los nueve años y trabajó como vocalista a mediados de los setenta, interpretando una amplia gama de material. Tras un año en Nueva Orleans, Wilson se trasladó a Nueva York en 1982 y empezó a trabajar con Dave Holland y Abbey Lincoln. <a href=""https://www.last.fm/music/Cassandra+Wilson"">Read more on Last.fm</a>";Patricia Barber, Holly Cole, Jane Monheit, Melody Gardot, Diana Krall
2452;Cassandra Wilson;When The Sun Goes Down;Traveling Miles;album;1999;R&B;165;467438;4251699;"Cassandra Wilson (Jackson, 4 de diciembre de 1955), cantante estadounidense de jazz que se convirtió en una de las primeras voces del jazz femenino en los años noventa. Su estilo es la fusión.

Empezó a tocar el piano y la guitarra a los nueve años y trabajó como vocalista a mediados de los setenta, interpretando una amplia gama de material. Tras un año en Nueva Orleans, Wilson se trasladó a Nueva York en 1982 y empezó a trabajar con Dave Holland y Abbey Lincoln. <a href=""https://www.last.fm/music/Cassandra+Wilson"">Read more on Last.fm</a>";Patricia Barber, Holly Cole, Jane Monheit, Melody Gardot, Diana Krall
2452;Cassandra Wilson;A Day In The Life Of A Fool;Loverly;album;2008;Jazz;129;467438;4251699;"Cassandra Wilson (Jackson, 4 de diciembre de 1955), cantante estadounidense de jazz que se convirtió en una de las primeras voces del jazz femenino en los años noventa. Su estilo es la fusión.

Empezó a tocar el piano y la guitarra a los nueve años y trabajó como vocalista a mediados de los setenta, interpretando una amplia gama de material. Tras un año en Nueva Orleans, Wilson se trasladó a Nueva York en 1982 y empezó a trabajar con Dave Holland y Abbey Lincoln. <a href=""https://www.last.fm/music/Cassandra+Wilson"">Read more on Last.fm</a>";Patricia Barber, Holly Cole, Jane Monheit, Melody Gardot, Diana Krall
2452;Cassandra Wilson;Piper;Traveling Miles;album;1999;R&B;165;467438;4251699;"Cassandra Wilson (Jackson, 4 de diciembre de 1955), cantante estadounidense de jazz que se convirtió en una de las primeras voces del jazz femenino en los años noventa. Su estilo es la fusión.

Empezó a tocar el piano y la guitarra a los nueve años y trabajó como vocalista a mediados de los setenta, interpretando una amplia gama de material. Tras un año en Nueva Orleans, Wilson se trasladó a Nueva York en 1982 y empezó a trabajar con Dave Holland y Abbey Lincoln. <a href=""https://www.last.fm/music/Cassandra+Wilson"">Read more on Last.fm</a>";Patricia Barber, Holly Cole, Jane Monheit, Melody Gardot, Diana Krall
2452;Cassandra Wilson;Easy Rider;Thunderbird;album;2006;Jazz;129;467438;4251699;"Cassandra Wilson (Jackson, 4 de diciembre de 1955), cantante estadounidense de jazz que se convirtió en una de las primeras voces del jazz femenino en los años noventa. Su estilo es la fusión.

Empezó a tocar el piano y la guitarra a los nueve años y trabajó como vocalista a mediados de los setenta, interpretando una amplia gama de material. Tras un año en Nueva Orleans, Wilson se trasladó a Nueva York en 1982 y empezó a trabajar con Dave Holland y Abbey Lincoln. <a href=""https://www.last.fm/music/Cassandra+Wilson"">Read more on Last.fm</a>";Patricia Barber, Holly Cole, Jane Monheit, Melody Gardot, Diana Krall
2452;Cassandra Wilson;Throw It Away;Glamoured;album;2003;Jazz;129;467438;4251699;"Cassandra Wilson (Jackson, 4 de diciembre de 1955), cantante estadounidense de jazz que se convirtió en una de las primeras voces del jazz femenino en los años noventa. Su estilo es la fusión.

Empezó a tocar el piano y la guitarra a los nueve años y trabajó como vocalista a mediados de los setenta, interpretando una amplia gama de material. Tras un año en Nueva Orleans, Wilson se trasladó a Nueva York en 1982 y empezó a trabajar con Dave Holland y Abbey Lincoln. <a href=""https://www.last.fm/music/Cassandra+Wilson"">Read more on Last.fm</a>";Patricia Barber, Holly Cole, Jane Monheit, Melody Gardot, Diana Krall
2452;Cassandra Wilson;You Go to My Head;Coming Forth by Day;album;2015;Jazz;129;467438;4251699;"Cassandra Wilson (Jackson, 4 de diciembre de 1955), cantante estadounidense de jazz que se convirtió en una de las primeras voces del jazz femenino en los años noventa. Su estilo es la fusión.

Empezó a tocar el piano y la guitarra a los nueve años y trabajó como vocalista a mediados de los setenta, interpretando una amplia gama de material. Tras un año en Nueva Orleans, Wilson se trasladó a Nueva York en 1982 y empezó a trabajar con Dave Holland y Abbey Lincoln. <a href=""https://www.last.fm/music/Cassandra+Wilson"">Read more on Last.fm</a>";Patricia Barber, Holly Cole, Jane Monheit, Melody Gardot, Diana Krall
2452;Cassandra Wilson;Find Him;New Moon Daughter;album;1996;Jazz;129;467438;4251699;"Cassandra Wilson (Jackson, 4 de diciembre de 1955), cantante estadounidense de jazz que se convirtió en una de las primeras voces del jazz femenino en los años noventa. Su estilo es la fusión.

Empezó a tocar el piano y la guitarra a los nueve años y trabajó como vocalista a mediados de los setenta, interpretando una amplia gama de material. Tras un año en Nueva Orleans, Wilson se trasladó a Nueva York en 1982 y empezó a trabajar con Dave Holland y Abbey Lincoln. <a href=""https://www.last.fm/music/Cassandra+Wilson"">Read more on Last.fm</a>";Patricia Barber, Holly Cole, Jane Monheit, Melody Gardot, Diana Krall
2452;Cassandra Wilson;I'm So Lonesome I Could Cry;New Moon Daughter;album;1996;Jazz;129;467438;4251699;"Cassandra Wilson (Jackson, 4 de diciembre de 1955), cantante estadounidense de jazz que se convirtió en una de las primeras voces del jazz femenino en los años noventa. Su estilo es la fusión.

Empezó a tocar el piano y la guitarra a los nueve años y trabajó como vocalista a mediados de los setenta, interpretando una amplia gama de material. Tras un año en Nueva Orleans, Wilson se trasladó a Nueva York en 1982 y empezó a trabajar con Dave Holland y Abbey Lincoln. <a href=""https://www.last.fm/music/Cassandra+Wilson"">Read more on Last.fm</a>";Patricia Barber, Holly Cole, Jane Monheit, Melody Gardot, Diana Krall
2452;Cassandra Wilson;Memphis;New Moon Daughter;album;1996;Jazz;129;467438;4251699;"Cassandra Wilson (Jackson, 4 de diciembre de 1955), cantante estadounidense de jazz que se convirtió en una de las primeras voces del jazz femenino en los años noventa. Su estilo es la fusión.

Empezó a tocar el piano y la guitarra a los nueve años y trabajó como vocalista a mediados de los setenta, interpretando una amplia gama de material. Tras un año en Nueva Orleans, Wilson se trasladó a Nueva York en 1982 y empezó a trabajar con Dave Holland y Abbey Lincoln. <a href=""https://www.last.fm/music/Cassandra+Wilson"">Read more on Last.fm</a>";Patricia Barber, Holly Cole, Jane Monheit, Melody Gardot, Diana Krall
2452;Cassandra Wilson;You Gotta Move;Belly Of The Sun;album;2002;Rock;152;467438;4251699;"Cassandra Wilson (Jackson, 4 de diciembre de 1955), cantante estadounidense de jazz que se convirtió en una de las primeras voces del jazz femenino en los años noventa. Su estilo es la fusión.

Empezó a tocar el piano y la guitarra a los nueve años y trabajó como vocalista a mediados de los setenta, interpretando una amplia gama de material. Tras un año en Nueva Orleans, Wilson se trasladó a Nueva York en 1982 y empezó a trabajar con Dave Holland y Abbey Lincoln. <a href=""https://www.last.fm/music/Cassandra+Wilson"">Read more on Last.fm</a>";Patricia Barber, Holly Cole, Jane Monheit, Melody Gardot, Diana Krall
2452;Cassandra Wilson;Resurrection Blues;Traveling Miles;album;1999;R&B;165;467438;4251699;"Cassandra Wilson (Jackson, 4 de diciembre de 1955), cantante estadounidense de jazz que se convirtió en una de las primeras voces del jazz femenino en los años noventa. Su estilo es la fusión.

Empezó a tocar el piano y la guitarra a los nueve años y trabajó como vocalista a mediados de los setenta, interpretando una amplia gama de material. Tras un año en Nueva Orleans, Wilson se trasladó a Nueva York en 1982 y empezó a trabajar con Dave Holland y Abbey Lincoln. <a href=""https://www.last.fm/music/Cassandra+Wilson"">Read more on Last.fm</a>";Patricia Barber, Holly Cole, Jane Monheit, Melody Gardot, Diana Krall
2452;Cassandra Wilson;Strange Fruit;New Moon Daughter;album;1996;Jazz;129;467438;4251699;"Cassandra Wilson (Jackson, 4 de diciembre de 1955), cantante estadounidense de jazz que se convirtió en una de las primeras voces del jazz femenino en los años noventa. Su estilo es la fusión.

Empezó a tocar el piano y la guitarra a los nueve años y trabajó como vocalista a mediados de los setenta, interpretando una amplia gama de material. Tras un año en Nueva Orleans, Wilson se trasladó a Nueva York en 1982 y empezó a trabajar con Dave Holland y Abbey Lincoln. <a href=""https://www.last.fm/music/Cassandra+Wilson"">Read more on Last.fm</a>";Patricia Barber, Holly Cole, Jane Monheit, Melody Gardot, Diana Krall
2452;Cassandra Wilson;VooDoo Reprise;Traveling Miles;album;1999;R&B;165;467438;4251699;"Cassandra Wilson (Jackson, 4 de diciembre de 1955), cantante estadounidense de jazz que se convirtió en una de las primeras voces del jazz femenino en los años noventa. Su estilo es la fusión.

Empezó a tocar el piano y la guitarra a los nueve años y trabajó como vocalista a mediados de los setenta, interpretando una amplia gama de material. Tras un año en Nueva Orleans, Wilson se trasladó a Nueva York en 1982 y empezó a trabajar con Dave Holland y Abbey Lincoln. <a href=""https://www.last.fm/music/Cassandra+Wilson"">Read more on Last.fm</a>";Patricia Barber, Holly Cole, Jane Monheit, Melody Gardot, Diana Krall
10606;Mercedes Sosa;Soy Pan, Soy Paz, Soy Más (En Directo);Voz Y Sentimiento;album;2025;Folk;466;270728;4738518;"Mercedes Sosa (San Miguel de Tucumán, 9 de julio de 1935 - Buenos Aires, 4 de octubre de 2009), fue una cantante argentina muy reconocida en América Latina y Europa. Considerada la ""voz de América Latina""; con sus raíces en la música folclórica argentina, se convirtió en una de las exponentes principales de la nueva canción, incursionando en géneros como el tango, el rock, el pop, etc. En palabras de su compatriota Fito Páez: ""Mercedes Sosa es la mejor cantante que ha dado este país"". <a href=""https://www.last.fm/music/Mercedes+Sosa"">Read more on Last.fm</a>";Atahualpa Yupanqui, Violeta Parra, Pedro Aznar, Facundo Cabral, Los Chalchaleros
10606;Mercedes Sosa;Razón de Vivir (with Lila Downs);Mercedes Sosa Cantora Éxitos;colaboracion;2021;Pop;132;270728;4738518;"Mercedes Sosa (San Miguel de Tucumán, 9 de julio de 1935 - Buenos Aires, 4 de octubre de 2009), fue una cantante argentina muy reconocida en América Latina y Europa. Considerada la ""voz de América Latina""; con sus raíces en la música folclórica argentina, se convirtió en una de las exponentes principales de la nueva canción, incursionando en géneros como el tango, el rock, el pop, etc. En palabras de su compatriota Fito Páez: ""Mercedes Sosa es la mejor cantante que ha dado este país"". <a href=""https://www.last.fm/music/Mercedes+Sosa"">Read more on Last.fm</a>";Atahualpa Yupanqui, Violeta Parra, Pedro Aznar, Facundo Cabral, Los Chalchaleros
10606;Mercedes Sosa;Sólo Le Pido A Dios (Live);30 años;album;2020;Latino;197;270728;4738518;"Mercedes Sosa (San Miguel de Tucumán, 9 de julio de 1935 - Buenos Aires, 4 de octubre de 2009), fue una cantante argentina muy reconocida en América Latina y Europa. Considerada la ""voz de América Latina""; con sus raíces en la música folclórica argentina, se convirtió en una de las exponentes principales de la nueva canción, incursionando en géneros como el tango, el rock, el pop, etc. En palabras de su compatriota Fito Páez: ""Mercedes Sosa es la mejor cantante que ha dado este país"". <a href=""https://www.last.fm/music/Mercedes+Sosa"">Read more on Last.fm</a>";Atahualpa Yupanqui, Violeta Parra, Pedro Aznar, Facundo Cabral, Los Chalchaleros
10606;Mercedes Sosa;Todo Cambia;30 años;album;2020;Latino;197;270728;4738518;"Mercedes Sosa (San Miguel de Tucumán, 9 de julio de 1935 - Buenos Aires, 4 de octubre de 2009), fue una cantante argentina muy reconocida en América Latina y Europa. Considerada la ""voz de América Latina""; con sus raíces en la música folclórica argentina, se convirtió en una de las exponentes principales de la nueva canción, incursionando en géneros como el tango, el rock, el pop, etc. En palabras de su compatriota Fito Páez: ""Mercedes Sosa es la mejor cantante que ha dado este país"". <a href=""https://www.last.fm/music/Mercedes+Sosa"">Read more on Last.fm</a>";Atahualpa Yupanqui, Violeta Parra, Pedro Aznar, Facundo Cabral, Los Chalchaleros
10606;Mercedes Sosa;Razon De Vivir (En Vivo En Luna Park / 2003);Argentina Quiere Cantar;colaboracion;2006;Latino;197;270728;4738518;"Mercedes Sosa (San Miguel de Tucumán, 9 de julio de 1935 - Buenos Aires, 4 de octubre de 2009), fue una cantante argentina muy reconocida en América Latina y Europa. Considerada la ""voz de América Latina""; con sus raíces en la música folclórica argentina, se convirtió en una de las exponentes principales de la nueva canción, incursionando en géneros como el tango, el rock, el pop, etc. En palabras de su compatriota Fito Páez: ""Mercedes Sosa es la mejor cantante que ha dado este país"". <a href=""https://www.last.fm/music/Mercedes+Sosa"">Read more on Last.fm</a>";Atahualpa Yupanqui, Violeta Parra, Pedro Aznar, Facundo Cabral, Los Chalchaleros
10606;Mercedes Sosa;Alfonsina Y El Mar;30 años;colaboracion;2020;Latino;197;270728;4738518;"Mercedes Sosa (San Miguel de Tucumán, 9 de julio de 1935 - Buenos Aires, 4 de octubre de 2009), fue una cantante argentina muy reconocida en América Latina y Europa. Considerada la ""voz de América Latina""; con sus raíces en la música folclórica argentina, se convirtió en una de las exponentes principales de la nueva canción, incursionando en géneros como el tango, el rock, el pop, etc. En palabras de su compatriota Fito Páez: ""Mercedes Sosa es la mejor cantante que ha dado este país"". <a href=""https://www.last.fm/music/Mercedes+Sosa"">Read more on Last.fm</a>";Atahualpa Yupanqui, Violeta Parra, Pedro Aznar, Facundo Cabral, Los Chalchaleros
10606;Mercedes Sosa;Gracias A La Vida;30 años;album;2020;Latino;197;270728;4738518;"Mercedes Sosa (San Miguel de Tucumán, 9 de julio de 1935 - Buenos Aires, 4 de octubre de 2009), fue una cantante argentina muy reconocida en América Latina y Europa. Considerada la ""voz de América Latina""; con sus raíces en la música folclórica argentina, se convirtió en una de las exponentes principales de la nueva canción, incursionando en géneros como el tango, el rock, el pop, etc. En palabras de su compatriota Fito Páez: ""Mercedes Sosa es la mejor cantante que ha dado este país"". <a href=""https://www.last.fm/music/Mercedes+Sosa"">Read more on Last.fm</a>";Atahualpa Yupanqui, Violeta Parra, Pedro Aznar, Facundo Cabral, Los Chalchaleros
10606;Mercedes Sosa;La Maza (with Shakira);Cantora;colaboracion;2009;;-1;270728;4738518;"Mercedes Sosa (San Miguel de Tucumán, 9 de julio de 1935 - Buenos Aires, 4 de octubre de 2009), fue una cantante argentina muy reconocida en América Latina y Europa. Considerada la ""voz de América Latina""; con sus raíces en la música folclórica argentina, se convirtió en una de las exponentes principales de la nueva canción, incursionando en géneros como el tango, el rock, el pop, etc. En palabras de su compatriota Fito Páez: ""Mercedes Sosa es la mejor cantante que ha dado este país"". <a href=""https://www.last.fm/music/Mercedes+Sosa"">Read more on Last.fm</a>";Atahualpa Yupanqui, Violeta Parra, Pedro Aznar, Facundo Cabral, Los Chalchaleros
10606;Mercedes Sosa;Canción Con Todos;30 años;album;2020;Latino;197;270728;4738518;"Mercedes Sosa (San Miguel de Tucumán, 9 de julio de 1935 - Buenos Aires, 4 de octubre de 2009), fue una cantante argentina muy reconocida en América Latina y Europa. Considerada la ""voz de América Latina""; con sus raíces en la música folclórica argentina, se convirtió en una de las exponentes principales de la nueva canción, incursionando en géneros como el tango, el rock, el pop, etc. En palabras de su compatriota Fito Páez: ""Mercedes Sosa es la mejor cantante que ha dado este país"". <a href=""https://www.last.fm/music/Mercedes+Sosa"">Read more on Last.fm</a>";Atahualpa Yupanqui, Violeta Parra, Pedro Aznar, Facundo Cabral, Los Chalchaleros
10606;Mercedes Sosa;Canción De Las Simples Cosas;Censurada. Edición Definitiva: Y Seguí Cantando;album;2011;;-1;270728;4738518;"Mercedes Sosa (San Miguel de Tucumán, 9 de julio de 1935 - Buenos Aires, 4 de octubre de 2009), fue una cantante argentina muy reconocida en América Latina y Europa. Considerada la ""voz de América Latina""; con sus raíces en la música folclórica argentina, se convirtió en una de las exponentes principales de la nueva canción, incursionando en géneros como el tango, el rock, el pop, etc. En palabras de su compatriota Fito Páez: ""Mercedes Sosa es la mejor cantante que ha dado este país"". <a href=""https://www.last.fm/music/Mercedes+Sosa"">Read more on Last.fm</a>";Atahualpa Yupanqui, Violeta Parra, Pedro Aznar, Facundo Cabral, Los Chalchaleros
10606;Mercedes Sosa;Cántame (with Franco de Vita);Mercedes Sosa Cantora Éxitos;colaboracion;2021;Pop;132;270728;4738518;"Mercedes Sosa (San Miguel de Tucumán, 9 de julio de 1935 - Buenos Aires, 4 de octubre de 2009), fue una cantante argentina muy reconocida en América Latina y Europa. Considerada la ""voz de América Latina""; con sus raíces en la música folclórica argentina, se convirtió en una de las exponentes principales de la nueva canción, incursionando en géneros como el tango, el rock, el pop, etc. En palabras de su compatriota Fito Páez: ""Mercedes Sosa es la mejor cantante que ha dado este país"". <a href=""https://www.last.fm/music/Mercedes+Sosa"">Read more on Last.fm</a>";Atahualpa Yupanqui, Violeta Parra, Pedro Aznar, Facundo Cabral, Los Chalchaleros
10606;Mercedes Sosa;Cuando Tenga La Tierra;Traigo Un Pueblo En Mi Voz (Slidepack);album;2011;;-1;270728;4738518;"Mercedes Sosa (San Miguel de Tucumán, 9 de julio de 1935 - Buenos Aires, 4 de octubre de 2009), fue una cantante argentina muy reconocida en América Latina y Europa. Considerada la ""voz de América Latina""; con sus raíces en la música folclórica argentina, se convirtió en una de las exponentes principales de la nueva canción, incursionando en géneros como el tango, el rock, el pop, etc. En palabras de su compatriota Fito Páez: ""Mercedes Sosa es la mejor cantante que ha dado este país"". <a href=""https://www.last.fm/music/Mercedes+Sosa"">Read more on Last.fm</a>";Atahualpa Yupanqui, Violeta Parra, Pedro Aznar, Facundo Cabral, Los Chalchaleros
10606;Mercedes Sosa;Soy Pan, Soy Paz, Soy Más (Live);Poetas del Amor;colaboracion;2016;Latino;197;270728;4738518;"Mercedes Sosa (San Miguel de Tucumán, 9 de julio de 1935 - Buenos Aires, 4 de octubre de 2009), fue una cantante argentina muy reconocida en América Latina y Europa. Considerada la ""voz de América Latina""; con sus raíces en la música folclórica argentina, se convirtió en una de las exponentes principales de la nueva canción, incursionando en géneros como el tango, el rock, el pop, etc. En palabras de su compatriota Fito Páez: ""Mercedes Sosa es la mejor cantante que ha dado este país"". <a href=""https://www.last.fm/music/Mercedes+Sosa"">Read more on Last.fm</a>";Atahualpa Yupanqui, Violeta Parra, Pedro Aznar, Facundo Cabral, Los Chalchaleros
10606;Mercedes Sosa;Aquellas Pequeñas Cosas (with Joan Manuel Serrat);Antología Desordenada;colaboracion;2014;Pop;132;270728;4738518;"Mercedes Sosa (San Miguel de Tucumán, 9 de julio de 1935 - Buenos Aires, 4 de octubre de 2009), fue una cantante argentina muy reconocida en América Latina y Europa. Considerada la ""voz de América Latina""; con sus raíces en la música folclórica argentina, se convirtió en una de las exponentes principales de la nueva canción, incursionando en géneros como el tango, el rock, el pop, etc. En palabras de su compatriota Fito Páez: ""Mercedes Sosa es la mejor cantante que ha dado este país"". <a href=""https://www.last.fm/music/Mercedes+Sosa"">Read more on Last.fm</a>";Atahualpa Yupanqui, Violeta Parra, Pedro Aznar, Facundo Cabral, Los Chalchaleros
10606;Mercedes Sosa;Canción para un Niño en la Calle (with René Pérez);Mercedes Sosa Cantora Éxitos;colaboracion;2021;Pop;132;270728;4738518;"Mercedes Sosa (San Miguel de Tucumán, 9 de julio de 1935 - Buenos Aires, 4 de octubre de 2009), fue una cantante argentina muy reconocida en América Latina y Europa. Considerada la ""voz de América Latina""; con sus raíces en la música folclórica argentina, se convirtió en una de las exponentes principales de la nueva canción, incursionando en géneros como el tango, el rock, el pop, etc. En palabras de su compatriota Fito Páez: ""Mercedes Sosa es la mejor cantante que ha dado este país"". <a href=""https://www.last.fm/music/Mercedes+Sosa"">Read more on Last.fm</a>";Atahualpa Yupanqui, Violeta Parra, Pedro Aznar, Facundo Cabral, Los Chalchaleros
10606;Mercedes Sosa;Como La Cigarra (En Directo);30 años;album;2020;Latino;197;270728;4738518;"Mercedes Sosa (San Miguel de Tucumán, 9 de julio de 1935 - Buenos Aires, 4 de octubre de 2009), fue una cantante argentina muy reconocida en América Latina y Europa. Considerada la ""voz de América Latina""; con sus raíces en la música folclórica argentina, se convirtió en una de las exponentes principales de la nueva canción, incursionando en géneros como el tango, el rock, el pop, etc. En palabras de su compatriota Fito Páez: ""Mercedes Sosa es la mejor cantante que ha dado este país"". <a href=""https://www.last.fm/music/Mercedes+Sosa"">Read more on Last.fm</a>";Atahualpa Yupanqui, Violeta Parra, Pedro Aznar, Facundo Cabral, Los Chalchaleros
10606;Mercedes Sosa;Sea (with Jorge Drexler);Cantora;colaboracion;2009;;-1;270728;4738518;"Mercedes Sosa (San Miguel de Tucumán, 9 de julio de 1935 - Buenos Aires, 4 de octubre de 2009), fue una cantante argentina muy reconocida en América Latina y Europa. Considerada la ""voz de América Latina""; con sus raíces en la música folclórica argentina, se convirtió en una de las exponentes principales de la nueva canción, incursionando en géneros como el tango, el rock, el pop, etc. En palabras de su compatriota Fito Páez: ""Mercedes Sosa es la mejor cantante que ha dado este país"". <a href=""https://www.last.fm/music/Mercedes+Sosa"">Read more on Last.fm</a>";Atahualpa Yupanqui, Violeta Parra, Pedro Aznar, Facundo Cabral, Los Chalchaleros
10606;Mercedes Sosa;Años (En Directo);30 años;album;2020;Latino;197;270728;4738518;"Mercedes Sosa (San Miguel de Tucumán, 9 de julio de 1935 - Buenos Aires, 4 de octubre de 2009), fue una cantante argentina muy reconocida en América Latina y Europa. Considerada la ""voz de América Latina""; con sus raíces en la música folclórica argentina, se convirtió en una de las exponentes principales de la nueva canción, incursionando en géneros como el tango, el rock, el pop, etc. En palabras de su compatriota Fito Páez: ""Mercedes Sosa es la mejor cantante que ha dado este país"". <a href=""https://www.last.fm/music/Mercedes+Sosa"">Read more on Last.fm</a>";Atahualpa Yupanqui, Violeta Parra, Pedro Aznar, Facundo Cabral, Los Chalchaleros
10606;Mercedes Sosa;Violetas para Violeta (with Joaquín Sabina);Mercedes Sosa Cantora Éxitos;colaboracion;2021;Pop;132;270728;4738518;"Mercedes Sosa (San Miguel de Tucumán, 9 de julio de 1935 - Buenos Aires, 4 de octubre de 2009), fue una cantante argentina muy reconocida en América Latina y Europa. Considerada la ""voz de América Latina""; con sus raíces en la música folclórica argentina, se convirtió en una de las exponentes principales de la nueva canción, incursionando en géneros como el tango, el rock, el pop, etc. En palabras de su compatriota Fito Páez: ""Mercedes Sosa es la mejor cantante que ha dado este país"". <a href=""https://www.last.fm/music/Mercedes+Sosa"">Read more on Last.fm</a>";Atahualpa Yupanqui, Violeta Parra, Pedro Aznar, Facundo Cabral, Los Chalchaleros
10606;Mercedes Sosa;La Maza;30 años;album;2020;Latino;197;270728;4738518;"Mercedes Sosa (San Miguel de Tucumán, 9 de julio de 1935 - Buenos Aires, 4 de octubre de 2009), fue una cantante argentina muy reconocida en América Latina y Europa. Considerada la ""voz de América Latina""; con sus raíces en la música folclórica argentina, se convirtió en una de las exponentes principales de la nueva canción, incursionando en géneros como el tango, el rock, el pop, etc. En palabras de su compatriota Fito Páez: ""Mercedes Sosa es la mejor cantante que ha dado este país"". <a href=""https://www.last.fm/music/Mercedes+Sosa"">Read more on Last.fm</a>";Atahualpa Yupanqui, Violeta Parra, Pedro Aznar, Facundo Cabral, Los Chalchaleros
10606;Mercedes Sosa;Canción De Las Simples Cosas;A Quién Doy;album;2022;;-1;270728;4738518;"Mercedes Sosa (San Miguel de Tucumán, 9 de julio de 1935 - Buenos Aires, 4 de octubre de 2009), fue una cantante argentina muy reconocida en América Latina y Europa. Considerada la ""voz de América Latina""; con sus raíces en la música folclórica argentina, se convirtió en una de las exponentes principales de la nueva canción, incursionando en géneros como el tango, el rock, el pop, etc. En palabras de su compatriota Fito Páez: ""Mercedes Sosa es la mejor cantante que ha dado este país"". <a href=""https://www.last.fm/music/Mercedes+Sosa"">Read more on Last.fm</a>";Atahualpa Yupanqui, Violeta Parra, Pedro Aznar, Facundo Cabral, Los Chalchaleros
10606;Mercedes Sosa;Todavía Cantamos;¿Será Posible El Sur?;album;2020;Latino;197;270728;4738518;"Mercedes Sosa (San Miguel de Tucumán, 9 de julio de 1935 - Buenos Aires, 4 de octubre de 2009), fue una cantante argentina muy reconocida en América Latina y Europa. Considerada la ""voz de América Latina""; con sus raíces en la música folclórica argentina, se convirtió en una de las exponentes principales de la nueva canción, incursionando en géneros como el tango, el rock, el pop, etc. En palabras de su compatriota Fito Páez: ""Mercedes Sosa es la mejor cantante que ha dado este país"". <a href=""https://www.last.fm/music/Mercedes+Sosa"">Read more on Last.fm</a>";Atahualpa Yupanqui, Violeta Parra, Pedro Aznar, Facundo Cabral, Los Chalchaleros
10606;Mercedes Sosa;Como La Cigarra;Censurada. Edición Definitiva: Y Seguí Cantando;album;2011;;-1;270728;4738518;"Mercedes Sosa (San Miguel de Tucumán, 9 de julio de 1935 - Buenos Aires, 4 de octubre de 2009), fue una cantante argentina muy reconocida en América Latina y Europa. Considerada la ""voz de América Latina""; con sus raíces en la música folclórica argentina, se convirtió en una de las exponentes principales de la nueva canción, incursionando en géneros como el tango, el rock, el pop, etc. En palabras de su compatriota Fito Páez: ""Mercedes Sosa es la mejor cantante que ha dado este país"". <a href=""https://www.last.fm/music/Mercedes+Sosa"">Read more on Last.fm</a>";Atahualpa Yupanqui, Violeta Parra, Pedro Aznar, Facundo Cabral, Los Chalchaleros
10606;Mercedes Sosa;Zona de Promesas (with Gustavo Cerati);Zona de Promesas (with Gustavo Cerati);colaboracion;2009;Pop;132;270728;4738518;"Mercedes Sosa (San Miguel de Tucumán, 9 de julio de 1935 - Buenos Aires, 4 de octubre de 2009), fue una cantante argentina muy reconocida en América Latina y Europa. Considerada la ""voz de América Latina""; con sus raíces en la música folclórica argentina, se convirtió en una de las exponentes principales de la nueva canción, incursionando en géneros como el tango, el rock, el pop, etc. En palabras de su compatriota Fito Páez: ""Mercedes Sosa es la mejor cantante que ha dado este país"". <a href=""https://www.last.fm/music/Mercedes+Sosa"">Read more on Last.fm</a>";Atahualpa Yupanqui, Violeta Parra, Pedro Aznar, Facundo Cabral, Los Chalchaleros
10606;Mercedes Sosa;Sólo Le Pido A Dios (Live In Argentina / 1984);Corazón Americano;colaboracion;2011;;-1;270728;4738518;"Mercedes Sosa (San Miguel de Tucumán, 9 de julio de 1935 - Buenos Aires, 4 de octubre de 2009), fue una cantante argentina muy reconocida en América Latina y Europa. Considerada la ""voz de América Latina""; con sus raíces en la música folclórica argentina, se convirtió en una de las exponentes principales de la nueva canción, incursionando en géneros como el tango, el rock, el pop, etc. En palabras de su compatriota Fito Páez: ""Mercedes Sosa es la mejor cantante que ha dado este país"". <a href=""https://www.last.fm/music/Mercedes+Sosa"">Read more on Last.fm</a>";Atahualpa Yupanqui, Violeta Parra, Pedro Aznar, Facundo Cabral, Los Chalchaleros
10606;Mercedes Sosa;Zamba para Olvidarte (with Diego Torres);Cantora;colaboracion;2009;;-1;270728;4738518;"Mercedes Sosa (San Miguel de Tucumán, 9 de julio de 1935 - Buenos Aires, 4 de octubre de 2009), fue una cantante argentina muy reconocida en América Latina y Europa. Considerada la ""voz de América Latina""; con sus raíces en la música folclórica argentina, se convirtió en una de las exponentes principales de la nueva canción, incursionando en géneros como el tango, el rock, el pop, etc. En palabras de su compatriota Fito Páez: ""Mercedes Sosa es la mejor cantante que ha dado este país"". <a href=""https://www.last.fm/music/Mercedes+Sosa"">Read more on Last.fm</a>";Atahualpa Yupanqui, Violeta Parra, Pedro Aznar, Facundo Cabral, Los Chalchaleros
10606;Mercedes Sosa;Barro Tal Vez (with Luis Alberto Spinetta);Cantora;colaboracion;2009;;-1;270728;4738518;"Mercedes Sosa (San Miguel de Tucumán, 9 de julio de 1935 - Buenos Aires, 4 de octubre de 2009), fue una cantante argentina muy reconocida en América Latina y Europa. Considerada la ""voz de América Latina""; con sus raíces en la música folclórica argentina, se convirtió en una de las exponentes principales de la nueva canción, incursionando en géneros como el tango, el rock, el pop, etc. En palabras de su compatriota Fito Páez: ""Mercedes Sosa es la mejor cantante que ha dado este país"". <a href=""https://www.last.fm/music/Mercedes+Sosa"">Read more on Last.fm</a>";Atahualpa Yupanqui, Violeta Parra, Pedro Aznar, Facundo Cabral, Los Chalchaleros
10606;Mercedes Sosa;Celador De Sueños (with Gustavo Santaolalla & Orozco - Barrientos);Cantora;colaboracion;2009;;-1;270728;4738518;"Mercedes Sosa (San Miguel de Tucumán, 9 de julio de 1935 - Buenos Aires, 4 de octubre de 2009), fue una cantante argentina muy reconocida en América Latina y Europa. Considerada la ""voz de América Latina""; con sus raíces en la música folclórica argentina, se convirtió en una de las exponentes principales de la nueva canción, incursionando en géneros como el tango, el rock, el pop, etc. En palabras de su compatriota Fito Páez: ""Mercedes Sosa es la mejor cantante que ha dado este país"". <a href=""https://www.last.fm/music/Mercedes+Sosa"">Read more on Last.fm</a>";Atahualpa Yupanqui, Violeta Parra, Pedro Aznar, Facundo Cabral, Los Chalchaleros
10606;Mercedes Sosa;Zamba De Los Adioses (with Dúo Nuevo Cuyo);Cantora;colaboracion;2009;;-1;270728;4738518;"Mercedes Sosa (San Miguel de Tucumán, 9 de julio de 1935 - Buenos Aires, 4 de octubre de 2009), fue una cantante argentina muy reconocida en América Latina y Europa. Considerada la ""voz de América Latina""; con sus raíces en la música folclórica argentina, se convirtió en una de las exponentes principales de la nueva canción, incursionando en géneros como el tango, el rock, el pop, etc. En palabras de su compatriota Fito Páez: ""Mercedes Sosa es la mejor cantante que ha dado este país"". <a href=""https://www.last.fm/music/Mercedes+Sosa"">Read more on Last.fm</a>";Atahualpa Yupanqui, Violeta Parra, Pedro Aznar, Facundo Cabral, Los Chalchaleros
10606;Mercedes Sosa;Volver A Los 17 (En Directo);Mercedes Sosa En Argentina (En Directo);album;2019;Latino;197;270728;4738518;"Mercedes Sosa (San Miguel de Tucumán, 9 de julio de 1935 - Buenos Aires, 4 de octubre de 2009), fue una cantante argentina muy reconocida en América Latina y Europa. Considerada la ""voz de América Latina""; con sus raíces en la música folclórica argentina, se convirtió en una de las exponentes principales de la nueva canción, incursionando en géneros como el tango, el rock, el pop, etc. En palabras de su compatriota Fito Páez: ""Mercedes Sosa es la mejor cantante que ha dado este país"". <a href=""https://www.last.fm/music/Mercedes+Sosa"">Read more on Last.fm</a>";Atahualpa Yupanqui, Violeta Parra, Pedro Aznar, Facundo Cabral, Los Chalchaleros
10606;Mercedes Sosa;Novicia (with Victor Heredia);Cantora;colaboracion;2009;;-1;270728;4738518;"Mercedes Sosa (San Miguel de Tucumán, 9 de julio de 1935 - Buenos Aires, 4 de octubre de 2009), fue una cantante argentina muy reconocida en América Latina y Europa. Considerada la ""voz de América Latina""; con sus raíces en la música folclórica argentina, se convirtió en una de las exponentes principales de la nueva canción, incursionando en géneros como el tango, el rock, el pop, etc. En palabras de su compatriota Fito Páez: ""Mercedes Sosa es la mejor cantante que ha dado este país"". <a href=""https://www.last.fm/music/Mercedes+Sosa"">Read more on Last.fm</a>";Atahualpa Yupanqui, Violeta Parra, Pedro Aznar, Facundo Cabral, Los Chalchaleros
10606;Mercedes Sosa;Del Tiempo De Mi Niñez;Al Despertar;album;1999;Latino;197;270728;4738518;"Mercedes Sosa (San Miguel de Tucumán, 9 de julio de 1935 - Buenos Aires, 4 de octubre de 2009), fue una cantante argentina muy reconocida en América Latina y Europa. Considerada la ""voz de América Latina""; con sus raíces en la música folclórica argentina, se convirtió en una de las exponentes principales de la nueva canción, incursionando en géneros como el tango, el rock, el pop, etc. En palabras de su compatriota Fito Páez: ""Mercedes Sosa es la mejor cantante que ha dado este país"". <a href=""https://www.last.fm/music/Mercedes+Sosa"">Read more on Last.fm</a>";Atahualpa Yupanqui, Violeta Parra, Pedro Aznar, Facundo Cabral, Los Chalchaleros
10606;Mercedes Sosa;Gracias A La Vida (En Directo);Mercedes Sosa En Argentina (En Directo);album;2019;Latino;197;270728;4738518;"Mercedes Sosa (San Miguel de Tucumán, 9 de julio de 1935 - Buenos Aires, 4 de octubre de 2009), fue una cantante argentina muy reconocida en América Latina y Europa. Considerada la ""voz de América Latina""; con sus raíces en la música folclórica argentina, se convirtió en una de las exponentes principales de la nueva canción, incursionando en géneros como el tango, el rock, el pop, etc. En palabras de su compatriota Fito Páez: ""Mercedes Sosa es la mejor cantante que ha dado este país"". <a href=""https://www.last.fm/music/Mercedes+Sosa"">Read more on Last.fm</a>";Atahualpa Yupanqui, Violeta Parra, Pedro Aznar, Facundo Cabral, Los Chalchaleros
10606;Mercedes Sosa;Mercedes Florecida;Mercedes Florecida;colaboracion;2023;Pop;132;270728;4738518;"Mercedes Sosa (San Miguel de Tucumán, 9 de julio de 1935 - Buenos Aires, 4 de octubre de 2009), fue una cantante argentina muy reconocida en América Latina y Europa. Considerada la ""voz de América Latina""; con sus raíces en la música folclórica argentina, se convirtió en una de las exponentes principales de la nueva canción, incursionando en géneros como el tango, el rock, el pop, etc. En palabras de su compatriota Fito Páez: ""Mercedes Sosa es la mejor cantante que ha dado este país"". <a href=""https://www.last.fm/music/Mercedes+Sosa"">Read more on Last.fm</a>";Atahualpa Yupanqui, Violeta Parra, Pedro Aznar, Facundo Cabral, Los Chalchaleros
10606;Mercedes Sosa;María Va (En Directo);Mercedes Sosa En Argentina (En Directo);colaboracion;2019;Latino;197;270728;4738518;"Mercedes Sosa (San Miguel de Tucumán, 9 de julio de 1935 - Buenos Aires, 4 de octubre de 2009), fue una cantante argentina muy reconocida en América Latina y Europa. Considerada la ""voz de América Latina""; con sus raíces en la música folclórica argentina, se convirtió en una de las exponentes principales de la nueva canción, incursionando en géneros como el tango, el rock, el pop, etc. En palabras de su compatriota Fito Páez: ""Mercedes Sosa es la mejor cantante que ha dado este país"". <a href=""https://www.last.fm/music/Mercedes+Sosa"">Read more on Last.fm</a>";Atahualpa Yupanqui, Violeta Parra, Pedro Aznar, Facundo Cabral, Los Chalchaleros
10606;Mercedes Sosa;Duerme, Negrito;30 años;album;2020;Latino;197;270728;4738518;"Mercedes Sosa (San Miguel de Tucumán, 9 de julio de 1935 - Buenos Aires, 4 de octubre de 2009), fue una cantante argentina muy reconocida en América Latina y Europa. Considerada la ""voz de América Latina""; con sus raíces en la música folclórica argentina, se convirtió en una de las exponentes principales de la nueva canción, incursionando en géneros como el tango, el rock, el pop, etc. En palabras de su compatriota Fito Páez: ""Mercedes Sosa es la mejor cantante que ha dado este país"". <a href=""https://www.last.fm/music/Mercedes+Sosa"">Read more on Last.fm</a>";Atahualpa Yupanqui, Violeta Parra, Pedro Aznar, Facundo Cabral, Los Chalchaleros
10606;Mercedes Sosa;Himno de Mi Corazón (with León Gieco);Cantora;colaboracion;2009;;-1;270728;4738518;"Mercedes Sosa (San Miguel de Tucumán, 9 de julio de 1935 - Buenos Aires, 4 de octubre de 2009), fue una cantante argentina muy reconocida en América Latina y Europa. Considerada la ""voz de América Latina""; con sus raíces en la música folclórica argentina, se convirtió en una de las exponentes principales de la nueva canción, incursionando en géneros como el tango, el rock, el pop, etc. En palabras de su compatriota Fito Páez: ""Mercedes Sosa es la mejor cantante que ha dado este país"". <a href=""https://www.last.fm/music/Mercedes+Sosa"">Read more on Last.fm</a>";Atahualpa Yupanqui, Violeta Parra, Pedro Aznar, Facundo Cabral, Los Chalchaleros
10606;Mercedes Sosa;Serenata Para La Tierra De Uno;Serenata Para La Tierra De Uno;album;2011;;-1;270728;4738518;"Mercedes Sosa (San Miguel de Tucumán, 9 de julio de 1935 - Buenos Aires, 4 de octubre de 2009), fue una cantante argentina muy reconocida en América Latina y Europa. Considerada la ""voz de América Latina""; con sus raíces en la música folclórica argentina, se convirtió en una de las exponentes principales de la nueva canción, incursionando en géneros como el tango, el rock, el pop, etc. En palabras de su compatriota Fito Páez: ""Mercedes Sosa es la mejor cantante que ha dado este país"". <a href=""https://www.last.fm/music/Mercedes+Sosa"">Read more on Last.fm</a>";Atahualpa Yupanqui, Violeta Parra, Pedro Aznar, Facundo Cabral, Los Chalchaleros
10606;Mercedes Sosa;Yo Vengo A Ofrecer Mi Corazón;Vengo a Ofrecer Mi Corazón (Slidepack);album;2011;;-1;270728;4738518;"Mercedes Sosa (San Miguel de Tucumán, 9 de julio de 1935 - Buenos Aires, 4 de octubre de 2009), fue una cantante argentina muy reconocida en América Latina y Europa. Considerada la ""voz de América Latina""; con sus raíces en la música folclórica argentina, se convirtió en una de las exponentes principales de la nueva canción, incursionando en géneros como el tango, el rock, el pop, etc. En palabras de su compatriota Fito Páez: ""Mercedes Sosa es la mejor cantante que ha dado este país"". <a href=""https://www.last.fm/music/Mercedes+Sosa"">Read more on Last.fm</a>";Atahualpa Yupanqui, Violeta Parra, Pedro Aznar, Facundo Cabral, Los Chalchaleros
10606;Mercedes Sosa;Alfonsina Y El Mar (En Directo);Mercedes Sosa En Argentina (En Directo);colaboracion;2019;Latino;197;270728;4738518;"Mercedes Sosa (San Miguel de Tucumán, 9 de julio de 1935 - Buenos Aires, 4 de octubre de 2009), fue una cantante argentina muy reconocida en América Latina y Europa. Considerada la ""voz de América Latina""; con sus raíces en la música folclórica argentina, se convirtió en una de las exponentes principales de la nueva canción, incursionando en géneros como el tango, el rock, el pop, etc. En palabras de su compatriota Fito Páez: ""Mercedes Sosa es la mejor cantante que ha dado este país"". <a href=""https://www.last.fm/music/Mercedes+Sosa"">Read more on Last.fm</a>";Atahualpa Yupanqui, Violeta Parra, Pedro Aznar, Facundo Cabral, Los Chalchaleros
10606;Mercedes Sosa;Ay! Este Azul!;A Que Florezca Mi Pueblo (Slidepack);album;2011;;-1;270728;4738518;"Mercedes Sosa (San Miguel de Tucumán, 9 de julio de 1935 - Buenos Aires, 4 de octubre de 2009), fue una cantante argentina muy reconocida en América Latina y Europa. Considerada la ""voz de América Latina""; con sus raíces en la música folclórica argentina, se convirtió en una de las exponentes principales de la nueva canción, incursionando en géneros como el tango, el rock, el pop, etc. En palabras de su compatriota Fito Páez: ""Mercedes Sosa es la mejor cantante que ha dado este país"". <a href=""https://www.last.fm/music/Mercedes+Sosa"">Read more on Last.fm</a>";Atahualpa Yupanqui, Violeta Parra, Pedro Aznar, Facundo Cabral, Los Chalchaleros
10606;Mercedes Sosa;O Que Será (with Daniela Mercury);Cantora 2;colaboracion;2021;;-1;270728;4738518;"Mercedes Sosa (San Miguel de Tucumán, 9 de julio de 1935 - Buenos Aires, 4 de octubre de 2009), fue una cantante argentina muy reconocida en América Latina y Europa. Considerada la ""voz de América Latina""; con sus raíces en la música folclórica argentina, se convirtió en una de las exponentes principales de la nueva canción, incursionando en géneros como el tango, el rock, el pop, etc. En palabras de su compatriota Fito Páez: ""Mercedes Sosa es la mejor cantante que ha dado este país"". <a href=""https://www.last.fm/music/Mercedes+Sosa"">Read more on Last.fm</a>";Atahualpa Yupanqui, Violeta Parra, Pedro Aznar, Facundo Cabral, Los Chalchaleros
10606;Mercedes Sosa;Zamba Por Vos;Al Despertar;album;1999;Latino;197;270728;4738518;"Mercedes Sosa (San Miguel de Tucumán, 9 de julio de 1935 - Buenos Aires, 4 de octubre de 2009), fue una cantante argentina muy reconocida en América Latina y Europa. Considerada la ""voz de América Latina""; con sus raíces en la música folclórica argentina, se convirtió en una de las exponentes principales de la nueva canción, incursionando en géneros como el tango, el rock, el pop, etc. En palabras de su compatriota Fito Páez: ""Mercedes Sosa es la mejor cantante que ha dado este país"". <a href=""https://www.last.fm/music/Mercedes+Sosa"">Read more on Last.fm</a>";Atahualpa Yupanqui, Violeta Parra, Pedro Aznar, Facundo Cabral, Los Chalchaleros
10606;Mercedes Sosa;Aquellas Pequeñas Cosas (with Joan Manuel Serrat);Mercedes Sosa Cantora Éxitos;colaboracion;2021;Pop;132;270728;4738518;"Mercedes Sosa (San Miguel de Tucumán, 9 de julio de 1935 - Buenos Aires, 4 de octubre de 2009), fue una cantante argentina muy reconocida en América Latina y Europa. Considerada la ""voz de América Latina""; con sus raíces en la música folclórica argentina, se convirtió en una de las exponentes principales de la nueva canción, incursionando en géneros como el tango, el rock, el pop, etc. En palabras de su compatriota Fito Páez: ""Mercedes Sosa es la mejor cantante que ha dado este país"". <a href=""https://www.last.fm/music/Mercedes+Sosa"">Read more on Last.fm</a>";Atahualpa Yupanqui, Violeta Parra, Pedro Aznar, Facundo Cabral, Los Chalchaleros
10606;Mercedes Sosa;Ramírez: Kyrie (Vidala-Baguala);Ariel Ramirez: Misa Criolla / Navidad Nuestra;album;2000;Clásica;98;270728;4738518;"Mercedes Sosa (San Miguel de Tucumán, 9 de julio de 1935 - Buenos Aires, 4 de octubre de 2009), fue una cantante argentina muy reconocida en América Latina y Europa. Considerada la ""voz de América Latina""; con sus raíces en la música folclórica argentina, se convirtió en una de las exponentes principales de la nueva canción, incursionando en géneros como el tango, el rock, el pop, etc. En palabras de su compatriota Fito Páez: ""Mercedes Sosa es la mejor cantante que ha dado este país"". <a href=""https://www.last.fm/music/Mercedes+Sosa"">Read more on Last.fm</a>";Atahualpa Yupanqui, Violeta Parra, Pedro Aznar, Facundo Cabral, Los Chalchaleros
10606;Mercedes Sosa;Jamás Te Olvidaré (with Marcela Morelo);Los 20 de Morelo;colaboracion;2017;Pop;132;270728;4738518;"Mercedes Sosa (San Miguel de Tucumán, 9 de julio de 1935 - Buenos Aires, 4 de octubre de 2009), fue una cantante argentina muy reconocida en América Latina y Europa. Considerada la ""voz de América Latina""; con sus raíces en la música folclórica argentina, se convirtió en una de las exponentes principales de la nueva canción, incursionando en géneros como el tango, el rock, el pop, etc. En palabras de su compatriota Fito Páez: ""Mercedes Sosa es la mejor cantante que ha dado este país"". <a href=""https://www.last.fm/music/Mercedes+Sosa"">Read more on Last.fm</a>";Atahualpa Yupanqui, Violeta Parra, Pedro Aznar, Facundo Cabral, Los Chalchaleros
5390;Ana Gabriel;Mi Talismán;Lo Esencial De Ana Gabriel;album;2009;Pop;132;289213;3837343;"María Guadalupe Araujo Yong, que es su verdadero nombre, nació en Guamúchil, Sinaloa, México, un 10 de diciembre, de la pareja formada por don Ramón Araujo Valenzuela y doña Isabel Yong; una de las más importantes y triunfadoras de la música en México. La exitosa carrera de Ana Gabriel la ha hecho merecedora de muchos reconocimientos; entre ellos, más de 10 Premios 'Lo Nuestro', 'Billboard', discos de diamante, platino, oro y bronce. Pero <a href=""https://www.last.fm/music/Ana+Gabriel"">Read more on Last.fm</a>";Marisela, Rocío Dúrcal, Daniela Romo, Marco Antonio Solís, Alejandra Guzmán
5390;Ana Gabriel;Simplemente Amigos;SIMPLEMENTE AMIGOS;album;2018;Bolero;524;289213;3837343;"María Guadalupe Araujo Yong, que es su verdadero nombre, nació en Guamúchil, Sinaloa, México, un 10 de diciembre, de la pareja formada por don Ramón Araujo Valenzuela y doña Isabel Yong; una de las más importantes y triunfadoras de la música en México. La exitosa carrera de Ana Gabriel la ha hecho merecedora de muchos reconocimientos; entre ellos, más de 10 Premios 'Lo Nuestro', 'Billboard', discos de diamante, platino, oro y bronce. Pero <a href=""https://www.last.fm/music/Ana+Gabriel"">Read more on Last.fm</a>";Marisela, Rocío Dúrcal, Daniela Romo, Marco Antonio Solís, Alejandra Guzmán
5390;Ana Gabriel;Es Demasiado Tarde;La Reina Canta A Mexico;album;2006;Ranchera;512;289213;3837343;"María Guadalupe Araujo Yong, que es su verdadero nombre, nació en Guamúchil, Sinaloa, México, un 10 de diciembre, de la pareja formada por don Ramón Araujo Valenzuela y doña Isabel Yong; una de las más importantes y triunfadoras de la música en México. La exitosa carrera de Ana Gabriel la ha hecho merecedora de muchos reconocimientos; entre ellos, más de 10 Premios 'Lo Nuestro', 'Billboard', discos de diamante, platino, oro y bronce. Pero <a href=""https://www.last.fm/music/Ana+Gabriel"">Read more on Last.fm</a>";Marisela, Rocío Dúrcal, Daniela Romo, Marco Antonio Solís, Alejandra Guzmán
5390;Ana Gabriel;Obsesión;Soy Como Soy;album;1999;Bolero;524;289213;3837343;"María Guadalupe Araujo Yong, que es su verdadero nombre, nació en Guamúchil, Sinaloa, México, un 10 de diciembre, de la pareja formada por don Ramón Araujo Valenzuela y doña Isabel Yong; una de las más importantes y triunfadoras de la música en México. La exitosa carrera de Ana Gabriel la ha hecho merecedora de muchos reconocimientos; entre ellos, más de 10 Premios 'Lo Nuestro', 'Billboard', discos de diamante, platino, oro y bronce. Pero <a href=""https://www.last.fm/music/Ana+Gabriel"">Read more on Last.fm</a>";Marisela, Rocío Dúrcal, Daniela Romo, Marco Antonio Solís, Alejandra Guzmán
5390;Ana Gabriel;Quién Como Tú;Quién Como tú;album;1989;Pop;132;289213;3837343;"María Guadalupe Araujo Yong, que es su verdadero nombre, nació en Guamúchil, Sinaloa, México, un 10 de diciembre, de la pareja formada por don Ramón Araujo Valenzuela y doña Isabel Yong; una de las más importantes y triunfadoras de la música en México. La exitosa carrera de Ana Gabriel la ha hecho merecedora de muchos reconocimientos; entre ellos, más de 10 Premios 'Lo Nuestro', 'Billboard', discos de diamante, platino, oro y bronce. Pero <a href=""https://www.last.fm/music/Ana+Gabriel"">Read more on Last.fm</a>";Marisela, Rocío Dúrcal, Daniela Romo, Marco Antonio Solís, Alejandra Guzmán
5390;Ana Gabriel;¡Ay Amor!;Lo Esencial De Ana Gabriel;album;2009;Pop;132;289213;3837343;"María Guadalupe Araujo Yong, que es su verdadero nombre, nació en Guamúchil, Sinaloa, México, un 10 de diciembre, de la pareja formada por don Ramón Araujo Valenzuela y doña Isabel Yong; una de las más importantes y triunfadoras de la música en México. La exitosa carrera de Ana Gabriel la ha hecho merecedora de muchos reconocimientos; entre ellos, más de 10 Premios 'Lo Nuestro', 'Billboard', discos de diamante, platino, oro y bronce. Pero <a href=""https://www.last.fm/music/Ana+Gabriel"">Read more on Last.fm</a>";Marisela, Rocío Dúrcal, Daniela Romo, Marco Antonio Solís, Alejandra Guzmán
5390;Ana Gabriel;No Te Hago Falta;Vivencias;album;1996;Bolero;524;289213;3837343;"María Guadalupe Araujo Yong, que es su verdadero nombre, nació en Guamúchil, Sinaloa, México, un 10 de diciembre, de la pareja formada por don Ramón Araujo Valenzuela y doña Isabel Yong; una de las más importantes y triunfadoras de la música en México. La exitosa carrera de Ana Gabriel la ha hecho merecedora de muchos reconocimientos; entre ellos, más de 10 Premios 'Lo Nuestro', 'Billboard', discos de diamante, platino, oro y bronce. Pero <a href=""https://www.last.fm/music/Ana+Gabriel"">Read more on Last.fm</a>";Marisela, Rocío Dúrcal, Daniela Romo, Marco Antonio Solís, Alejandra Guzmán
5390;Ana Gabriel;Mar y Arena;Sagitario;album;1986;Pop;132;289213;3837343;"María Guadalupe Araujo Yong, que es su verdadero nombre, nació en Guamúchil, Sinaloa, México, un 10 de diciembre, de la pareja formada por don Ramón Araujo Valenzuela y doña Isabel Yong; una de las más importantes y triunfadoras de la música en México. La exitosa carrera de Ana Gabriel la ha hecho merecedora de muchos reconocimientos; entre ellos, más de 10 Premios 'Lo Nuestro', 'Billboard', discos de diamante, platino, oro y bronce. Pero <a href=""https://www.last.fm/music/Ana+Gabriel"">Read more on Last.fm</a>";Marisela, Rocío Dúrcal, Daniela Romo, Marco Antonio Solís, Alejandra Guzmán
5390;Ana Gabriel;Hechizo;Dos Clásicos;album;2010;Pop;132;289213;3837343;"María Guadalupe Araujo Yong, que es su verdadero nombre, nació en Guamúchil, Sinaloa, México, un 10 de diciembre, de la pareja formada por don Ramón Araujo Valenzuela y doña Isabel Yong; una de las más importantes y triunfadoras de la música en México. La exitosa carrera de Ana Gabriel la ha hecho merecedora de muchos reconocimientos; entre ellos, más de 10 Premios 'Lo Nuestro', 'Billboard', discos de diamante, platino, oro y bronce. Pero <a href=""https://www.last.fm/music/Ana+Gabriel"">Read more on Last.fm</a>";Marisela, Rocío Dúrcal, Daniela Romo, Marco Antonio Solís, Alejandra Guzmán
5390;Ana Gabriel;Destino;Lo Esencial De Ana Gabriel;album;2009;Pop;132;289213;3837343;"María Guadalupe Araujo Yong, que es su verdadero nombre, nació en Guamúchil, Sinaloa, México, un 10 de diciembre, de la pareja formada por don Ramón Araujo Valenzuela y doña Isabel Yong; una de las más importantes y triunfadoras de la música en México. La exitosa carrera de Ana Gabriel la ha hecho merecedora de muchos reconocimientos; entre ellos, más de 10 Premios 'Lo Nuestro', 'Billboard', discos de diamante, platino, oro y bronce. Pero <a href=""https://www.last.fm/music/Ana+Gabriel"">Read more on Last.fm</a>";Marisela, Rocío Dúrcal, Daniela Romo, Marco Antonio Solís, Alejandra Guzmán
5390;Ana Gabriel;Ahora;Dos Clásicos;album;2010;Pop;132;289213;3837343;"María Guadalupe Araujo Yong, que es su verdadero nombre, nació en Guamúchil, Sinaloa, México, un 10 de diciembre, de la pareja formada por don Ramón Araujo Valenzuela y doña Isabel Yong; una de las más importantes y triunfadoras de la música en México. La exitosa carrera de Ana Gabriel la ha hecho merecedora de muchos reconocimientos; entre ellos, más de 10 Premios 'Lo Nuestro', 'Billboard', discos de diamante, platino, oro y bronce. Pero <a href=""https://www.last.fm/music/Ana+Gabriel"">Read more on Last.fm</a>";Marisela, Rocío Dúrcal, Daniela Romo, Marco Antonio Solís, Alejandra Guzmán
5390;Ana Gabriel;Es el Amor Quien Llega;Tierra De Nadie;album;1994;Pop;132;289213;3837343;"María Guadalupe Araujo Yong, que es su verdadero nombre, nació en Guamúchil, Sinaloa, México, un 10 de diciembre, de la pareja formada por don Ramón Araujo Valenzuela y doña Isabel Yong; una de las más importantes y triunfadoras de la música en México. La exitosa carrera de Ana Gabriel la ha hecho merecedora de muchos reconocimientos; entre ellos, más de 10 Premios 'Lo Nuestro', 'Billboard', discos de diamante, platino, oro y bronce. Pero <a href=""https://www.last.fm/music/Ana+Gabriel"">Read more on Last.fm</a>";Marisela, Rocío Dúrcal, Daniela Romo, Marco Antonio Solís, Alejandra Guzmán
5390;Ana Gabriel;Tú Lo Decidiste;La Reina Canta A Mexico;album;2006;Ranchera;512;289213;3837343;"María Guadalupe Araujo Yong, que es su verdadero nombre, nació en Guamúchil, Sinaloa, México, un 10 de diciembre, de la pareja formada por don Ramón Araujo Valenzuela y doña Isabel Yong; una de las más importantes y triunfadoras de la música en México. La exitosa carrera de Ana Gabriel la ha hecho merecedora de muchos reconocimientos; entre ellos, más de 10 Premios 'Lo Nuestro', 'Billboard', discos de diamante, platino, oro y bronce. Pero <a href=""https://www.last.fm/music/Ana+Gabriel"">Read more on Last.fm</a>";Marisela, Rocío Dúrcal, Daniela Romo, Marco Antonio Solís, Alejandra Guzmán
5390;Ana Gabriel;No Entiendo;Dos Clásicos;album;2010;Pop;132;289213;3837343;"María Guadalupe Araujo Yong, que es su verdadero nombre, nació en Guamúchil, Sinaloa, México, un 10 de diciembre, de la pareja formada por don Ramón Araujo Valenzuela y doña Isabel Yong; una de las más importantes y triunfadoras de la música en México. La exitosa carrera de Ana Gabriel la ha hecho merecedora de muchos reconocimientos; entre ellos, más de 10 Premios 'Lo Nuestro', 'Billboard', discos de diamante, platino, oro y bronce. Pero <a href=""https://www.last.fm/music/Ana+Gabriel"">Read more on Last.fm</a>";Marisela, Rocío Dúrcal, Daniela Romo, Marco Antonio Solís, Alejandra Guzmán
5390;Ana Gabriel;A Pesar de Todo;Lo Esencial De Ana Gabriel;album;2009;Pop;132;289213;3837343;"María Guadalupe Araujo Yong, que es su verdadero nombre, nació en Guamúchil, Sinaloa, México, un 10 de diciembre, de la pareja formada por don Ramón Araujo Valenzuela y doña Isabel Yong; una de las más importantes y triunfadoras de la música en México. La exitosa carrera de Ana Gabriel la ha hecho merecedora de muchos reconocimientos; entre ellos, más de 10 Premios 'Lo Nuestro', 'Billboard', discos de diamante, platino, oro y bronce. Pero <a href=""https://www.last.fm/music/Ana+Gabriel"">Read more on Last.fm</a>";Marisela, Rocío Dúrcal, Daniela Romo, Marco Antonio Solís, Alejandra Guzmán
5390;Ana Gabriel;Eres Todo en Mí (You're My Everything);Vivencias;album;1996;Bolero;524;289213;3837343;"María Guadalupe Araujo Yong, que es su verdadero nombre, nació en Guamúchil, Sinaloa, México, un 10 de diciembre, de la pareja formada por don Ramón Araujo Valenzuela y doña Isabel Yong; una de las más importantes y triunfadoras de la música en México. La exitosa carrera de Ana Gabriel la ha hecho merecedora de muchos reconocimientos; entre ellos, más de 10 Premios 'Lo Nuestro', 'Billboard', discos de diamante, platino, oro y bronce. Pero <a href=""https://www.last.fm/music/Ana+Gabriel"">Read more on Last.fm</a>";Marisela, Rocío Dúrcal, Daniela Romo, Marco Antonio Solís, Alejandra Guzmán
5390;Ana Gabriel;Cosas del Amor (with Vikki Carr);Lo Esencial De Ana Gabriel;album;2009;Pop;132;289213;3837343;"María Guadalupe Araujo Yong, que es su verdadero nombre, nació en Guamúchil, Sinaloa, México, un 10 de diciembre, de la pareja formada por don Ramón Araujo Valenzuela y doña Isabel Yong; una de las más importantes y triunfadoras de la música en México. La exitosa carrera de Ana Gabriel la ha hecho merecedora de muchos reconocimientos; entre ellos, más de 10 Premios 'Lo Nuestro', 'Billboard', discos de diamante, platino, oro y bronce. Pero <a href=""https://www.last.fm/music/Ana+Gabriel"">Read more on Last.fm</a>";Marisela, Rocío Dúrcal, Daniela Romo, Marco Antonio Solís, Alejandra Guzmán
5390;Ana Gabriel;Medley Ranchero: Mi Talismán/No Entiendo/Hechizo (Altos De Chavón Live Version);Un Mariachi En Altos De Chavón;album;2013;;-1;289213;3837343;"María Guadalupe Araujo Yong, que es su verdadero nombre, nació en Guamúchil, Sinaloa, México, un 10 de diciembre, de la pareja formada por don Ramón Araujo Valenzuela y doña Isabel Yong; una de las más importantes y triunfadoras de la música en México. La exitosa carrera de Ana Gabriel la ha hecho merecedora de muchos reconocimientos; entre ellos, más de 10 Premios 'Lo Nuestro', 'Billboard', discos de diamante, platino, oro y bronce. Pero <a href=""https://www.last.fm/music/Ana+Gabriel"">Read more on Last.fm</a>";Marisela, Rocío Dúrcal, Daniela Romo, Marco Antonio Solís, Alejandra Guzmán
5390;Ana Gabriel;Luna;Lo Esencial De Ana Gabriel;album;2009;Pop;132;289213;3837343;"María Guadalupe Araujo Yong, que es su verdadero nombre, nació en Guamúchil, Sinaloa, México, un 10 de diciembre, de la pareja formada por don Ramón Araujo Valenzuela y doña Isabel Yong; una de las más importantes y triunfadoras de la música en México. La exitosa carrera de Ana Gabriel la ha hecho merecedora de muchos reconocimientos; entre ellos, más de 10 Premios 'Lo Nuestro', 'Billboard', discos de diamante, platino, oro y bronce. Pero <a href=""https://www.last.fm/music/Ana+Gabriel"">Read more on Last.fm</a>";Marisela, Rocío Dúrcal, Daniela Romo, Marco Antonio Solís, Alejandra Guzmán
5390;Ana Gabriel;No Me Digas (Versión Estudio);No Me Digas (Versión Estudio);single;2024;Pop;132;289213;3837343;"María Guadalupe Araujo Yong, que es su verdadero nombre, nació en Guamúchil, Sinaloa, México, un 10 de diciembre, de la pareja formada por don Ramón Araujo Valenzuela y doña Isabel Yong; una de las más importantes y triunfadoras de la música en México. La exitosa carrera de Ana Gabriel la ha hecho merecedora de muchos reconocimientos; entre ellos, más de 10 Premios 'Lo Nuestro', 'Billboard', discos de diamante, platino, oro y bronce. Pero <a href=""https://www.last.fm/music/Ana+Gabriel"">Read more on Last.fm</a>";Marisela, Rocío Dúrcal, Daniela Romo, Marco Antonio Solís, Alejandra Guzmán
5390;Ana Gabriel;Y Aquí Estoy;Sagitario;album;1986;Pop;132;289213;3837343;"María Guadalupe Araujo Yong, que es su verdadero nombre, nació en Guamúchil, Sinaloa, México, un 10 de diciembre, de la pareja formada por don Ramón Araujo Valenzuela y doña Isabel Yong; una de las más importantes y triunfadoras de la música en México. La exitosa carrera de Ana Gabriel la ha hecho merecedora de muchos reconocimientos; entre ellos, más de 10 Premios 'Lo Nuestro', 'Billboard', discos de diamante, platino, oro y bronce. Pero <a href=""https://www.last.fm/music/Ana+Gabriel"">Read more on Last.fm</a>";Marisela, Rocío Dúrcal, Daniela Romo, Marco Antonio Solís, Alejandra Guzmán
5390;Ana Gabriel;Historia de un Amor;Lo Esencial De Ana Gabriel;album;2009;Pop;132;289213;3837343;"María Guadalupe Araujo Yong, que es su verdadero nombre, nació en Guamúchil, Sinaloa, México, un 10 de diciembre, de la pareja formada por don Ramón Araujo Valenzuela y doña Isabel Yong; una de las más importantes y triunfadoras de la música en México. La exitosa carrera de Ana Gabriel la ha hecho merecedora de muchos reconocimientos; entre ellos, más de 10 Premios 'Lo Nuestro', 'Billboard', discos de diamante, platino, oro y bronce. Pero <a href=""https://www.last.fm/music/Ana+Gabriel"">Read more on Last.fm</a>";Marisela, Rocío Dúrcal, Daniela Romo, Marco Antonio Solís, Alejandra Guzmán
5390;Ana Gabriel;Besos Prohibidos;Sagitario;album;1986;Pop;132;289213;3837343;"María Guadalupe Araujo Yong, que es su verdadero nombre, nació en Guamúchil, Sinaloa, México, un 10 de diciembre, de la pareja formada por don Ramón Araujo Valenzuela y doña Isabel Yong; una de las más importantes y triunfadoras de la música en México. La exitosa carrera de Ana Gabriel la ha hecho merecedora de muchos reconocimientos; entre ellos, más de 10 Premios 'Lo Nuestro', 'Billboard', discos de diamante, platino, oro y bronce. Pero <a href=""https://www.last.fm/music/Ana+Gabriel"">Read more on Last.fm</a>";Marisela, Rocío Dúrcal, Daniela Romo, Marco Antonio Solís, Alejandra Guzmán
5390;Ana Gabriel;La Despedida;Joyas De Dos Siglos;album;1995;Bolero;524;289213;3837343;"María Guadalupe Araujo Yong, que es su verdadero nombre, nació en Guamúchil, Sinaloa, México, un 10 de diciembre, de la pareja formada por don Ramón Araujo Valenzuela y doña Isabel Yong; una de las más importantes y triunfadoras de la música en México. La exitosa carrera de Ana Gabriel la ha hecho merecedora de muchos reconocimientos; entre ellos, más de 10 Premios 'Lo Nuestro', 'Billboard', discos de diamante, platino, oro y bronce. Pero <a href=""https://www.last.fm/music/Ana+Gabriel"">Read more on Last.fm</a>";Marisela, Rocío Dúrcal, Daniela Romo, Marco Antonio Solís, Alejandra Guzmán
258580392;Ana Gabriel;Quiero Vivir La Vida Amandote;The Mask of Zorro - Music from the Motion Picture;album;1998;Clásica;98;289213;3837343;"María Guadalupe Araujo Yong, que es su verdadero nombre, nació en Guamúchil, Sinaloa, México, un 10 de diciembre, de la pareja formada por don Ramón Araujo Valenzuela y doña Isabel Yong; una de las más importantes y triunfadoras de la música en México. La exitosa carrera de Ana Gabriel la ha hecho merecedora de muchos reconocimientos; entre ellos, más de 10 Premios 'Lo Nuestro', 'Billboard', discos de diamante, platino, oro y bronce. Pero <a href=""https://www.last.fm/music/Ana+Gabriel"">Read more on Last.fm</a>";Marisela, Rocío Dúrcal, Daniela Romo, Marco Antonio Solís, Alejandra Guzmán
258580392;Ana Gabriel;Tú Me Acostumbraste;Boleros de Oro;album;2003;Latino;197;289213;3837343;"María Guadalupe Araujo Yong, que es su verdadero nombre, nació en Guamúchil, Sinaloa, México, un 10 de diciembre, de la pareja formada por don Ramón Araujo Valenzuela y doña Isabel Yong; una de las más importantes y triunfadoras de la música en México. La exitosa carrera de Ana Gabriel la ha hecho merecedora de muchos reconocimientos; entre ellos, más de 10 Premios 'Lo Nuestro', 'Billboard', discos de diamante, platino, oro y bronce. Pero <a href=""https://www.last.fm/music/Ana+Gabriel"">Read more on Last.fm</a>";Marisela, Rocío Dúrcal, Daniela Romo, Marco Antonio Solís, Alejandra Guzmán
5390;Ana Gabriel;Hasta Que Te Conocí (En Vivo - Remasterizado);"Ana Gabriel ""En Vivo""";album;1997;Latino;197;289213;3837343;"María Guadalupe Araujo Yong, que es su verdadero nombre, nació en Guamúchil, Sinaloa, México, un 10 de diciembre, de la pareja formada por don Ramón Araujo Valenzuela y doña Isabel Yong; una de las más importantes y triunfadoras de la música en México. La exitosa carrera de Ana Gabriel la ha hecho merecedora de muchos reconocimientos; entre ellos, más de 10 Premios 'Lo Nuestro', 'Billboard', discos de diamante, platino, oro y bronce. Pero <a href=""https://www.last.fm/music/Ana+Gabriel"">Read more on Last.fm</a>";Marisela, Rocío Dúrcal, Daniela Romo, Marco Antonio Solís, Alejandra Guzmán
5390;Ana Gabriel;Me Equivoqué Contigo;Con Un Mismo Corazon;album;2009;Bolero;524;289213;3837343;"María Guadalupe Araujo Yong, que es su verdadero nombre, nació en Guamúchil, Sinaloa, México, un 10 de diciembre, de la pareja formada por don Ramón Araujo Valenzuela y doña Isabel Yong; una de las más importantes y triunfadoras de la música en México. La exitosa carrera de Ana Gabriel la ha hecho merecedora de muchos reconocimientos; entre ellos, más de 10 Premios 'Lo Nuestro', 'Billboard', discos de diamante, platino, oro y bronce. Pero <a href=""https://www.last.fm/music/Ana+Gabriel"">Read more on Last.fm</a>";Marisela, Rocío Dúrcal, Daniela Romo, Marco Antonio Solís, Alejandra Guzmán
5390;Ana Gabriel;Evidencias;Silueta;album;1992;Pop;132;289213;3837343;"María Guadalupe Araujo Yong, que es su verdadero nombre, nació en Guamúchil, Sinaloa, México, un 10 de diciembre, de la pareja formada por don Ramón Araujo Valenzuela y doña Isabel Yong; una de las más importantes y triunfadoras de la música en México. La exitosa carrera de Ana Gabriel la ha hecho merecedora de muchos reconocimientos; entre ellos, más de 10 Premios 'Lo Nuestro', 'Billboard', discos de diamante, platino, oro y bronce. Pero <a href=""https://www.last.fm/music/Ana+Gabriel"">Read more on Last.fm</a>";Marisela, Rocío Dúrcal, Daniela Romo, Marco Antonio Solís, Alejandra Guzmán
5390;Ana Gabriel;La Reina;Dulce y Salado;album;2004;Pop;132;289213;3837343;"María Guadalupe Araujo Yong, que es su verdadero nombre, nació en Guamúchil, Sinaloa, México, un 10 de diciembre, de la pareja formada por don Ramón Araujo Valenzuela y doña Isabel Yong; una de las más importantes y triunfadoras de la música en México. La exitosa carrera de Ana Gabriel la ha hecho merecedora de muchos reconocimientos; entre ellos, más de 10 Premios 'Lo Nuestro', 'Billboard', discos de diamante, platino, oro y bronce. Pero <a href=""https://www.last.fm/music/Ana+Gabriel"">Read more on Last.fm</a>";Marisela, Rocío Dúrcal, Daniela Romo, Marco Antonio Solís, Alejandra Guzmán
5390;Ana Gabriel;Qué Manera de Perder;Ayer Y Hoy;album;1994;Ranchera;512;289213;3837343;"María Guadalupe Araujo Yong, que es su verdadero nombre, nació en Guamúchil, Sinaloa, México, un 10 de diciembre, de la pareja formada por don Ramón Araujo Valenzuela y doña Isabel Yong; una de las más importantes y triunfadoras de la música en México. La exitosa carrera de Ana Gabriel la ha hecho merecedora de muchos reconocimientos; entre ellos, más de 10 Premios 'Lo Nuestro', 'Billboard', discos de diamante, platino, oro y bronce. Pero <a href=""https://www.last.fm/music/Ana+Gabriel"">Read more on Last.fm</a>";Marisela, Rocío Dúrcal, Daniela Romo, Marco Antonio Solís, Alejandra Guzmán
5390;Ana Gabriel;Tú Lo Decidiste (Altos De Chavón Live Version);Un Mariachi En Altos De Chavón;album;2013;;-1;289213;3837343;"María Guadalupe Araujo Yong, que es su verdadero nombre, nació en Guamúchil, Sinaloa, México, un 10 de diciembre, de la pareja formada por don Ramón Araujo Valenzuela y doña Isabel Yong; una de las más importantes y triunfadoras de la música en México. La exitosa carrera de Ana Gabriel la ha hecho merecedora de muchos reconocimientos; entre ellos, más de 10 Premios 'Lo Nuestro', 'Billboard', discos de diamante, platino, oro y bronce. Pero <a href=""https://www.last.fm/music/Ana+Gabriel"">Read more on Last.fm</a>";Marisela, Rocío Dúrcal, Daniela Romo, Marco Antonio Solís, Alejandra Guzmán
5390;Ana Gabriel;Volver, Volver;Tradicional;album;2004;Bolero;524;289213;3837343;"María Guadalupe Araujo Yong, que es su verdadero nombre, nació en Guamúchil, Sinaloa, México, un 10 de diciembre, de la pareja formada por don Ramón Araujo Valenzuela y doña Isabel Yong; una de las más importantes y triunfadoras de la música en México. La exitosa carrera de Ana Gabriel la ha hecho merecedora de muchos reconocimientos; entre ellos, más de 10 Premios 'Lo Nuestro', 'Billboard', discos de diamante, platino, oro y bronce. Pero <a href=""https://www.last.fm/music/Ana+Gabriel"">Read more on Last.fm</a>";Marisela, Rocío Dúrcal, Daniela Romo, Marco Antonio Solís, Alejandra Guzmán
5390;Ana Gabriel;Cómo Olvidar;Mi Mexico;album;1991;Bolero;524;289213;3837343;"María Guadalupe Araujo Yong, que es su verdadero nombre, nació en Guamúchil, Sinaloa, México, un 10 de diciembre, de la pareja formada por don Ramón Araujo Valenzuela y doña Isabel Yong; una de las más importantes y triunfadoras de la música en México. La exitosa carrera de Ana Gabriel la ha hecho merecedora de muchos reconocimientos; entre ellos, más de 10 Premios 'Lo Nuestro', 'Billboard', discos de diamante, platino, oro y bronce. Pero <a href=""https://www.last.fm/music/Ana+Gabriel"">Read more on Last.fm</a>";Marisela, Rocío Dúrcal, Daniela Romo, Marco Antonio Solís, Alejandra Guzmán
5390;Ana Gabriel;Eso No Basta;Sagitario;album;1986;Pop;132;289213;3837343;"María Guadalupe Araujo Yong, que es su verdadero nombre, nació en Guamúchil, Sinaloa, México, un 10 de diciembre, de la pareja formada por don Ramón Araujo Valenzuela y doña Isabel Yong; una de las más importantes y triunfadoras de la música en México. La exitosa carrera de Ana Gabriel la ha hecho merecedora de muchos reconocimientos; entre ellos, más de 10 Premios 'Lo Nuestro', 'Billboard', discos de diamante, platino, oro y bronce. Pero <a href=""https://www.last.fm/music/Ana+Gabriel"">Read more on Last.fm</a>";Marisela, Rocío Dúrcal, Daniela Romo, Marco Antonio Solís, Alejandra Guzmán
5390;Ana Gabriel;Ni un Roce (Nem um Toque);Quién Como tú;album;1989;Pop;132;289213;3837343;"María Guadalupe Araujo Yong, que es su verdadero nombre, nació en Guamúchil, Sinaloa, México, un 10 de diciembre, de la pareja formada por don Ramón Araujo Valenzuela y doña Isabel Yong; una de las más importantes y triunfadoras de la música en México. La exitosa carrera de Ana Gabriel la ha hecho merecedora de muchos reconocimientos; entre ellos, más de 10 Premios 'Lo Nuestro', 'Billboard', discos de diamante, platino, oro y bronce. Pero <a href=""https://www.last.fm/music/Ana+Gabriel"">Read more on Last.fm</a>";Marisela, Rocío Dúrcal, Daniela Romo, Marco Antonio Solís, Alejandra Guzmán
5390;Ana Gabriel;Mi Gusto Es (Altos De Chavón Live Version);Un Mariachi En Altos De Chavón;album;2013;;-1;289213;3837343;"María Guadalupe Araujo Yong, que es su verdadero nombre, nació en Guamúchil, Sinaloa, México, un 10 de diciembre, de la pareja formada por don Ramón Araujo Valenzuela y doña Isabel Yong; una de las más importantes y triunfadoras de la música en México. La exitosa carrera de Ana Gabriel la ha hecho merecedora de muchos reconocimientos; entre ellos, más de 10 Premios 'Lo Nuestro', 'Billboard', discos de diamante, platino, oro y bronce. Pero <a href=""https://www.last.fm/music/Ana+Gabriel"">Read more on Last.fm</a>";Marisela, Rocío Dúrcal, Daniela Romo, Marco Antonio Solís, Alejandra Guzmán
5390;Ana Gabriel;Pecado Original;Lo Esencial De Ana Gabriel;album;2009;Pop;132;289213;3837343;"María Guadalupe Araujo Yong, que es su verdadero nombre, nació en Guamúchil, Sinaloa, México, un 10 de diciembre, de la pareja formada por don Ramón Araujo Valenzuela y doña Isabel Yong; una de las más importantes y triunfadoras de la música en México. La exitosa carrera de Ana Gabriel la ha hecho merecedora de muchos reconocimientos; entre ellos, más de 10 Premios 'Lo Nuestro', 'Billboard', discos de diamante, platino, oro y bronce. Pero <a href=""https://www.last.fm/music/Ana+Gabriel"">Read more on Last.fm</a>";Marisela, Rocío Dúrcal, Daniela Romo, Marco Antonio Solís, Alejandra Guzmán
5390;Ana Gabriel;No a Pedir Perdón;Soy Como Soy;album;1999;Bolero;524;289213;3837343;"María Guadalupe Araujo Yong, que es su verdadero nombre, nació en Guamúchil, Sinaloa, México, un 10 de diciembre, de la pareja formada por don Ramón Araujo Valenzuela y doña Isabel Yong; una de las más importantes y triunfadoras de la música en México. La exitosa carrera de Ana Gabriel la ha hecho merecedora de muchos reconocimientos; entre ellos, más de 10 Premios 'Lo Nuestro', 'Billboard', discos de diamante, platino, oro y bronce. Pero <a href=""https://www.last.fm/music/Ana+Gabriel"">Read more on Last.fm</a>";Marisela, Rocío Dúrcal, Daniela Romo, Marco Antonio Solís, Alejandra Guzmán
5390;Ana Gabriel;Destino (Altos De Chavón Live Version);Altos De Chavón El Concierto;album;2013;Pop;132;289213;3837343;"María Guadalupe Araujo Yong, que es su verdadero nombre, nació en Guamúchil, Sinaloa, México, un 10 de diciembre, de la pareja formada por don Ramón Araujo Valenzuela y doña Isabel Yong; una de las más importantes y triunfadoras de la música en México. La exitosa carrera de Ana Gabriel la ha hecho merecedora de muchos reconocimientos; entre ellos, más de 10 Premios 'Lo Nuestro', 'Billboard', discos de diamante, platino, oro y bronce. Pero <a href=""https://www.last.fm/music/Ana+Gabriel"">Read more on Last.fm</a>";Marisela, Rocío Dúrcal, Daniela Romo, Marco Antonio Solís, Alejandra Guzmán
5390;Ana Gabriel;Es Tarde Ya;Vivencias;album;1996;Bolero;524;289213;3837343;"María Guadalupe Araujo Yong, que es su verdadero nombre, nació en Guamúchil, Sinaloa, México, un 10 de diciembre, de la pareja formada por don Ramón Araujo Valenzuela y doña Isabel Yong; una de las más importantes y triunfadoras de la música en México. La exitosa carrera de Ana Gabriel la ha hecho merecedora de muchos reconocimientos; entre ellos, más de 10 Premios 'Lo Nuestro', 'Billboard', discos de diamante, platino, oro y bronce. Pero <a href=""https://www.last.fm/music/Ana+Gabriel"">Read more on Last.fm</a>";Marisela, Rocío Dúrcal, Daniela Romo, Marco Antonio Solís, Alejandra Guzmán
5390;Ana Gabriel;Con un Mismo Corazón (with Vicente Fernández);Con Un Mismo Corazon;album;2009;Bolero;524;289213;3837343;"María Guadalupe Araujo Yong, que es su verdadero nombre, nació en Guamúchil, Sinaloa, México, un 10 de diciembre, de la pareja formada por don Ramón Araujo Valenzuela y doña Isabel Yong; una de las más importantes y triunfadoras de la música en México. La exitosa carrera de Ana Gabriel la ha hecho merecedora de muchos reconocimientos; entre ellos, más de 10 Premios 'Lo Nuestro', 'Billboard', discos de diamante, platino, oro y bronce. Pero <a href=""https://www.last.fm/music/Ana+Gabriel"">Read more on Last.fm</a>";Marisela, Rocío Dúrcal, Daniela Romo, Marco Antonio Solís, Alejandra Guzmán
5390;Ana Gabriel;Paz en Este Amor;Con Un Mismo Corazon;album;2009;Bolero;524;289213;3837343;"María Guadalupe Araujo Yong, que es su verdadero nombre, nació en Guamúchil, Sinaloa, México, un 10 de diciembre, de la pareja formada por don Ramón Araujo Valenzuela y doña Isabel Yong; una de las más importantes y triunfadoras de la música en México. La exitosa carrera de Ana Gabriel la ha hecho merecedora de muchos reconocimientos; entre ellos, más de 10 Premios 'Lo Nuestro', 'Billboard', discos de diamante, platino, oro y bronce. Pero <a href=""https://www.last.fm/music/Ana+Gabriel"">Read more on Last.fm</a>";Marisela, Rocío Dúrcal, Daniela Romo, Marco Antonio Solís, Alejandra Guzmán
5390;Ana Gabriel;Dos Locos de Amor;Dos Clásicos;album;2010;Pop;132;289213;3837343;"María Guadalupe Araujo Yong, que es su verdadero nombre, nació en Guamúchil, Sinaloa, México, un 10 de diciembre, de la pareja formada por don Ramón Araujo Valenzuela y doña Isabel Yong; una de las más importantes y triunfadoras de la música en México. La exitosa carrera de Ana Gabriel la ha hecho merecedora de muchos reconocimientos; entre ellos, más de 10 Premios 'Lo Nuestro', 'Billboard', discos de diamante, platino, oro y bronce. Pero <a href=""https://www.last.fm/music/Ana+Gabriel"">Read more on Last.fm</a>";Marisela, Rocío Dúrcal, Daniela Romo, Marco Antonio Solís, Alejandra Guzmán
1382;Suzanne Vega;Luka;RetroSpective: The Best Of Suzanne Vega;album;2018;Rock;152;1292240;17329702;"Suzanne Vega, cantante y compositora, nació el 11 de julio de 1959 en Santa Mónica, Los Ángeles, California.

A los dos años de edad, se trasladó con su familia a Nueva York. Se crió en el barrio hispano de Harlem; a los nueve años escribió su primer poema y con catorce empezó a componer canciones. Cursó estudios de danza contemporánea y frecuentó los clubes de Greenwich Village mientras asistía a clases de literatura en la escuela de arte Barnard College. <a href=""https://www.last.fm/music/Suzanne+Vega"">Read more on Last.fm</a>";Tori Amos, Aimee Mann, Tanita Tikaram, Shawn Colvin, Heather Nova
1382;Suzanne Vega;Calypso;Solitude Standing;album;1993;Pop;132;1292240;17329702;"Suzanne Vega, cantante y compositora, nació el 11 de julio de 1959 en Santa Mónica, Los Ángeles, California.

A los dos años de edad, se trasladó con su familia a Nueva York. Se crió en el barrio hispano de Harlem; a los nueve años escribió su primer poema y con catorce empezó a componer canciones. Cursó estudios de danza contemporánea y frecuentó los clubes de Greenwich Village mientras asistía a clases de literatura en la escuela de arte Barnard College. <a href=""https://www.last.fm/music/Suzanne+Vega"">Read more on Last.fm</a>";Tori Amos, Aimee Mann, Tanita Tikaram, Shawn Colvin, Heather Nova
1382;Suzanne Vega;Language;Solitude Standing;album;1993;Pop;132;1292240;17329702;"Suzanne Vega, cantante y compositora, nació el 11 de julio de 1959 en Santa Mónica, Los Ángeles, California.

A los dos años de edad, se trasladó con su familia a Nueva York. Se crió en el barrio hispano de Harlem; a los nueve años escribió su primer poema y con catorce empezó a componer canciones. Cursó estudios de danza contemporánea y frecuentó los clubes de Greenwich Village mientras asistía a clases de literatura en la escuela de arte Barnard College. <a href=""https://www.last.fm/music/Suzanne+Vega"">Read more on Last.fm</a>";Tori Amos, Aimee Mann, Tanita Tikaram, Shawn Colvin, Heather Nova
1382;Suzanne Vega;Gypsy;Solitude Standing;album;1993;Pop;132;1292240;17329702;"Suzanne Vega, cantante y compositora, nació el 11 de julio de 1959 en Santa Mónica, Los Ángeles, California.

A los dos años de edad, se trasladó con su familia a Nueva York. Se crió en el barrio hispano de Harlem; a los nueve años escribió su primer poema y con catorce empezó a componer canciones. Cursó estudios de danza contemporánea y frecuentó los clubes de Greenwich Village mientras asistía a clases de literatura en la escuela de arte Barnard College. <a href=""https://www.last.fm/music/Suzanne+Vega"">Read more on Last.fm</a>";Tori Amos, Aimee Mann, Tanita Tikaram, Shawn Colvin, Heather Nova
1382;Suzanne Vega;Solitude Standing;Solitude Standing;album;1993;Pop;132;1292240;17329702;"Suzanne Vega, cantante y compositora, nació el 11 de julio de 1959 en Santa Mónica, Los Ángeles, California.

A los dos años de edad, se trasladó con su familia a Nueva York. Se crió en el barrio hispano de Harlem; a los nueve años escribió su primer poema y con catorce empezó a componer canciones. Cursó estudios de danza contemporánea y frecuentó los clubes de Greenwich Village mientras asistía a clases de literatura en la escuela de arte Barnard College. <a href=""https://www.last.fm/music/Suzanne+Vega"">Read more on Last.fm</a>";Tori Amos, Aimee Mann, Tanita Tikaram, Shawn Colvin, Heather Nova
1382;Suzanne Vega;Night Vision;Solitude Standing;album;1993;Pop;132;1292240;17329702;"Suzanne Vega, cantante y compositora, nació el 11 de julio de 1959 en Santa Mónica, Los Ángeles, California.

A los dos años de edad, se trasladó con su familia a Nueva York. Se crió en el barrio hispano de Harlem; a los nueve años escribió su primer poema y con catorce empezó a componer canciones. Cursó estudios de danza contemporánea y frecuentó los clubes de Greenwich Village mientras asistía a clases de literatura en la escuela de arte Barnard College. <a href=""https://www.last.fm/music/Suzanne+Vega"">Read more on Last.fm</a>";Tori Amos, Aimee Mann, Tanita Tikaram, Shawn Colvin, Heather Nova
1382;Suzanne Vega;Wooden Horse (Casper Hauser's Song);Solitude Standing;album;1993;Pop;132;1292240;17329702;"Suzanne Vega, cantante y compositora, nació el 11 de julio de 1959 en Santa Mónica, Los Ángeles, California.

A los dos años de edad, se trasladó con su familia a Nueva York. Se crió en el barrio hispano de Harlem; a los nueve años escribió su primer poema y con catorce empezó a componer canciones. Cursó estudios de danza contemporánea y frecuentó los clubes de Greenwich Village mientras asistía a clases de literatura en la escuela de arte Barnard College. <a href=""https://www.last.fm/music/Suzanne+Vega"">Read more on Last.fm</a>";Tori Amos, Aimee Mann, Tanita Tikaram, Shawn Colvin, Heather Nova
1382;Suzanne Vega;Cracking;Suzanne Vega;album;2018;Pop;132;1292240;17329702;"Suzanne Vega, cantante y compositora, nació el 11 de julio de 1959 en Santa Mónica, Los Ángeles, California.

A los dos años de edad, se trasladó con su familia a Nueva York. Se crió en el barrio hispano de Harlem; a los nueve años escribió su primer poema y con catorce empezó a componer canciones. Cursó estudios de danza contemporánea y frecuentó los clubes de Greenwich Village mientras asistía a clases de literatura en la escuela de arte Barnard College. <a href=""https://www.last.fm/music/Suzanne+Vega"">Read more on Last.fm</a>";Tori Amos, Aimee Mann, Tanita Tikaram, Shawn Colvin, Heather Nova
1382;Suzanne Vega;Tom's Diner;Tom's Diner;single;2022;Pop;132;1292240;17329702;"Suzanne Vega, cantante y compositora, nació el 11 de julio de 1959 en Santa Mónica, Los Ángeles, California.

A los dos años de edad, se trasladó con su familia a Nueva York. Se crió en el barrio hispano de Harlem; a los nueve años escribió su primer poema y con catorce empezó a componer canciones. Cursó estudios de danza contemporánea y frecuentó los clubes de Greenwich Village mientras asistía a clases de literatura en la escuela de arte Barnard College. <a href=""https://www.last.fm/music/Suzanne+Vega"">Read more on Last.fm</a>";Tori Amos, Aimee Mann, Tanita Tikaram, Shawn Colvin, Heather Nova
1382;Suzanne Vega;Luka;Back In Old Amsterdam;album;2023;Rock;152;1292240;17329702;"Suzanne Vega, cantante y compositora, nació el 11 de julio de 1959 en Santa Mónica, Los Ángeles, California.

A los dos años de edad, se trasladó con su familia a Nueva York. Se crió en el barrio hispano de Harlem; a los nueve años escribió su primer poema y con catorce empezó a componer canciones. Cursó estudios de danza contemporánea y frecuentó los clubes de Greenwich Village mientras asistía a clases de literatura en la escuela de arte Barnard College. <a href=""https://www.last.fm/music/Suzanne+Vega"">Read more on Last.fm</a>";Tori Amos, Aimee Mann, Tanita Tikaram, Shawn Colvin, Heather Nova
1382;Suzanne Vega;In The Eye;Solitude Standing;album;1993;Pop;132;1292240;17329702;"Suzanne Vega, cantante y compositora, nació el 11 de julio de 1959 en Santa Mónica, Los Ángeles, California.

A los dos años de edad, se trasladó con su familia a Nueva York. Se crió en el barrio hispano de Harlem; a los nueve años escribió su primer poema y con catorce empezó a componer canciones. Cursó estudios de danza contemporánea y frecuentó los clubes de Greenwich Village mientras asistía a clases de literatura en la escuela de arte Barnard College. <a href=""https://www.last.fm/music/Suzanne+Vega"">Read more on Last.fm</a>";Tori Amos, Aimee Mann, Tanita Tikaram, Shawn Colvin, Heather Nova
1382;Suzanne Vega;Caramel;The Best Of Suzanne Vega - Tried And True;album;1998;Pop;132;1292240;17329702;"Suzanne Vega, cantante y compositora, nació el 11 de julio de 1959 en Santa Mónica, Los Ángeles, California.

A los dos años de edad, se trasladó con su familia a Nueva York. Se crió en el barrio hispano de Harlem; a los nueve años escribió su primer poema y con catorce empezó a componer canciones. Cursó estudios de danza contemporánea y frecuentó los clubes de Greenwich Village mientras asistía a clases de literatura en la escuela de arte Barnard College. <a href=""https://www.last.fm/music/Suzanne+Vega"">Read more on Last.fm</a>";Tori Amos, Aimee Mann, Tanita Tikaram, Shawn Colvin, Heather Nova
10014;Alison Moyet;All Cried Out (Remastered);The Best Of: 25 Years Revisited;album;2019;Pop;132;397643;4030290;"Genevieve Alison Jane Moyet nació el 18 de junio del año 1961) en Billericay, Essex, Inglaterra. Su padre es francés y su madre, inglesa. Creció en Basildon, donde fue al colegio hasta los 16 años.

Es cantante de pop, rock y blues. Aunque participó en bandas de rock y blues desde finales de la década de 1970, se hizo famosa como cantante de pop al formar el duo Yazoo en 1981, junto a Vince Clarke.

En 1983 decidieron disolver Yazoo. Vince Clarke pasó a formar parte del grupo Erasure y Alison Moyet comenzó su carrera de solista. <a href=""https://www.last.fm/music/Alison+Moyet"">Read more on Last.fm</a>";Yazoo, Bananarama, T'Pau, Kim Wilde, Paul Young
10014;Alison Moyet;Is This Love? (Remastered);The Best Of: 25 Years Revisited;album;2019;Pop;132;397643;4030290;"Genevieve Alison Jane Moyet nació el 18 de junio del año 1961) en Billericay, Essex, Inglaterra. Su padre es francés y su madre, inglesa. Creció en Basildon, donde fue al colegio hasta los 16 años.

Es cantante de pop, rock y blues. Aunque participó en bandas de rock y blues desde finales de la década de 1970, se hizo famosa como cantante de pop al formar el duo Yazoo en 1981, junto a Vince Clarke.

En 1983 decidieron disolver Yazoo. Vince Clarke pasó a formar parte del grupo Erasure y Alison Moyet comenzó su carrera de solista. <a href=""https://www.last.fm/music/Alison+Moyet"">Read more on Last.fm</a>";Yazoo, Bananarama, T'Pau, Kim Wilde, Paul Young
10014;Alison Moyet;Weak in the Presence of Beauty;Alison Moyet - The Essential Collection;album;2001;Pop;132;397643;4030290;"Genevieve Alison Jane Moyet nació el 18 de junio del año 1961) en Billericay, Essex, Inglaterra. Su padre es francés y su madre, inglesa. Creció en Basildon, donde fue al colegio hasta los 16 años.

Es cantante de pop, rock y blues. Aunque participó en bandas de rock y blues desde finales de la década de 1970, se hizo famosa como cantante de pop al formar el duo Yazoo en 1981, junto a Vince Clarke.

En 1983 decidieron disolver Yazoo. Vince Clarke pasó a formar parte del grupo Erasure y Alison Moyet comenzó su carrera de solista. <a href=""https://www.last.fm/music/Alison+Moyet"">Read more on Last.fm</a>";Yazoo, Bananarama, T'Pau, Kim Wilde, Paul Young
10014;Alison Moyet;That Ole Devil Called Love (Remastered);The Best Of: 25 Years Revisited;album;2019;Pop;132;397643;4030290;"Genevieve Alison Jane Moyet nació el 18 de junio del año 1961) en Billericay, Essex, Inglaterra. Su padre es francés y su madre, inglesa. Creció en Basildon, donde fue al colegio hasta los 16 años.

Es cantante de pop, rock y blues. Aunque participó en bandas de rock y blues desde finales de la década de 1970, se hizo famosa como cantante de pop al formar el duo Yazoo en 1981, junto a Vince Clarke.

En 1983 decidieron disolver Yazoo. Vince Clarke pasó a formar parte del grupo Erasure y Alison Moyet comenzó su carrera de solista. <a href=""https://www.last.fm/music/Alison+Moyet"">Read more on Last.fm</a>";Yazoo, Bananarama, T'Pau, Kim Wilde, Paul Young
10014;Alison Moyet;Love Resurrection (Remastered);The Best Of: 25 Years Revisited;album;2019;Pop;132;397643;4030290;"Genevieve Alison Jane Moyet nació el 18 de junio del año 1961) en Billericay, Essex, Inglaterra. Su padre es francés y su madre, inglesa. Creció en Basildon, donde fue al colegio hasta los 16 años.

Es cantante de pop, rock y blues. Aunque participó en bandas de rock y blues desde finales de la década de 1970, se hizo famosa como cantante de pop al formar el duo Yazoo en 1981, junto a Vince Clarke.

En 1983 decidieron disolver Yazoo. Vince Clarke pasó a formar parte del grupo Erasure y Alison Moyet comenzó su carrera de solista. <a href=""https://www.last.fm/music/Alison+Moyet"">Read more on Last.fm</a>";Yazoo, Bananarama, T'Pau, Kim Wilde, Paul Young
10014;Alison Moyet;Love Letters (Remastered);The Best Of: 25 Years Revisited;album;2019;Pop;132;397643;4030290;"Genevieve Alison Jane Moyet nació el 18 de junio del año 1961) en Billericay, Essex, Inglaterra. Su padre es francés y su madre, inglesa. Creció en Basildon, donde fue al colegio hasta los 16 años.

Es cantante de pop, rock y blues. Aunque participó en bandas de rock y blues desde finales de la década de 1970, se hizo famosa como cantante de pop al formar el duo Yazoo en 1981, junto a Vince Clarke.

En 1983 decidieron disolver Yazoo. Vince Clarke pasó a formar parte del grupo Erasure y Alison Moyet comenzó su carrera de solista. <a href=""https://www.last.fm/music/Alison+Moyet"">Read more on Last.fm</a>";Yazoo, Bananarama, T'Pau, Kim Wilde, Paul Young
10014;Alison Moyet;Where Hides Sleep (Remastered 2009);Alf (Deluxe Version);album;2026;Pop;132;397643;4030290;"Genevieve Alison Jane Moyet nació el 18 de junio del año 1961) en Billericay, Essex, Inglaterra. Su padre es francés y su madre, inglesa. Creció en Basildon, donde fue al colegio hasta los 16 años.

Es cantante de pop, rock y blues. Aunque participó en bandas de rock y blues desde finales de la década de 1970, se hizo famosa como cantante de pop al formar el duo Yazoo en 1981, junto a Vince Clarke.

En 1983 decidieron disolver Yazoo. Vince Clarke pasó a formar parte del grupo Erasure y Alison Moyet comenzó su carrera de solista. <a href=""https://www.last.fm/music/Alison+Moyet"">Read more on Last.fm</a>";Yazoo, Bananarama, T'Pau, Kim Wilde, Paul Young
10014;Alison Moyet;Invisible (Remastered);The Best Of: 25 Years Revisited;album;2019;Pop;132;397643;4030290;"Genevieve Alison Jane Moyet nació el 18 de junio del año 1961) en Billericay, Essex, Inglaterra. Su padre es francés y su madre, inglesa. Creció en Basildon, donde fue al colegio hasta los 16 años.

Es cantante de pop, rock y blues. Aunque participó en bandas de rock y blues desde finales de la década de 1970, se hizo famosa como cantante de pop al formar el duo Yazoo en 1981, junto a Vince Clarke.

En 1983 decidieron disolver Yazoo. Vince Clarke pasó a formar parte del grupo Erasure y Alison Moyet comenzó su carrera de solista. <a href=""https://www.last.fm/music/Alison+Moyet"">Read more on Last.fm</a>";Yazoo, Bananarama, T'Pau, Kim Wilde, Paul Young
10014;Alison Moyet;Steal Me Blind;Alf;album;1985;Pop;132;397643;4030290;"Genevieve Alison Jane Moyet nació el 18 de junio del año 1961) en Billericay, Essex, Inglaterra. Su padre es francés y su madre, inglesa. Creció en Basildon, donde fue al colegio hasta los 16 años.

Es cantante de pop, rock y blues. Aunque participó en bandas de rock y blues desde finales de la década de 1970, se hizo famosa como cantante de pop al formar el duo Yazoo en 1981, junto a Vince Clarke.

En 1983 decidieron disolver Yazoo. Vince Clarke pasó a formar parte del grupo Erasure y Alison Moyet comenzó su carrera de solista. <a href=""https://www.last.fm/music/Alison+Moyet"">Read more on Last.fm</a>";Yazoo, Bananarama, T'Pau, Kim Wilde, Paul Young
10014;Alison Moyet;Invisible (Extended Version / Remastered 2016);Alf (Deluxe Version);album;2026;Pop;132;397643;4030290;"Genevieve Alison Jane Moyet nació el 18 de junio del año 1961) en Billericay, Essex, Inglaterra. Su padre es francés y su madre, inglesa. Creció en Basildon, donde fue al colegio hasta los 16 años.

Es cantante de pop, rock y blues. Aunque participó en bandas de rock y blues desde finales de la década de 1970, se hizo famosa como cantante de pop al formar el duo Yazoo en 1981, junto a Vince Clarke.

En 1983 decidieron disolver Yazoo. Vince Clarke pasó a formar parte del grupo Erasure y Alison Moyet comenzó su carrera de solista. <a href=""https://www.last.fm/music/Alison+Moyet"">Read more on Last.fm</a>";Yazoo, Bananarama, T'Pau, Kim Wilde, Paul Young
10014;Alison Moyet;Weak in the Presence of Beauty (Remastered);The Best Of: 25 Years Revisited;album;2019;Pop;132;397643;4030290;"Genevieve Alison Jane Moyet nació el 18 de junio del año 1961) en Billericay, Essex, Inglaterra. Su padre es francés y su madre, inglesa. Creció en Basildon, donde fue al colegio hasta los 16 años.

Es cantante de pop, rock y blues. Aunque participó en bandas de rock y blues desde finales de la década de 1970, se hizo famosa como cantante de pop al formar el duo Yazoo en 1981, junto a Vince Clarke.

En 1983 decidieron disolver Yazoo. Vince Clarke pasó a formar parte del grupo Erasure y Alison Moyet comenzó su carrera de solista. <a href=""https://www.last.fm/music/Alison+Moyet"">Read more on Last.fm</a>";Yazoo, Bananarama, T'Pau, Kim Wilde, Paul Young
10014;Alison Moyet;For You Only;Alf / Raindancing;album;2001;Pop;132;397643;4030290;"Genevieve Alison Jane Moyet nació el 18 de junio del año 1961) en Billericay, Essex, Inglaterra. Su padre es francés y su madre, inglesa. Creció en Basildon, donde fue al colegio hasta los 16 años.

Es cantante de pop, rock y blues. Aunque participó en bandas de rock y blues desde finales de la década de 1970, se hizo famosa como cantante de pop al formar el duo Yazoo en 1981, junto a Vince Clarke.

En 1983 decidieron disolver Yazoo. Vince Clarke pasó a formar parte del grupo Erasure y Alison Moyet comenzó su carrera de solista. <a href=""https://www.last.fm/music/Alison+Moyet"">Read more on Last.fm</a>";Yazoo, Bananarama, T'Pau, Kim Wilde, Paul Young
10014;Alison Moyet;Ordinary Girl (Remastered);The Best Of: 25 Years Revisited;album;2019;Pop;132;397643;4030290;"Genevieve Alison Jane Moyet nació el 18 de junio del año 1961) en Billericay, Essex, Inglaterra. Su padre es francés y su madre, inglesa. Creció en Basildon, donde fue al colegio hasta los 16 años.

Es cantante de pop, rock y blues. Aunque participó en bandas de rock y blues desde finales de la década de 1970, se hizo famosa como cantante de pop al formar el duo Yazoo en 1981, junto a Vince Clarke.

En 1983 decidieron disolver Yazoo. Vince Clarke pasó a formar parte del grupo Erasure y Alison Moyet comenzó su carrera de solista. <a href=""https://www.last.fm/music/Alison+Moyet"">Read more on Last.fm</a>";Yazoo, Bananarama, T'Pau, Kim Wilde, Paul Young
10014;Alison Moyet;All Cried Out;Alf;album;1985;Pop;132;397643;4030290;"Genevieve Alison Jane Moyet nació el 18 de junio del año 1961) en Billericay, Essex, Inglaterra. Su padre es francés y su madre, inglesa. Creció en Basildon, donde fue al colegio hasta los 16 años.

Es cantante de pop, rock y blues. Aunque participó en bandas de rock y blues desde finales de la década de 1970, se hizo famosa como cantante de pop al formar el duo Yazoo en 1981, junto a Vince Clarke.

En 1983 decidieron disolver Yazoo. Vince Clarke pasó a formar parte del grupo Erasure y Alison Moyet comenzó su carrera de solista. <a href=""https://www.last.fm/music/Alison+Moyet"">Read more on Last.fm</a>";Yazoo, Bananarama, T'Pau, Kim Wilde, Paul Young
10014;Alison Moyet;Is This Love? (L.A. Mix / Remastered 2016);Raindancing (Deluxe Version);album;2026;Pop;132;397643;4030290;"Genevieve Alison Jane Moyet nació el 18 de junio del año 1961) en Billericay, Essex, Inglaterra. Su padre es francés y su madre, inglesa. Creció en Basildon, donde fue al colegio hasta los 16 años.

Es cantante de pop, rock y blues. Aunque participó en bandas de rock y blues desde finales de la década de 1970, se hizo famosa como cantante de pop al formar el duo Yazoo en 1981, junto a Vince Clarke.

En 1983 decidieron disolver Yazoo. Vince Clarke pasó a formar parte del grupo Erasure y Alison Moyet comenzó su carrera de solista. <a href=""https://www.last.fm/music/Alison+Moyet"">Read more on Last.fm</a>";Yazoo, Bananarama, T'Pau, Kim Wilde, Paul Young
10014;Alison Moyet;Midnight (Live: In Session);Alison Moyet The Best Of: 25 Years Revisited;album;2009;Pop;132;397643;4030290;"Genevieve Alison Jane Moyet nació el 18 de junio del año 1961) en Billericay, Essex, Inglaterra. Su padre es francés y su madre, inglesa. Creció en Basildon, donde fue al colegio hasta los 16 años.

Es cantante de pop, rock y blues. Aunque participó en bandas de rock y blues desde finales de la década de 1970, se hizo famosa como cantante de pop al formar el duo Yazoo en 1981, junto a Vince Clarke.

En 1983 decidieron disolver Yazoo. Vince Clarke pasó a formar parte del grupo Erasure y Alison Moyet comenzó su carrera de solista. <a href=""https://www.last.fm/music/Alison+Moyet"">Read more on Last.fm</a>";Yazoo, Bananarama, T'Pau, Kim Wilde, Paul Young
10014;Alison Moyet;It Won't Be Long (Album Version);Alison Moyet - The Essential Collection;album;2001;Pop;132;397643;4030290;"Genevieve Alison Jane Moyet nació el 18 de junio del año 1961) en Billericay, Essex, Inglaterra. Su padre es francés y su madre, inglesa. Creció en Basildon, donde fue al colegio hasta los 16 años.

Es cantante de pop, rock y blues. Aunque participó en bandas de rock y blues desde finales de la década de 1970, se hizo famosa como cantante de pop al formar el duo Yazoo en 1981, junto a Vince Clarke.

En 1983 decidieron disolver Yazoo. Vince Clarke pasó a formar parte del grupo Erasure y Alison Moyet comenzó su carrera de solista. <a href=""https://www.last.fm/music/Alison+Moyet"">Read more on Last.fm</a>";Yazoo, Bananarama, T'Pau, Kim Wilde, Paul Young
10014;Alison Moyet;Wishing You Were Here (Album Version);Alison Moyet - The Essential Collection;album;2001;Pop;132;397643;4030290;"Genevieve Alison Jane Moyet nació el 18 de junio del año 1961) en Billericay, Essex, Inglaterra. Su padre es francés y su madre, inglesa. Creció en Basildon, donde fue al colegio hasta los 16 años.

Es cantante de pop, rock y blues. Aunque participó en bandas de rock y blues desde finales de la década de 1970, se hizo famosa como cantante de pop al formar el duo Yazoo en 1981, junto a Vince Clarke.

En 1983 decidieron disolver Yazoo. Vince Clarke pasó a formar parte del grupo Erasure y Alison Moyet comenzó su carrera de solista. <a href=""https://www.last.fm/music/Alison+Moyet"">Read more on Last.fm</a>";Yazoo, Bananarama, T'Pau, Kim Wilde, Paul Young
10014;Alison Moyet;This House;Alison Moyet - The Essential Collection;album;2001;Pop;132;397643;4030290;"Genevieve Alison Jane Moyet nació el 18 de junio del año 1961) en Billericay, Essex, Inglaterra. Su padre es francés y su madre, inglesa. Creció en Basildon, donde fue al colegio hasta los 16 años.

Es cantante de pop, rock y blues. Aunque participó en bandas de rock y blues desde finales de la década de 1970, se hizo famosa como cantante de pop al formar el duo Yazoo en 1981, junto a Vince Clarke.

En 1983 decidieron disolver Yazoo. Vince Clarke pasó a formar parte del grupo Erasure y Alison Moyet comenzó su carrera de solista. <a href=""https://www.last.fm/music/Alison+Moyet"">Read more on Last.fm</a>";Yazoo, Bananarama, T'Pau, Kim Wilde, Paul Young
10014;Alison Moyet;Ne Me Quitte Pas (Album Version);Alison Moyet - The Essential Collection;album;2001;Pop;132;397643;4030290;"Genevieve Alison Jane Moyet nació el 18 de junio del año 1961) en Billericay, Essex, Inglaterra. Su padre es francés y su madre, inglesa. Creció en Basildon, donde fue al colegio hasta los 16 años.

Es cantante de pop, rock y blues. Aunque participó en bandas de rock y blues desde finales de la década de 1970, se hizo famosa como cantante de pop al formar el duo Yazoo en 1981, junto a Vince Clarke.

En 1983 decidieron disolver Yazoo. Vince Clarke pasó a formar parte del grupo Erasure y Alison Moyet comenzó su carrera de solista. <a href=""https://www.last.fm/music/Alison+Moyet"">Read more on Last.fm</a>";Yazoo, Bananarama, T'Pau, Kim Wilde, Paul Young
10014;Alison Moyet;There Are Worse Things I Could Do;Alison Moyet - The Essential Collection;album;2001;Pop;132;397643;4030290;"Genevieve Alison Jane Moyet nació el 18 de junio del año 1961) en Billericay, Essex, Inglaterra. Su padre es francés y su madre, inglesa. Creció en Basildon, donde fue al colegio hasta los 16 años.

Es cantante de pop, rock y blues. Aunque participó en bandas de rock y blues desde finales de la década de 1970, se hizo famosa como cantante de pop al formar el duo Yazoo en 1981, junto a Vince Clarke.

En 1983 decidieron disolver Yazoo. Vince Clarke pasó a formar parte del grupo Erasure y Alison Moyet comenzó su carrera de solista. <a href=""https://www.last.fm/music/Alison+Moyet"">Read more on Last.fm</a>";Yazoo, Bananarama, T'Pau, Kim Wilde, Paul Young
10014;Alison Moyet;You Got Me Wrong (Album Version);Raindancing;album;1987;Pop;132;397643;4030290;"Genevieve Alison Jane Moyet nació el 18 de junio del año 1961) en Billericay, Essex, Inglaterra. Su padre es francés y su madre, inglesa. Creció en Basildon, donde fue al colegio hasta los 16 años.

Es cantante de pop, rock y blues. Aunque participó en bandas de rock y blues desde finales de la década de 1970, se hizo famosa como cantante de pop al formar el duo Yazoo en 1981, junto a Vince Clarke.

En 1983 decidieron disolver Yazoo. Vince Clarke pasó a formar parte del grupo Erasure y Alison Moyet comenzó su carrera de solista. <a href=""https://www.last.fm/music/Alison+Moyet"">Read more on Last.fm</a>";Yazoo, Bananarama, T'Pau, Kim Wilde, Paul Young
10014;Alison Moyet;Without You;Raindancing;album;1987;Pop;132;397643;4030290;"Genevieve Alison Jane Moyet nació el 18 de junio del año 1961) en Billericay, Essex, Inglaterra. Su padre es francés y su madre, inglesa. Creció en Basildon, donde fue al colegio hasta los 16 años.

Es cantante de pop, rock y blues. Aunque participó en bandas de rock y blues desde finales de la década de 1970, se hizo famosa como cantante de pop al formar el duo Yazoo en 1981, junto a Vince Clarke.

En 1983 decidieron disolver Yazoo. Vince Clarke pasó a formar parte del grupo Erasure y Alison Moyet comenzó su carrera de solista. <a href=""https://www.last.fm/music/Alison+Moyet"">Read more on Last.fm</a>";Yazoo, Bananarama, T'Pau, Kim Wilde, Paul Young
10014;Alison Moyet;Sleep Like Breathing (Album Version);Raindancing;album;1987;Pop;132;397643;4030290;"Genevieve Alison Jane Moyet nació el 18 de junio del año 1961) en Billericay, Essex, Inglaterra. Su padre es francés y su madre, inglesa. Creció en Basildon, donde fue al colegio hasta los 16 años.

Es cantante de pop, rock y blues. Aunque participó en bandas de rock y blues desde finales de la década de 1970, se hizo famosa como cantante de pop al formar el duo Yazoo en 1981, junto a Vince Clarke.

En 1983 decidieron disolver Yazoo. Vince Clarke pasó a formar parte del grupo Erasure y Alison Moyet comenzó su carrera de solista. <a href=""https://www.last.fm/music/Alison+Moyet"">Read more on Last.fm</a>";Yazoo, Bananarama, T'Pau, Kim Wilde, Paul Young
10014;Alison Moyet;Blow Wind Blow (Album Version);Raindancing;album;1987;Pop;132;397643;4030290;"Genevieve Alison Jane Moyet nació el 18 de junio del año 1961) en Billericay, Essex, Inglaterra. Su padre es francés y su madre, inglesa. Creció en Basildon, donde fue al colegio hasta los 16 años.

Es cantante de pop, rock y blues. Aunque participó en bandas de rock y blues desde finales de la década de 1970, se hizo famosa como cantante de pop al formar el duo Yazoo en 1981, junto a Vince Clarke.

En 1983 decidieron disolver Yazoo. Vince Clarke pasó a formar parte del grupo Erasure y Alison Moyet comenzó su carrera de solista. <a href=""https://www.last.fm/music/Alison+Moyet"">Read more on Last.fm</a>";Yazoo, Bananarama, T'Pau, Kim Wilde, Paul Young
10014;Alison Moyet;Glorious Love (Album Version);Raindancing;album;1987;Pop;132;397643;4030290;"Genevieve Alison Jane Moyet nació el 18 de junio del año 1961) en Billericay, Essex, Inglaterra. Su padre es francés y su madre, inglesa. Creció en Basildon, donde fue al colegio hasta los 16 años.

Es cantante de pop, rock y blues. Aunque participó en bandas de rock y blues desde finales de la década de 1970, se hizo famosa como cantante de pop al formar el duo Yazoo en 1981, junto a Vince Clarke.

En 1983 decidieron disolver Yazoo. Vince Clarke pasó a formar parte del grupo Erasure y Alison Moyet comenzó su carrera de solista. <a href=""https://www.last.fm/music/Alison+Moyet"">Read more on Last.fm</a>";Yazoo, Bananarama, T'Pau, Kim Wilde, Paul Young
10014;Alison Moyet;When I Say (No Giveaway);Raindancing;album;1987;Pop;132;397643;4030290;"Genevieve Alison Jane Moyet nació el 18 de junio del año 1961) en Billericay, Essex, Inglaterra. Su padre es francés y su madre, inglesa. Creció en Basildon, donde fue al colegio hasta los 16 años.

Es cantante de pop, rock y blues. Aunque participó en bandas de rock y blues desde finales de la década de 1970, se hizo famosa como cantante de pop al formar el duo Yazoo en 1981, junto a Vince Clarke.

En 1983 decidieron disolver Yazoo. Vince Clarke pasó a formar parte del grupo Erasure y Alison Moyet comenzó su carrera de solista. <a href=""https://www.last.fm/music/Alison+Moyet"">Read more on Last.fm</a>";Yazoo, Bananarama, T'Pau, Kim Wilde, Paul Young
10014;Alison Moyet;Stay;Raindancing;album;1987;Pop;132;397643;4030290;"Genevieve Alison Jane Moyet nació el 18 de junio del año 1961) en Billericay, Essex, Inglaterra. Su padre es francés y su madre, inglesa. Creció en Basildon, donde fue al colegio hasta los 16 años.

Es cantante de pop, rock y blues. Aunque participó en bandas de rock y blues desde finales de la década de 1970, se hizo famosa como cantante de pop al formar el duo Yazoo en 1981, junto a Vince Clarke.

En 1983 decidieron disolver Yazoo. Vince Clarke pasó a formar parte del grupo Erasure y Alison Moyet comenzó su carrera de solista. <a href=""https://www.last.fm/music/Alison+Moyet"">Read more on Last.fm</a>";Yazoo, Bananarama, T'Pau, Kim Wilde, Paul Young
10014;Alison Moyet;The First Time Ever I Saw Your Face (Album Version);Singles;album;1995;Pop;132;397643;4030290;"Genevieve Alison Jane Moyet nació el 18 de junio del año 1961) en Billericay, Essex, Inglaterra. Su padre es francés y su madre, inglesa. Creció en Basildon, donde fue al colegio hasta los 16 años.

Es cantante de pop, rock y blues. Aunque participó en bandas de rock y blues desde finales de la década de 1970, se hizo famosa como cantante de pop al formar el duo Yazoo en 1981, junto a Vince Clarke.

En 1983 decidieron disolver Yazoo. Vince Clarke pasó a formar parte del grupo Erasure y Alison Moyet comenzó su carrera de solista. <a href=""https://www.last.fm/music/Alison+Moyet"">Read more on Last.fm</a>";Yazoo, Bananarama, T'Pau, Kim Wilde, Paul Young
10014;Alison Moyet;Ordinary Girl;Singles;album;1995;Pop;132;397643;4030290;"Genevieve Alison Jane Moyet nació el 18 de junio del año 1961) en Billericay, Essex, Inglaterra. Su padre es francés y su madre, inglesa. Creció en Basildon, donde fue al colegio hasta los 16 años.

Es cantante de pop, rock y blues. Aunque participó en bandas de rock y blues desde finales de la década de 1970, se hizo famosa como cantante de pop al formar el duo Yazoo en 1981, junto a Vince Clarke.

En 1983 decidieron disolver Yazoo. Vince Clarke pasó a formar parte del grupo Erasure y Alison Moyet comenzó su carrera de solista. <a href=""https://www.last.fm/music/Alison+Moyet"">Read more on Last.fm</a>";Yazoo, Bananarama, T'Pau, Kim Wilde, Paul Young
10014;Alison Moyet;Falling (Album Version);Singles;album;1995;Pop;132;397643;4030290;"Genevieve Alison Jane Moyet nació el 18 de junio del año 1961) en Billericay, Essex, Inglaterra. Su padre es francés y su madre, inglesa. Creció en Basildon, donde fue al colegio hasta los 16 años.

Es cantante de pop, rock y blues. Aunque participó en bandas de rock y blues desde finales de la década de 1970, se hizo famosa como cantante de pop al formar el duo Yazoo en 1981, junto a Vince Clarke.

En 1983 decidieron disolver Yazoo. Vince Clarke pasó a formar parte del grupo Erasure y Alison Moyet comenzó su carrera de solista. <a href=""https://www.last.fm/music/Alison+Moyet"">Read more on Last.fm</a>";Yazoo, Bananarama, T'Pau, Kim Wilde, Paul Young
10014;Alison Moyet;"Whispering Your Name (7"")";Singles;album;1995;Pop;132;397643;4030290;"Genevieve Alison Jane Moyet nació el 18 de junio del año 1961) en Billericay, Essex, Inglaterra. Su padre es francés y su madre, inglesa. Creció en Basildon, donde fue al colegio hasta los 16 años.

Es cantante de pop, rock y blues. Aunque participó en bandas de rock y blues desde finales de la década de 1970, se hizo famosa como cantante de pop al formar el duo Yazoo en 1981, junto a Vince Clarke.

En 1983 decidieron disolver Yazoo. Vince Clarke pasó a formar parte del grupo Erasure y Alison Moyet comenzó su carrera de solista. <a href=""https://www.last.fm/music/Alison+Moyet"">Read more on Last.fm</a>";Yazoo, Bananarama, T'Pau, Kim Wilde, Paul Young
10014;Alison Moyet;And I Know;Essex;album;1998;Pop;132;397643;4030290;"Genevieve Alison Jane Moyet nació el 18 de junio del año 1961) en Billericay, Essex, Inglaterra. Su padre es francés y su madre, inglesa. Creció en Basildon, donde fue al colegio hasta los 16 años.

Es cantante de pop, rock y blues. Aunque participó en bandas de rock y blues desde finales de la década de 1970, se hizo famosa como cantante de pop al formar el duo Yazoo en 1981, junto a Vince Clarke.

En 1983 decidieron disolver Yazoo. Vince Clarke pasó a formar parte del grupo Erasure y Alison Moyet comenzó su carrera de solista. <a href=""https://www.last.fm/music/Alison+Moyet"">Read more on Last.fm</a>";Yazoo, Bananarama, T'Pau, Kim Wilde, Paul Young
10014;Alison Moyet;Whispering Your Name;Essex;album;1998;Pop;132;397643;4030290;"Genevieve Alison Jane Moyet nació el 18 de junio del año 1961) en Billericay, Essex, Inglaterra. Su padre es francés y su madre, inglesa. Creció en Basildon, donde fue al colegio hasta los 16 años.

Es cantante de pop, rock y blues. Aunque participó en bandas de rock y blues desde finales de la década de 1970, se hizo famosa como cantante de pop al formar el duo Yazoo en 1981, junto a Vince Clarke.

En 1983 decidieron disolver Yazoo. Vince Clarke pasó a formar parte del grupo Erasure y Alison Moyet comenzó su carrera de solista. <a href=""https://www.last.fm/music/Alison+Moyet"">Read more on Last.fm</a>";Yazoo, Bananarama, T'Pau, Kim Wilde, Paul Young
10014;Alison Moyet;Getting Into Something;Essex;album;1998;Pop;132;397643;4030290;"Genevieve Alison Jane Moyet nació el 18 de junio del año 1961) en Billericay, Essex, Inglaterra. Su padre es francés y su madre, inglesa. Creció en Basildon, donde fue al colegio hasta los 16 años.

Es cantante de pop, rock y blues. Aunque participó en bandas de rock y blues desde finales de la década de 1970, se hizo famosa como cantante de pop al formar el duo Yazoo en 1981, junto a Vince Clarke.

En 1983 decidieron disolver Yazoo. Vince Clarke pasó a formar parte del grupo Erasure y Alison Moyet comenzó su carrera de solista. <a href=""https://www.last.fm/music/Alison+Moyet"">Read more on Last.fm</a>";Yazoo, Bananarama, T'Pau, Kim Wilde, Paul Young
10014;Alison Moyet;Dorothy (Live);Essex;album;1998;Pop;132;397643;4030290;"Genevieve Alison Jane Moyet nació el 18 de junio del año 1961) en Billericay, Essex, Inglaterra. Su padre es francés y su madre, inglesa. Creció en Basildon, donde fue al colegio hasta los 16 años.

Es cantante de pop, rock y blues. Aunque participó en bandas de rock y blues desde finales de la década de 1970, se hizo famosa como cantante de pop al formar el duo Yazoo en 1981, junto a Vince Clarke.

En 1983 decidieron disolver Yazoo. Vince Clarke pasó a formar parte del grupo Erasure y Alison Moyet comenzó su carrera de solista. <a href=""https://www.last.fm/music/Alison+Moyet"">Read more on Last.fm</a>";Yazoo, Bananarama, T'Pau, Kim Wilde, Paul Young
10014;Alison Moyet;Ode to Boy II (Album Version);Essex;album;1998;Pop;132;397643;4030290;"Genevieve Alison Jane Moyet nació el 18 de junio del año 1961) en Billericay, Essex, Inglaterra. Su padre es francés y su madre, inglesa. Creció en Basildon, donde fue al colegio hasta los 16 años.

Es cantante de pop, rock y blues. Aunque participó en bandas de rock y blues desde finales de la década de 1970, se hizo famosa como cantante de pop al formar el duo Yazoo en 1981, junto a Vince Clarke.

En 1983 decidieron disolver Yazoo. Vince Clarke pasó a formar parte del grupo Erasure y Alison Moyet comenzó su carrera de solista. <a href=""https://www.last.fm/music/Alison+Moyet"">Read more on Last.fm</a>";Yazoo, Bananarama, T'Pau, Kim Wilde, Paul Young
10014;Alison Moyet;Footsteps (Album Version);Hoodoo;colaboracion;1991;Pop;132;397643;4030290;"Genevieve Alison Jane Moyet nació el 18 de junio del año 1961) en Billericay, Essex, Inglaterra. Su padre es francés y su madre, inglesa. Creció en Basildon, donde fue al colegio hasta los 16 años.

Es cantante de pop, rock y blues. Aunque participó en bandas de rock y blues desde finales de la década de 1970, se hizo famosa como cantante de pop al formar el duo Yazoo en 1981, junto a Vince Clarke.

En 1983 decidieron disolver Yazoo. Vince Clarke pasó a formar parte del grupo Erasure y Alison Moyet comenzó su carrera de solista. <a href=""https://www.last.fm/music/Alison+Moyet"">Read more on Last.fm</a>";Yazoo, Bananarama, T'Pau, Kim Wilde, Paul Young
10014;Alison Moyet;It Won't Be Long (Album Version);Hoodoo;album;1991;Pop;132;397643;4030290;"Genevieve Alison Jane Moyet nació el 18 de junio del año 1961) en Billericay, Essex, Inglaterra. Su padre es francés y su madre, inglesa. Creció en Basildon, donde fue al colegio hasta los 16 años.

Es cantante de pop, rock y blues. Aunque participó en bandas de rock y blues desde finales de la década de 1970, se hizo famosa como cantante de pop al formar el duo Yazoo en 1981, junto a Vince Clarke.

En 1983 decidieron disolver Yazoo. Vince Clarke pasó a formar parte del grupo Erasure y Alison Moyet comenzó su carrera de solista. <a href=""https://www.last.fm/music/Alison+Moyet"">Read more on Last.fm</a>";Yazoo, Bananarama, T'Pau, Kim Wilde, Paul Young
10014;Alison Moyet;Rise (Album Version);Hoodoo;colaboracion;1991;Pop;132;397643;4030290;"Genevieve Alison Jane Moyet nació el 18 de junio del año 1961) en Billericay, Essex, Inglaterra. Su padre es francés y su madre, inglesa. Creció en Basildon, donde fue al colegio hasta los 16 años.

Es cantante de pop, rock y blues. Aunque participó en bandas de rock y blues desde finales de la década de 1970, se hizo famosa como cantante de pop al formar el duo Yazoo en 1981, junto a Vince Clarke.

En 1983 decidieron disolver Yazoo. Vince Clarke pasó a formar parte del grupo Erasure y Alison Moyet comenzó su carrera de solista. <a href=""https://www.last.fm/music/Alison+Moyet"">Read more on Last.fm</a>";Yazoo, Bananarama, T'Pau, Kim Wilde, Paul Young
